[2025-04-04T14:26:31.735+0000] {manager.py:487} INFO - Processing files using up to 1 processes at a time 
[2025-04-04T14:26:31.735+0000] {manager.py:488} INFO - Process each file at most once every 30 seconds
[2025-04-04T14:26:31.736+0000] {manager.py:489} INFO - Checking for new files in /workspaces/hands-on-introduction-data-engineering-4395021/airflow/dags every 300 seconds
[2025-04-04T14:26:31.736+0000] {manager.py:758} INFO - Searching for files in /workspaces/hands-on-introduction-data-engineering-4395021/airflow/dags
[2025-04-04T14:26:31.751+0000] {manager.py:761} INFO - There are 46 files in /workspaces/hands-on-introduction-data-engineering-4395021/airflow/dags
[2025-04-04T14:26:31.892+0000] {manager.py:889} INFO - 
================================================================================
DAG File Processing Stats

File Path                                                                                                                         PID    Runtime      # DAGs    # Errors  Last Runtime    Last Run
--------------------------------------------------------------------------------------------------------------------------------  -----  ---------  --------  ----------  --------------  -------------------
/home/vscode/.local/lib/python3.10/site-packages/airflow/example_dags/example_short_circuit_operator.py                                                    0           0
/home/vscode/.local/lib/python3.10/site-packages/airflow/example_dags/example_branch_python_dop_operator_3.py                                              0           0
/home/vscode/.local/lib/python3.10/site-packages/airflow/example_dags/example_python_operator.py                                                           0           0
/home/vscode/.local/lib/python3.10/site-packages/airflow/example_dags/tutorial_dag.py                                                                      0           0
/home/vscode/.local/lib/python3.10/site-packages/airflow/example_dags/example_latest_only_with_trigger.py                                                  0           0
/home/vscode/.local/lib/python3.10/site-packages/airflow/example_dags/example_dynamic_task_mapping.py                                                      0           0
/home/vscode/.local/lib/python3.10/site-packages/airflow/example_dags/example_sensor_decorator.py                                                          0           0
/home/vscode/.local/lib/python3.10/site-packages/airflow/example_dags/example_xcomargs.py                                                                  0           0
/home/vscode/.local/lib/python3.10/site-packages/airflow/example_dags/example_branch_datetime_operator.py                                                  0           0
/home/vscode/.local/lib/python3.10/site-packages/airflow/example_dags/example_external_task_marker_dag.py                                                  0           0
/home/vscode/.local/lib/python3.10/site-packages/airflow/example_dags/example_complex.py                                                                   0           0
/home/vscode/.local/lib/python3.10/site-packages/airflow/example_dags/tutorial.py                                                                          0           0
/home/vscode/.local/lib/python3.10/site-packages/airflow/example_dags/example_setup_teardown_taskflow.py                                                   0           0
/home/vscode/.local/lib/python3.10/site-packages/airflow/example_dags/example_task_group.py                                                                0           0
/home/vscode/.local/lib/python3.10/site-packages/airflow/example_dags/example_dynamic_task_mapping_with_no_taskflow_operators.py                           0           0
/home/vscode/.local/lib/python3.10/site-packages/airflow/example_dags/example_xcom.py                                                                      0           0
/home/vscode/.local/lib/python3.10/site-packages/airflow/example_dags/example_bash_operator.py                                                             0           0
/home/vscode/.local/lib/python3.10/site-packages/airflow/example_dags/example_datasets.py                                                                  0           0
/home/vscode/.local/lib/python3.10/site-packages/airflow/example_dags/example_branch_labels.py                                                             0           0
/home/vscode/.local/lib/python3.10/site-packages/airflow/example_dags/example_sla_dag.py                                                                   0           0
/home/vscode/.local/lib/python3.10/site-packages/airflow/example_dags/example_params_ui_tutorial.py                                                        0           0
/home/vscode/.local/lib/python3.10/site-packages/airflow/example_dags/example_branch_day_of_week_operator.py                                               0           0
/home/vscode/.local/lib/python3.10/site-packages/airflow/example_dags/tutorial_taskflow_api_virtualenv.py                                                  0           0
/home/vscode/.local/lib/python3.10/site-packages/airflow/example_dags/example_setup_teardown.py                                                            0           0
/home/vscode/.local/lib/python3.10/site-packages/airflow/example_dags/example_short_circuit_decorator.py                                                   0           0
/home/vscode/.local/lib/python3.10/site-packages/airflow/example_dags/example_subdag_operator.py                                                           0           0
/home/vscode/.local/lib/python3.10/site-packages/airflow/example_dags/tutorial_taskflow_api.py                                                             0           0
/home/vscode/.local/lib/python3.10/site-packages/airflow/example_dags/example_local_kubernetes_executor.py                                                 0           0
/home/vscode/.local/lib/python3.10/site-packages/airflow/example_dags/example_dag_decorator.py                                                             0           0
/home/vscode/.local/lib/python3.10/site-packages/airflow/example_dags/example_params_trigger_ui.py                                                         0           0
/home/vscode/.local/lib/python3.10/site-packages/airflow/example_dags/example_trigger_target_dag.py                                                        0           0
/home/vscode/.local/lib/python3.10/site-packages/airflow/example_dags/example_nested_branch_dag.py                                                         0           0
/home/vscode/.local/lib/python3.10/site-packages/airflow/example_dags/example_trigger_controller_dag.py                                                    0           0
/home/vscode/.local/lib/python3.10/site-packages/airflow/example_dags/example_latest_only.py                                                               0           0
/home/vscode/.local/lib/python3.10/site-packages/airflow/example_dags/example_passing_params_via_test_command.py                                           0           0
/home/vscode/.local/lib/python3.10/site-packages/airflow/example_dags/example_time_delta_sensor_async.py                                                   0           0
/home/vscode/.local/lib/python3.10/site-packages/airflow/example_dags/example_task_group_decorator.py                                                      0           0
/home/vscode/.local/lib/python3.10/site-packages/airflow/example_dags/example_skip_dag.py                                                                  0           0
/home/vscode/.local/lib/python3.10/site-packages/airflow/example_dags/example_sensors.py                                                                   0           0
/home/vscode/.local/lib/python3.10/site-packages/airflow/example_dags/example_branch_operator_decorator.py                                                 0           0
/home/vscode/.local/lib/python3.10/site-packages/airflow/example_dags/example_kubernetes_executor.py                                                       0           0
/home/vscode/.local/lib/python3.10/site-packages/airflow/example_dags/example_branch_operator.py                                                           0           0
/home/vscode/.local/lib/python3.10/site-packages/airflow/example_dags/plugins/workday.py                                                                   0           0  0.10s           2025-04-04T14:26:31
/home/vscode/.local/lib/python3.10/site-packages/airflow/example_dags/plugins/listener_plugin.py                                                           0           0
/home/vscode/.local/lib/python3.10/site-packages/airflow/example_dags/plugins/event_listener.py                                                            0           0
/home/vscode/.local/lib/python3.10/site-packages/airflow/example_dags/subdags/subdag.py                                                                    0           0
================================================================================
[2025-04-04T14:27:02.158+0000] {manager.py:889} INFO - 
================================================================================
DAG File Processing Stats

File Path                                                                                                                         PID    Runtime      # DAGs    # Errors  Last Runtime    Last Run
--------------------------------------------------------------------------------------------------------------------------------  -----  ---------  --------  ----------  --------------  -------------------
/home/vscode/.local/lib/python3.10/site-packages/airflow/example_dags/example_branch_python_dop_operator_3.py                                              0           0
/home/vscode/.local/lib/python3.10/site-packages/airflow/example_dags/example_latest_only_with_trigger.py                                                  0           0
/home/vscode/.local/lib/python3.10/site-packages/airflow/example_dags/example_dynamic_task_mapping.py                                                      0           0
/home/vscode/.local/lib/python3.10/site-packages/airflow/example_dags/example_branch_datetime_operator.py                                                  0           0
/home/vscode/.local/lib/python3.10/site-packages/airflow/example_dags/example_external_task_marker_dag.py                                                  0           0
/home/vscode/.local/lib/python3.10/site-packages/airflow/example_dags/example_complex.py                                                                   0           0
/home/vscode/.local/lib/python3.10/site-packages/airflow/example_dags/example_setup_teardown_taskflow.py                                                   0           0  0.10s           2025-04-04T14:26:45
/home/vscode/.local/lib/python3.10/site-packages/airflow/example_dags/example_dynamic_task_mapping_with_no_taskflow_operators.py                           0           0
/home/vscode/.local/lib/python3.10/site-packages/airflow/example_dags/example_bash_operator.py                                                             0           0
/home/vscode/.local/lib/python3.10/site-packages/airflow/example_dags/example_datasets.py                                                                  0           0
/home/vscode/.local/lib/python3.10/site-packages/airflow/example_dags/example_branch_labels.py                                                             0           0
/home/vscode/.local/lib/python3.10/site-packages/airflow/example_dags/example_branch_day_of_week_operator.py                                               0           0
/home/vscode/.local/lib/python3.10/site-packages/airflow/example_dags/example_setup_teardown.py                                                            0           0  0.10s           2025-04-04T14:26:57
/home/vscode/.local/lib/python3.10/site-packages/airflow/example_dags/example_local_kubernetes_executor.py                                                 0           0  0.10s           2025-04-04T14:26:58
/home/vscode/.local/lib/python3.10/site-packages/airflow/example_dags/example_dag_decorator.py                                                             0           0
/home/vscode/.local/lib/python3.10/site-packages/airflow/example_dags/example_latest_only.py                                                               0           0
/home/vscode/.local/lib/python3.10/site-packages/airflow/example_dags/example_sensors.py                                                                   0           0
/home/vscode/.local/lib/python3.10/site-packages/airflow/example_dags/example_branch_operator_decorator.py                                                 0           0
/home/vscode/.local/lib/python3.10/site-packages/airflow/example_dags/example_kubernetes_executor.py                                                       0           0
/home/vscode/.local/lib/python3.10/site-packages/airflow/example_dags/example_branch_operator.py                                                           0           0
/home/vscode/.local/lib/python3.10/site-packages/airflow/example_dags/plugins/workday.py                                                                   0           0  0.10s           2025-04-04T14:26:31
/home/vscode/.local/lib/python3.10/site-packages/airflow/example_dags/plugins/listener_plugin.py                                                           0           0  0.10s           2025-04-04T14:26:33
/home/vscode/.local/lib/python3.10/site-packages/airflow/example_dags/plugins/event_listener.py                                                            0           0  0.10s           2025-04-04T14:26:34
/home/vscode/.local/lib/python3.10/site-packages/airflow/example_dags/subdags/subdag.py                                                                    0           0  0.20s           2025-04-04T14:26:35
/home/vscode/.local/lib/python3.10/site-packages/airflow/example_dags/example_short_circuit_operator.py                                                    1           0  0.20s           2025-04-04T14:26:44
/home/vscode/.local/lib/python3.10/site-packages/airflow/example_dags/example_python_operator.py                                                           1           0  0.20s           2025-04-04T14:26:55
/home/vscode/.local/lib/python3.10/site-packages/airflow/example_dags/tutorial_dag.py                                                                      1           0  0.21s           2025-04-04T14:26:36
/home/vscode/.local/lib/python3.10/site-packages/airflow/example_dags/example_sensor_decorator.py                                                          1           0  0.20s           2025-04-04T14:26:56
/home/vscode/.local/lib/python3.10/site-packages/airflow/example_dags/tutorial.py                                                                          1           0  0.20s           2025-04-04T14:26:39
/home/vscode/.local/lib/python3.10/site-packages/airflow/example_dags/example_task_group.py                                                                1           0  0.21s           2025-04-04T14:26:46
/home/vscode/.local/lib/python3.10/site-packages/airflow/example_dags/example_xcom.py                                                                      1           0  0.20s           2025-04-04T14:26:40
/home/vscode/.local/lib/python3.10/site-packages/airflow/example_dags/example_sla_dag.py                                                                   1           0  0.20s           2025-04-04T14:26:47
/home/vscode/.local/lib/python3.10/site-packages/airflow/example_dags/example_params_ui_tutorial.py                                                        1           0  0.20s           2025-04-04T14:26:57
/home/vscode/.local/lib/python3.10/site-packages/airflow/example_dags/tutorial_taskflow_api_virtualenv.py                                                  1           0  0.20s           2025-04-04T14:26:41
/home/vscode/.local/lib/python3.10/site-packages/airflow/example_dags/example_short_circuit_decorator.py                                                   1           0  0.52s           2025-04-04T14:26:48
/home/vscode/.local/lib/python3.10/site-packages/airflow/example_dags/tutorial_taskflow_api.py                                                             1           0  0.21s           2025-04-04T14:26:42
/home/vscode/.local/lib/python3.10/site-packages/airflow/example_dags/example_params_trigger_ui.py                                                         1           0  0.20s           2025-04-04T14:27:00
/home/vscode/.local/lib/python3.10/site-packages/airflow/example_dags/example_trigger_target_dag.py                                                        1           0  0.20s           2025-04-04T14:26:43
/home/vscode/.local/lib/python3.10/site-packages/airflow/example_dags/example_nested_branch_dag.py                                                         1           0  0.20s           2025-04-04T14:27:01
/home/vscode/.local/lib/python3.10/site-packages/airflow/example_dags/example_trigger_controller_dag.py                                                    1           0  0.20s           2025-04-04T14:26:51
/home/vscode/.local/lib/python3.10/site-packages/airflow/example_dags/example_passing_params_via_test_command.py                                           1           0  0.20s           2025-04-04T14:27:02
/home/vscode/.local/lib/python3.10/site-packages/airflow/example_dags/example_time_delta_sensor_async.py                                                   1           0  0.20s           2025-04-04T14:26:52
/home/vscode/.local/lib/python3.10/site-packages/airflow/example_dags/example_task_group_decorator.py                                                      1           0  0.21s           2025-04-04T14:26:52
/home/vscode/.local/lib/python3.10/site-packages/airflow/example_dags/example_skip_dag.py                                                                  1           0  0.20s           2025-04-04T14:26:53
/home/vscode/.local/lib/python3.10/site-packages/airflow/example_dags/example_xcomargs.py                                                                  2           0  0.20s           2025-04-04T14:26:38
/home/vscode/.local/lib/python3.10/site-packages/airflow/example_dags/example_subdag_operator.py                                                           3           0  0.20s           2025-04-04T14:26:50
================================================================================
[2025-04-04T14:27:32.536+0000] {manager.py:889} INFO - 
================================================================================
DAG File Processing Stats

File Path                                                                                                                         PID    Runtime      # DAGs    # Errors  Last Runtime    Last Run
--------------------------------------------------------------------------------------------------------------------------------  -----  ---------  --------  ----------  --------------  -------------------
/home/vscode/.local/lib/python3.10/site-packages/airflow/example_dags/example_setup_teardown_taskflow.py                                                   0           0  0.10s           2025-04-04T14:27:32
/home/vscode/.local/lib/python3.10/site-packages/airflow/example_dags/example_setup_teardown.py                                                            0           0  0.10s           2025-04-04T14:26:57
/home/vscode/.local/lib/python3.10/site-packages/airflow/example_dags/example_local_kubernetes_executor.py                                                 0           0  0.10s           2025-04-04T14:26:58
/home/vscode/.local/lib/python3.10/site-packages/airflow/example_dags/example_kubernetes_executor.py                                                       0           0  0.10s           2025-04-04T14:27:13
/home/vscode/.local/lib/python3.10/site-packages/airflow/example_dags/plugins/workday.py                                                                   0           0  0.10s           2025-04-04T14:27:20
/home/vscode/.local/lib/python3.10/site-packages/airflow/example_dags/plugins/listener_plugin.py                                                           0           0  0.10s           2025-04-04T14:27:22
/home/vscode/.local/lib/python3.10/site-packages/airflow/example_dags/plugins/event_listener.py                                                            0           0  0.10s           2025-04-04T14:27:22
/home/vscode/.local/lib/python3.10/site-packages/airflow/example_dags/subdags/subdag.py                                                                    0           0  0.10s           2025-04-04T14:27:23
/home/vscode/.local/lib/python3.10/site-packages/airflow/example_dags/example_short_circuit_operator.py                                                    1           0  0.10s           2025-04-04T14:27:31
/home/vscode/.local/lib/python3.10/site-packages/airflow/example_dags/example_branch_python_dop_operator_3.py                                              1           0  0.21s           2025-04-04T14:27:04
/home/vscode/.local/lib/python3.10/site-packages/airflow/example_dags/example_python_operator.py                                                           1           0  0.20s           2025-04-04T14:26:55
/home/vscode/.local/lib/python3.10/site-packages/airflow/example_dags/tutorial_dag.py                                                                      1           0  0.10s           2025-04-04T14:27:24
/home/vscode/.local/lib/python3.10/site-packages/airflow/example_dags/example_latest_only_with_trigger.py                                                  1           0  0.20s           2025-04-04T14:27:05
/home/vscode/.local/lib/python3.10/site-packages/airflow/example_dags/example_dynamic_task_mapping.py                                                      1           0  0.20s           2025-04-04T14:27:06
/home/vscode/.local/lib/python3.10/site-packages/airflow/example_dags/example_sensor_decorator.py                                                          1           0  0.20s           2025-04-04T14:26:56
/home/vscode/.local/lib/python3.10/site-packages/airflow/example_dags/example_complex.py                                                                   1           0  0.20s           2025-04-04T14:27:08
/home/vscode/.local/lib/python3.10/site-packages/airflow/example_dags/tutorial.py                                                                          1           0  0.11s           2025-04-04T14:27:27
/home/vscode/.local/lib/python3.10/site-packages/airflow/example_dags/example_task_group.py                                                                1           0  0.21s           2025-04-04T14:26:46
/home/vscode/.local/lib/python3.10/site-packages/airflow/example_dags/example_dynamic_task_mapping_with_no_taskflow_operators.py                           1           0  0.21s           2025-04-04T14:27:09
/home/vscode/.local/lib/python3.10/site-packages/airflow/example_dags/example_xcom.py                                                                      1           0  0.10s           2025-04-04T14:27:28
/home/vscode/.local/lib/python3.10/site-packages/airflow/example_dags/example_bash_operator.py                                                             1           0  0.20s           2025-04-04T14:27:15
/home/vscode/.local/lib/python3.10/site-packages/airflow/example_dags/example_branch_labels.py                                                             1           0  0.20s           2025-04-04T14:27:17
/home/vscode/.local/lib/python3.10/site-packages/airflow/example_dags/example_sla_dag.py                                                                   1           0  0.20s           2025-04-04T14:26:47
/home/vscode/.local/lib/python3.10/site-packages/airflow/example_dags/example_params_ui_tutorial.py                                                        1           0  0.20s           2025-04-04T14:26:57
/home/vscode/.local/lib/python3.10/site-packages/airflow/example_dags/example_branch_day_of_week_operator.py                                               1           0  0.20s           2025-04-04T14:27:17
/home/vscode/.local/lib/python3.10/site-packages/airflow/example_dags/tutorial_taskflow_api_virtualenv.py                                                  1           0  0.10s           2025-04-04T14:27:28
/home/vscode/.local/lib/python3.10/site-packages/airflow/example_dags/example_short_circuit_decorator.py                                                   1           0  0.52s           2025-04-04T14:26:48
/home/vscode/.local/lib/python3.10/site-packages/airflow/example_dags/tutorial_taskflow_api.py                                                             1           0  0.10s           2025-04-04T14:27:29
/home/vscode/.local/lib/python3.10/site-packages/airflow/example_dags/example_dag_decorator.py                                                             1           0  0.20s           2025-04-04T14:27:11
/home/vscode/.local/lib/python3.10/site-packages/airflow/example_dags/example_params_trigger_ui.py                                                         1           0  0.20s           2025-04-04T14:27:00
/home/vscode/.local/lib/python3.10/site-packages/airflow/example_dags/example_trigger_target_dag.py                                                        1           0  0.10s           2025-04-04T14:27:31
/home/vscode/.local/lib/python3.10/site-packages/airflow/example_dags/example_nested_branch_dag.py                                                         1           0  0.20s           2025-04-04T14:27:01
/home/vscode/.local/lib/python3.10/site-packages/airflow/example_dags/example_trigger_controller_dag.py                                                    1           0  0.20s           2025-04-04T14:26:51
/home/vscode/.local/lib/python3.10/site-packages/airflow/example_dags/example_latest_only.py                                                               1           0  0.20s           2025-04-04T14:27:12
/home/vscode/.local/lib/python3.10/site-packages/airflow/example_dags/example_passing_params_via_test_command.py                                           1           0  0.20s           2025-04-04T14:27:02
/home/vscode/.local/lib/python3.10/site-packages/airflow/example_dags/example_time_delta_sensor_async.py                                                   1           0  0.20s           2025-04-04T14:26:52
/home/vscode/.local/lib/python3.10/site-packages/airflow/example_dags/example_task_group_decorator.py                                                      1           0  0.21s           2025-04-04T14:26:52
/home/vscode/.local/lib/python3.10/site-packages/airflow/example_dags/example_skip_dag.py                                                                  1           0  0.20s           2025-04-04T14:26:53
/home/vscode/.local/lib/python3.10/site-packages/airflow/example_dags/example_sensors.py                                                                   1           0  0.20s           2025-04-04T14:27:02
/home/vscode/.local/lib/python3.10/site-packages/airflow/example_dags/example_branch_operator_decorator.py                                                 1           0  0.20s           2025-04-04T14:27:18
/home/vscode/.local/lib/python3.10/site-packages/airflow/example_dags/example_branch_operator.py                                                           1           0  0.20s           2025-04-04T14:27:19
/home/vscode/.local/lib/python3.10/site-packages/airflow/example_dags/example_xcomargs.py                                                                  2           0  0.10s           2025-04-04T14:27:25
/home/vscode/.local/lib/python3.10/site-packages/airflow/example_dags/example_external_task_marker_dag.py                                                  2           0  0.20s           2025-04-04T14:27:07
/home/vscode/.local/lib/python3.10/site-packages/airflow/example_dags/example_branch_datetime_operator.py                                                  3           0  0.30s           2025-04-04T14:27:14
/home/vscode/.local/lib/python3.10/site-packages/airflow/example_dags/example_subdag_operator.py                                                           3           0  0.20s           2025-04-04T14:26:50
/home/vscode/.local/lib/python3.10/site-packages/airflow/example_dags/example_datasets.py                                                                  6           0  0.30s           2025-04-04T14:27:10
================================================================================
[2025-04-04T14:28:02.762+0000] {manager.py:889} INFO - 
================================================================================
DAG File Processing Stats

File Path                                                                                                                         PID    Runtime      # DAGs    # Errors  Last Runtime    Last Run
--------------------------------------------------------------------------------------------------------------------------------  -----  ---------  --------  ----------  --------------  -------------------
/home/vscode/.local/lib/python3.10/site-packages/airflow/example_dags/example_setup_teardown_taskflow.py                                                   0           0  0.10s           2025-04-04T14:27:32
/home/vscode/.local/lib/python3.10/site-packages/airflow/example_dags/example_setup_teardown.py                                                            0           0  0.10s           2025-04-04T14:27:43
/home/vscode/.local/lib/python3.10/site-packages/airflow/example_dags/example_local_kubernetes_executor.py                                                 0           0  0.10s           2025-04-04T14:27:44
/home/vscode/.local/lib/python3.10/site-packages/airflow/example_dags/example_kubernetes_executor.py                                                       0           0  0.11s           2025-04-04T14:28:02
/home/vscode/.local/lib/python3.10/site-packages/airflow/example_dags/plugins/workday.py                                                                   0           0  0.10s           2025-04-04T14:27:52
/home/vscode/.local/lib/python3.10/site-packages/airflow/example_dags/plugins/listener_plugin.py                                                           0           0  0.10s           2025-04-04T14:27:53
/home/vscode/.local/lib/python3.10/site-packages/airflow/example_dags/plugins/event_listener.py                                                            0           0  0.10s           2025-04-04T14:27:54
/home/vscode/.local/lib/python3.10/site-packages/airflow/example_dags/subdags/subdag.py                                                                    0           0  0.10s           2025-04-04T14:27:23
/home/vscode/.local/lib/python3.10/site-packages/airflow/example_dags/example_short_circuit_operator.py                                                    1           0  0.10s           2025-04-04T14:27:31
/home/vscode/.local/lib/python3.10/site-packages/airflow/example_dags/example_branch_python_dop_operator_3.py                                              1           0  0.10s           2025-04-04T14:27:49
/home/vscode/.local/lib/python3.10/site-packages/airflow/example_dags/example_python_operator.py                                                           1           0  0.11s           2025-04-04T14:27:41
/home/vscode/.local/lib/python3.10/site-packages/airflow/example_dags/tutorial_dag.py                                                                      1           0  0.10s           2025-04-04T14:27:24
/home/vscode/.local/lib/python3.10/site-packages/airflow/example_dags/example_latest_only_with_trigger.py                                                  1           0  0.10s           2025-04-04T14:27:50
/home/vscode/.local/lib/python3.10/site-packages/airflow/example_dags/example_dynamic_task_mapping.py                                                      1           0  0.10s           2025-04-04T14:27:51
/home/vscode/.local/lib/python3.10/site-packages/airflow/example_dags/example_sensor_decorator.py                                                          1           0  0.10s           2025-04-04T14:27:42
/home/vscode/.local/lib/python3.10/site-packages/airflow/example_dags/example_complex.py                                                                   1           0  0.10s           2025-04-04T14:27:56
/home/vscode/.local/lib/python3.10/site-packages/airflow/example_dags/tutorial.py                                                                          1           0  0.11s           2025-04-04T14:27:27
/home/vscode/.local/lib/python3.10/site-packages/airflow/example_dags/example_task_group.py                                                                1           0  0.10s           2025-04-04T14:27:33
/home/vscode/.local/lib/python3.10/site-packages/airflow/example_dags/example_dynamic_task_mapping_with_no_taskflow_operators.py                           1           0  0.10s           2025-04-04T14:27:57
/home/vscode/.local/lib/python3.10/site-packages/airflow/example_dags/example_xcom.py                                                                      1           0  0.10s           2025-04-04T14:27:28
/home/vscode/.local/lib/python3.10/site-packages/airflow/example_dags/example_bash_operator.py                                                             1           0  0.20s           2025-04-04T14:27:15
/home/vscode/.local/lib/python3.10/site-packages/airflow/example_dags/example_branch_labels.py                                                             1           0  0.20s           2025-04-04T14:27:17
/home/vscode/.local/lib/python3.10/site-packages/airflow/example_dags/example_sla_dag.py                                                                   1           0  0.10s           2025-04-04T14:27:33
/home/vscode/.local/lib/python3.10/site-packages/airflow/example_dags/example_params_ui_tutorial.py                                                        1           0  0.10s           2025-04-04T14:27:42
/home/vscode/.local/lib/python3.10/site-packages/airflow/example_dags/example_branch_day_of_week_operator.py                                               1           0  0.20s           2025-04-04T14:27:17
/home/vscode/.local/lib/python3.10/site-packages/airflow/example_dags/tutorial_taskflow_api_virtualenv.py                                                  1           0  0.10s           2025-04-04T14:27:28
/home/vscode/.local/lib/python3.10/site-packages/airflow/example_dags/example_short_circuit_decorator.py                                                   1           0  0.10s           2025-04-04T14:27:35
/home/vscode/.local/lib/python3.10/site-packages/airflow/example_dags/tutorial_taskflow_api.py                                                             1           0  0.10s           2025-04-04T14:27:29
/home/vscode/.local/lib/python3.10/site-packages/airflow/example_dags/example_dag_decorator.py                                                             1           0  0.20s           2025-04-04T14:27:59
/home/vscode/.local/lib/python3.10/site-packages/airflow/example_dags/example_params_trigger_ui.py                                                         1           0  0.10s           2025-04-04T14:27:45
/home/vscode/.local/lib/python3.10/site-packages/airflow/example_dags/example_trigger_target_dag.py                                                        1           0  0.10s           2025-04-04T14:27:31
/home/vscode/.local/lib/python3.10/site-packages/airflow/example_dags/example_nested_branch_dag.py                                                         1           0  0.10s           2025-04-04T14:27:46
/home/vscode/.local/lib/python3.10/site-packages/airflow/example_dags/example_trigger_controller_dag.py                                                    1           0  0.10s           2025-04-04T14:27:37
/home/vscode/.local/lib/python3.10/site-packages/airflow/example_dags/example_latest_only.py                                                               1           0  0.10s           2025-04-04T14:28:00
/home/vscode/.local/lib/python3.10/site-packages/airflow/example_dags/example_passing_params_via_test_command.py                                           1           0  0.10s           2025-04-04T14:27:47
/home/vscode/.local/lib/python3.10/site-packages/airflow/example_dags/example_time_delta_sensor_async.py                                                   1           0  0.10s           2025-04-04T14:27:38
/home/vscode/.local/lib/python3.10/site-packages/airflow/example_dags/example_task_group_decorator.py                                                      1           0  0.10s           2025-04-04T14:27:39
/home/vscode/.local/lib/python3.10/site-packages/airflow/example_dags/example_skip_dag.py                                                                  1           0  0.10s           2025-04-04T14:27:40
/home/vscode/.local/lib/python3.10/site-packages/airflow/example_dags/example_sensors.py                                                                   1           0  0.10s           2025-04-04T14:27:48
/home/vscode/.local/lib/python3.10/site-packages/airflow/example_dags/example_branch_operator_decorator.py                                                 1           0  0.20s           2025-04-04T14:27:18
/home/vscode/.local/lib/python3.10/site-packages/airflow/example_dags/example_branch_operator.py                                                           1           0  0.20s           2025-04-04T14:27:19
/home/vscode/.local/lib/python3.10/site-packages/airflow/example_dags/example_xcomargs.py                                                                  2           0  0.10s           2025-04-04T14:27:25
/home/vscode/.local/lib/python3.10/site-packages/airflow/example_dags/example_external_task_marker_dag.py                                                  2           0  0.10s           2025-04-04T14:27:55
/home/vscode/.local/lib/python3.10/site-packages/airflow/example_dags/example_branch_datetime_operator.py                                                  3           0  0.10s           2025-04-04T14:28:02
/home/vscode/.local/lib/python3.10/site-packages/airflow/example_dags/example_subdag_operator.py                                                           3           0  0.11s           2025-04-04T14:27:36
/home/vscode/.local/lib/python3.10/site-packages/airflow/example_dags/example_datasets.py                                                                  6           0  0.10s           2025-04-04T14:27:59
================================================================================
[2025-04-04T14:28:33.035+0000] {manager.py:889} INFO - 
================================================================================
DAG File Processing Stats

File Path                                                                                                                         PID    Runtime      # DAGs    # Errors  Last Runtime    Last Run
--------------------------------------------------------------------------------------------------------------------------------  -----  ---------  --------  ----------  --------------  -------------------
/home/vscode/.local/lib/python3.10/site-packages/airflow/example_dags/example_setup_teardown_taskflow.py                                                   0           0  0.10s           2025-04-04T14:28:17
/home/vscode/.local/lib/python3.10/site-packages/airflow/example_dags/example_setup_teardown.py                                                            0           0  0.11s           2025-04-04T14:28:30
/home/vscode/.local/lib/python3.10/site-packages/airflow/example_dags/example_local_kubernetes_executor.py                                                 0           0  0.10s           2025-04-04T14:28:31
/home/vscode/.local/lib/python3.10/site-packages/airflow/example_dags/example_kubernetes_executor.py                                                       0           0  0.11s           2025-04-04T14:28:02
/home/vscode/.local/lib/python3.10/site-packages/airflow/example_dags/plugins/workday.py                                                                   0           0  0.10s           2025-04-04T14:28:23
/home/vscode/.local/lib/python3.10/site-packages/airflow/example_dags/plugins/listener_plugin.py                                                           0           0  0.10s           2025-04-04T14:27:53
/home/vscode/.local/lib/python3.10/site-packages/airflow/example_dags/plugins/event_listener.py                                                            0           0  0.10s           2025-04-04T14:27:54
/home/vscode/.local/lib/python3.10/site-packages/airflow/example_dags/subdags/subdag.py                                                                    0           0  0.10s           2025-04-04T14:28:08
/home/vscode/.local/lib/python3.10/site-packages/airflow/example_dags/example_short_circuit_operator.py                                                    1           0  0.10s           2025-04-04T14:28:16
/home/vscode/.local/lib/python3.10/site-packages/airflow/example_dags/example_branch_python_dop_operator_3.py                                              1           0  0.10s           2025-04-04T14:27:49
/home/vscode/.local/lib/python3.10/site-packages/airflow/example_dags/example_python_operator.py                                                           1           0  0.10s           2025-04-04T14:28:27
/home/vscode/.local/lib/python3.10/site-packages/airflow/example_dags/tutorial_dag.py                                                                      1           0  0.11s           2025-04-04T14:28:09
/home/vscode/.local/lib/python3.10/site-packages/airflow/example_dags/example_latest_only_with_trigger.py                                                  1           0  0.10s           2025-04-04T14:27:50
/home/vscode/.local/lib/python3.10/site-packages/airflow/example_dags/example_dynamic_task_mapping.py                                                      1           0  0.10s           2025-04-04T14:27:51
/home/vscode/.local/lib/python3.10/site-packages/airflow/example_dags/example_sensor_decorator.py                                                          1           0  0.10s           2025-04-04T14:28:28
/home/vscode/.local/lib/python3.10/site-packages/airflow/example_dags/example_complex.py                                                                   1           0  0.10s           2025-04-04T14:27:56
/home/vscode/.local/lib/python3.10/site-packages/airflow/example_dags/tutorial.py                                                                          1           0  0.10s           2025-04-04T14:28:11
/home/vscode/.local/lib/python3.10/site-packages/airflow/example_dags/example_task_group.py                                                                1           0  0.10s           2025-04-04T14:28:17
/home/vscode/.local/lib/python3.10/site-packages/airflow/example_dags/example_dynamic_task_mapping_with_no_taskflow_operators.py                           1           0  0.10s           2025-04-04T14:27:57
/home/vscode/.local/lib/python3.10/site-packages/airflow/example_dags/example_xcom.py                                                                      1           0  0.10s           2025-04-04T14:28:12
/home/vscode/.local/lib/python3.10/site-packages/airflow/example_dags/example_bash_operator.py                                                             1           0  0.10s           2025-04-04T14:28:02
/home/vscode/.local/lib/python3.10/site-packages/airflow/example_dags/example_branch_labels.py                                                             1           0  0.10s           2025-04-04T14:28:04
/home/vscode/.local/lib/python3.10/site-packages/airflow/example_dags/example_sla_dag.py                                                                   1           0  0.10s           2025-04-04T14:28:19
/home/vscode/.local/lib/python3.10/site-packages/airflow/example_dags/example_params_ui_tutorial.py                                                        1           0  0.10s           2025-04-04T14:28:29
/home/vscode/.local/lib/python3.10/site-packages/airflow/example_dags/example_branch_day_of_week_operator.py                                               1           0  0.10s           2025-04-04T14:28:04
/home/vscode/.local/lib/python3.10/site-packages/airflow/example_dags/tutorial_taskflow_api_virtualenv.py                                                  1           0  0.10s           2025-04-04T14:28:13
/home/vscode/.local/lib/python3.10/site-packages/airflow/example_dags/example_short_circuit_decorator.py                                                   1           0  0.10s           2025-04-04T14:28:20
/home/vscode/.local/lib/python3.10/site-packages/airflow/example_dags/tutorial_taskflow_api.py                                                             1           0  0.11s           2025-04-04T14:28:14
/home/vscode/.local/lib/python3.10/site-packages/airflow/example_dags/example_dag_decorator.py                                                             1           0  0.20s           2025-04-04T14:27:59
/home/vscode/.local/lib/python3.10/site-packages/airflow/example_dags/example_params_trigger_ui.py                                                         1           0  0.10s           2025-04-04T14:28:31
/home/vscode/.local/lib/python3.10/site-packages/airflow/example_dags/example_trigger_target_dag.py                                                        1           0  0.10s           2025-04-04T14:28:15
/home/vscode/.local/lib/python3.10/site-packages/airflow/example_dags/example_nested_branch_dag.py                                                         1           0  0.10s           2025-04-04T14:28:32
/home/vscode/.local/lib/python3.10/site-packages/airflow/example_dags/example_trigger_controller_dag.py                                                    1           0  0.10s           2025-04-04T14:28:22
/home/vscode/.local/lib/python3.10/site-packages/airflow/example_dags/example_latest_only.py                                                               1           0  0.10s           2025-04-04T14:28:00
/home/vscode/.local/lib/python3.10/site-packages/airflow/example_dags/example_passing_params_via_test_command.py                                           1           0  0.10s           2025-04-04T14:28:33
/home/vscode/.local/lib/python3.10/site-packages/airflow/example_dags/example_time_delta_sensor_async.py                                                   1           0  0.11s           2025-04-04T14:28:24
/home/vscode/.local/lib/python3.10/site-packages/airflow/example_dags/example_task_group_decorator.py                                                      1           0  0.10s           2025-04-04T14:28:25
/home/vscode/.local/lib/python3.10/site-packages/airflow/example_dags/example_skip_dag.py                                                                  1           0  0.10s           2025-04-04T14:28:26
/home/vscode/.local/lib/python3.10/site-packages/airflow/example_dags/example_sensors.py                                                                   1           0  0.10s           2025-04-04T14:27:48
/home/vscode/.local/lib/python3.10/site-packages/airflow/example_dags/example_branch_operator_decorator.py                                                 1           0  0.11s           2025-04-04T14:28:06
/home/vscode/.local/lib/python3.10/site-packages/airflow/example_dags/example_branch_operator.py                                                           1           0  0.10s           2025-04-04T14:28:07
/home/vscode/.local/lib/python3.10/site-packages/airflow/example_dags/example_xcomargs.py                                                                  2           0  0.10s           2025-04-04T14:28:10
/home/vscode/.local/lib/python3.10/site-packages/airflow/example_dags/example_external_task_marker_dag.py                                                  2           0  0.10s           2025-04-04T14:27:55
/home/vscode/.local/lib/python3.10/site-packages/airflow/example_dags/example_branch_datetime_operator.py                                                  3           0  0.10s           2025-04-04T14:28:02
/home/vscode/.local/lib/python3.10/site-packages/airflow/example_dags/example_subdag_operator.py                                                           3           0  0.10s           2025-04-04T14:28:21
/home/vscode/.local/lib/python3.10/site-packages/airflow/example_dags/example_datasets.py                                                                  6           0  0.10s           2025-04-04T14:27:59
================================================================================
[2025-04-04T14:29:03.217+0000] {manager.py:889} INFO - 
================================================================================
DAG File Processing Stats

File Path                                                                                                                         PID    Runtime      # DAGs    # Errors  Last Runtime    Last Run
--------------------------------------------------------------------------------------------------------------------------------  -----  ---------  --------  ----------  --------------  -------------------
/home/vscode/.local/lib/python3.10/site-packages/airflow/example_dags/example_setup_teardown_taskflow.py                                                   0           0  0.10s           2025-04-04T14:29:01
/home/vscode/.local/lib/python3.10/site-packages/airflow/example_dags/example_setup_teardown.py                                                            0           0  0.11s           2025-04-04T14:28:30
/home/vscode/.local/lib/python3.10/site-packages/airflow/example_dags/example_local_kubernetes_executor.py                                                 0           0  0.10s           2025-04-04T14:28:31
/home/vscode/.local/lib/python3.10/site-packages/airflow/example_dags/example_kubernetes_executor.py                                                       0           0  0.10s           2025-04-04T14:28:45
/home/vscode/.local/lib/python3.10/site-packages/airflow/example_dags/plugins/workday.py                                                                   0           0  0.10s           2025-04-04T14:28:23
/home/vscode/.local/lib/python3.10/site-packages/airflow/example_dags/plugins/listener_plugin.py                                                           0           0  0.10s           2025-04-04T14:28:37
/home/vscode/.local/lib/python3.10/site-packages/airflow/example_dags/plugins/event_listener.py                                                            0           0  0.10s           2025-04-04T14:28:38
/home/vscode/.local/lib/python3.10/site-packages/airflow/example_dags/subdags/subdag.py                                                                    0           0  0.10s           2025-04-04T14:28:53
/home/vscode/.local/lib/python3.10/site-packages/airflow/example_dags/example_short_circuit_operator.py                                                    1           0  0.10s           2025-04-04T14:29:00
/home/vscode/.local/lib/python3.10/site-packages/airflow/example_dags/example_branch_python_dop_operator_3.py                                              1           0  0.10s           2025-04-04T14:28:34
/home/vscode/.local/lib/python3.10/site-packages/airflow/example_dags/example_python_operator.py                                                           1           0  0.10s           2025-04-04T14:28:27
/home/vscode/.local/lib/python3.10/site-packages/airflow/example_dags/tutorial_dag.py                                                                      1           0  0.11s           2025-04-04T14:28:53
/home/vscode/.local/lib/python3.10/site-packages/airflow/example_dags/example_latest_only_with_trigger.py                                                  1           0  0.10s           2025-04-04T14:28:35
/home/vscode/.local/lib/python3.10/site-packages/airflow/example_dags/example_dynamic_task_mapping.py                                                      1           0  0.10s           2025-04-04T14:28:36
/home/vscode/.local/lib/python3.10/site-packages/airflow/example_dags/example_sensor_decorator.py                                                          1           0  0.10s           2025-04-04T14:28:28
/home/vscode/.local/lib/python3.10/site-packages/airflow/example_dags/example_complex.py                                                                   1           0  0.10s           2025-04-04T14:28:40
/home/vscode/.local/lib/python3.10/site-packages/airflow/example_dags/tutorial.py                                                                          1           0  0.10s           2025-04-04T14:28:55
/home/vscode/.local/lib/python3.10/site-packages/airflow/example_dags/example_task_group.py                                                                1           0  0.10s           2025-04-04T14:29:02
/home/vscode/.local/lib/python3.10/site-packages/airflow/example_dags/example_dynamic_task_mapping_with_no_taskflow_operators.py                           1           0  0.10s           2025-04-04T14:28:41
/home/vscode/.local/lib/python3.10/site-packages/airflow/example_dags/example_xcom.py                                                                      1           0  0.10s           2025-04-04T14:28:56
/home/vscode/.local/lib/python3.10/site-packages/airflow/example_dags/example_bash_operator.py                                                             1           0  0.10s           2025-04-04T14:28:48
/home/vscode/.local/lib/python3.10/site-packages/airflow/example_dags/example_branch_labels.py                                                             1           0  0.11s           2025-04-04T14:28:49
/home/vscode/.local/lib/python3.10/site-packages/airflow/example_dags/example_sla_dag.py                                                                   1           0  0.10s           2025-04-04T14:29:03
/home/vscode/.local/lib/python3.10/site-packages/airflow/example_dags/example_params_ui_tutorial.py                                                        1           0  0.10s           2025-04-04T14:28:29
/home/vscode/.local/lib/python3.10/site-packages/airflow/example_dags/example_branch_day_of_week_operator.py                                               1           0  0.10s           2025-04-04T14:28:50
/home/vscode/.local/lib/python3.10/site-packages/airflow/example_dags/tutorial_taskflow_api_virtualenv.py                                                  1           0  0.10s           2025-04-04T14:28:57
/home/vscode/.local/lib/python3.10/site-packages/airflow/example_dags/example_short_circuit_decorator.py                                                   1           0  0.10s           2025-04-04T14:28:20
/home/vscode/.local/lib/python3.10/site-packages/airflow/example_dags/tutorial_taskflow_api.py                                                             1           0  0.10s           2025-04-04T14:28:58
/home/vscode/.local/lib/python3.10/site-packages/airflow/example_dags/example_dag_decorator.py                                                             1           0  0.20s           2025-04-04T14:28:43
/home/vscode/.local/lib/python3.10/site-packages/airflow/example_dags/example_params_trigger_ui.py                                                         1           0  0.10s           2025-04-04T14:28:31
/home/vscode/.local/lib/python3.10/site-packages/airflow/example_dags/example_trigger_target_dag.py                                                        1           0  0.10s           2025-04-04T14:28:59
/home/vscode/.local/lib/python3.10/site-packages/airflow/example_dags/example_nested_branch_dag.py                                                         1           0  0.10s           2025-04-04T14:28:32
/home/vscode/.local/lib/python3.10/site-packages/airflow/example_dags/example_trigger_controller_dag.py                                                    1           0  0.10s           2025-04-04T14:28:22
/home/vscode/.local/lib/python3.10/site-packages/airflow/example_dags/example_latest_only.py                                                               1           0  0.10s           2025-04-04T14:28:44
/home/vscode/.local/lib/python3.10/site-packages/airflow/example_dags/example_passing_params_via_test_command.py                                           1           0  0.10s           2025-04-04T14:28:33
/home/vscode/.local/lib/python3.10/site-packages/airflow/example_dags/example_time_delta_sensor_async.py                                                   1           0  0.11s           2025-04-04T14:28:24
/home/vscode/.local/lib/python3.10/site-packages/airflow/example_dags/example_task_group_decorator.py                                                      1           0  0.10s           2025-04-04T14:28:25
/home/vscode/.local/lib/python3.10/site-packages/airflow/example_dags/example_skip_dag.py                                                                  1           0  0.10s           2025-04-04T14:28:26
/home/vscode/.local/lib/python3.10/site-packages/airflow/example_dags/example_sensors.py                                                                   1           0  0.10s           2025-04-04T14:28:33
/home/vscode/.local/lib/python3.10/site-packages/airflow/example_dags/example_branch_operator_decorator.py                                                 1           0  0.10s           2025-04-04T14:28:50
/home/vscode/.local/lib/python3.10/site-packages/airflow/example_dags/example_branch_operator.py                                                           1           0  0.10s           2025-04-04T14:28:52
/home/vscode/.local/lib/python3.10/site-packages/airflow/example_dags/example_xcomargs.py                                                                  2           0  0.10s           2025-04-04T14:28:54
/home/vscode/.local/lib/python3.10/site-packages/airflow/example_dags/example_external_task_marker_dag.py                                                  2           0  0.10s           2025-04-04T14:28:40
/home/vscode/.local/lib/python3.10/site-packages/airflow/example_dags/example_branch_datetime_operator.py                                                  3           0  0.10s           2025-04-04T14:28:46
/home/vscode/.local/lib/python3.10/site-packages/airflow/example_dags/example_subdag_operator.py                                                           3           0  0.10s           2025-04-04T14:28:21
/home/vscode/.local/lib/python3.10/site-packages/airflow/example_dags/example_datasets.py                                                                  6           0  0.10s           2025-04-04T14:28:42
================================================================================
[2025-04-04T14:29:33.488+0000] {manager.py:889} INFO - 
================================================================================
DAG File Processing Stats

File Path                                                                                                                         PID    Runtime      # DAGs    # Errors  Last Runtime    Last Run
--------------------------------------------------------------------------------------------------------------------------------  -----  ---------  --------  ----------  --------------  -------------------
/home/vscode/.local/lib/python3.10/site-packages/airflow/example_dags/example_setup_teardown_taskflow.py                                                   0           0  0.10s           2025-04-04T14:29:01
/home/vscode/.local/lib/python3.10/site-packages/airflow/example_dags/example_setup_teardown.py                                                            0           0  0.10s           2025-04-04T14:29:13
/home/vscode/.local/lib/python3.10/site-packages/airflow/example_dags/example_local_kubernetes_executor.py                                                 0           0  0.10s           2025-04-04T14:29:15
/home/vscode/.local/lib/python3.10/site-packages/airflow/example_dags/example_kubernetes_executor.py                                                       0           0  0.10s           2025-04-04T14:29:31
/home/vscode/.local/lib/python3.10/site-packages/airflow/example_dags/plugins/workday.py                                                                   0           0  0.10s           2025-04-04T14:29:06
/home/vscode/.local/lib/python3.10/site-packages/airflow/example_dags/plugins/listener_plugin.py                                                           0           0  0.10s           2025-04-04T14:29:21
/home/vscode/.local/lib/python3.10/site-packages/airflow/example_dags/plugins/event_listener.py                                                            0           0  0.10s           2025-04-04T14:29:22
/home/vscode/.local/lib/python3.10/site-packages/airflow/example_dags/subdags/subdag.py                                                                    0           0  0.10s           2025-04-04T14:28:53
/home/vscode/.local/lib/python3.10/site-packages/airflow/example_dags/example_short_circuit_operator.py                                                    1           0  0.10s           2025-04-04T14:29:00
/home/vscode/.local/lib/python3.10/site-packages/airflow/example_dags/example_branch_python_dop_operator_3.py                                              1           0  0.10s           2025-04-04T14:29:19
/home/vscode/.local/lib/python3.10/site-packages/airflow/example_dags/example_python_operator.py                                                           1           0  0.10s           2025-04-04T14:29:10
/home/vscode/.local/lib/python3.10/site-packages/airflow/example_dags/tutorial_dag.py                                                                      1           0  0.11s           2025-04-04T14:28:53
/home/vscode/.local/lib/python3.10/site-packages/airflow/example_dags/example_latest_only_with_trigger.py                                                  1           0  0.10s           2025-04-04T14:29:20
/home/vscode/.local/lib/python3.10/site-packages/airflow/example_dags/example_dynamic_task_mapping.py                                                      1           0  0.10s           2025-04-04T14:29:24
/home/vscode/.local/lib/python3.10/site-packages/airflow/example_dags/example_sensor_decorator.py                                                          1           0  0.10s           2025-04-04T14:29:11
/home/vscode/.local/lib/python3.10/site-packages/airflow/example_dags/example_complex.py                                                                   1           0  0.10s           2025-04-04T14:29:26
/home/vscode/.local/lib/python3.10/site-packages/airflow/example_dags/tutorial.py                                                                          1           0  0.10s           2025-04-04T14:28:55
/home/vscode/.local/lib/python3.10/site-packages/airflow/example_dags/example_task_group.py                                                                1           0  0.10s           2025-04-04T14:29:02
/home/vscode/.local/lib/python3.10/site-packages/airflow/example_dags/example_dynamic_task_mapping_with_no_taskflow_operators.py                           1           0  0.10s           2025-04-04T14:29:26
/home/vscode/.local/lib/python3.10/site-packages/airflow/example_dags/example_xcom.py                                                                      1           0  0.10s           2025-04-04T14:28:56
/home/vscode/.local/lib/python3.10/site-packages/airflow/example_dags/example_bash_operator.py                                                             1           0  0.10s           2025-04-04T14:29:33
/home/vscode/.local/lib/python3.10/site-packages/airflow/example_dags/example_branch_labels.py                                                             1           0  0.10s           2025-04-04T14:29:33
/home/vscode/.local/lib/python3.10/site-packages/airflow/example_dags/example_sla_dag.py                                                                   1           0  0.10s           2025-04-04T14:29:03
/home/vscode/.local/lib/python3.10/site-packages/airflow/example_dags/example_params_ui_tutorial.py                                                        1           0  0.20s           2025-04-04T14:29:12
/home/vscode/.local/lib/python3.10/site-packages/airflow/example_dags/example_branch_day_of_week_operator.py                                               1           0  0.10s           2025-04-04T14:28:50
/home/vscode/.local/lib/python3.10/site-packages/airflow/example_dags/tutorial_taskflow_api_virtualenv.py                                                  1           0  0.10s           2025-04-04T14:28:57
/home/vscode/.local/lib/python3.10/site-packages/airflow/example_dags/example_short_circuit_decorator.py                                                   1           0  0.10s           2025-04-04T14:29:03
/home/vscode/.local/lib/python3.10/site-packages/airflow/example_dags/tutorial_taskflow_api.py                                                             1           0  0.10s           2025-04-04T14:28:58
/home/vscode/.local/lib/python3.10/site-packages/airflow/example_dags/example_dag_decorator.py                                                             1           0  0.20s           2025-04-04T14:29:29
/home/vscode/.local/lib/python3.10/site-packages/airflow/example_dags/example_params_trigger_ui.py                                                         1           0  0.10s           2025-04-04T14:29:16
/home/vscode/.local/lib/python3.10/site-packages/airflow/example_dags/example_trigger_target_dag.py                                                        1           0  0.10s           2025-04-04T14:28:59
/home/vscode/.local/lib/python3.10/site-packages/airflow/example_dags/example_nested_branch_dag.py                                                         1           0  0.10s           2025-04-04T14:29:16
/home/vscode/.local/lib/python3.10/site-packages/airflow/example_dags/example_trigger_controller_dag.py                                                    1           0  0.10s           2025-04-04T14:29:06
/home/vscode/.local/lib/python3.10/site-packages/airflow/example_dags/example_latest_only.py                                                               1           0  0.10s           2025-04-04T14:29:30
/home/vscode/.local/lib/python3.10/site-packages/airflow/example_dags/example_passing_params_via_test_command.py                                           1           0  0.11s           2025-04-04T14:29:17
/home/vscode/.local/lib/python3.10/site-packages/airflow/example_dags/example_time_delta_sensor_async.py                                                   1           0  0.10s           2025-04-04T14:29:07
/home/vscode/.local/lib/python3.10/site-packages/airflow/example_dags/example_task_group_decorator.py                                                      1           0  0.10s           2025-04-04T14:29:08
/home/vscode/.local/lib/python3.10/site-packages/airflow/example_dags/example_skip_dag.py                                                                  1           0  0.11s           2025-04-04T14:29:09
/home/vscode/.local/lib/python3.10/site-packages/airflow/example_dags/example_sensors.py                                                                   1           0  0.10s           2025-04-04T14:29:18
/home/vscode/.local/lib/python3.10/site-packages/airflow/example_dags/example_branch_operator_decorator.py                                                 1           0  0.10s           2025-04-04T14:28:50
/home/vscode/.local/lib/python3.10/site-packages/airflow/example_dags/example_branch_operator.py                                                           1           0  0.10s           2025-04-04T14:28:52
/home/vscode/.local/lib/python3.10/site-packages/airflow/example_dags/example_xcomargs.py                                                                  2           0  0.10s           2025-04-04T14:28:54
/home/vscode/.local/lib/python3.10/site-packages/airflow/example_dags/example_external_task_marker_dag.py                                                  2           0  0.10s           2025-04-04T14:29:25
/home/vscode/.local/lib/python3.10/site-packages/airflow/example_dags/example_branch_datetime_operator.py                                                  3           0  0.10s           2025-04-04T14:29:32
/home/vscode/.local/lib/python3.10/site-packages/airflow/example_dags/example_subdag_operator.py                                                           3           0  0.10s           2025-04-04T14:29:04
/home/vscode/.local/lib/python3.10/site-packages/airflow/example_dags/example_datasets.py                                                                  6           0  0.10s           2025-04-04T14:29:28
================================================================================
[2025-04-04T14:30:03.703+0000] {manager.py:889} INFO - 
================================================================================
DAG File Processing Stats

File Path                                                                                                                         PID    Runtime      # DAGs    # Errors  Last Runtime    Last Run
--------------------------------------------------------------------------------------------------------------------------------  -----  ---------  --------  ----------  --------------  -------------------
/home/vscode/.local/lib/python3.10/site-packages/airflow/example_dags/example_setup_teardown_taskflow.py                                                   0           0  0.10s           2025-04-04T14:29:45
/home/vscode/.local/lib/python3.10/site-packages/airflow/example_dags/example_setup_teardown.py                                                            0           0  0.10s           2025-04-04T14:30:01
/home/vscode/.local/lib/python3.10/site-packages/airflow/example_dags/example_local_kubernetes_executor.py                                                 0           0  0.10s           2025-04-04T14:30:02
/home/vscode/.local/lib/python3.10/site-packages/airflow/example_dags/example_kubernetes_executor.py                                                       0           0  0.10s           2025-04-04T14:29:31
/home/vscode/.local/lib/python3.10/site-packages/airflow/example_dags/plugins/workday.py                                                                   0           0  0.10s           2025-04-04T14:29:52
/home/vscode/.local/lib/python3.10/site-packages/airflow/example_dags/plugins/listener_plugin.py                                                           0           0  0.10s           2025-04-04T14:29:53
/home/vscode/.local/lib/python3.10/site-packages/airflow/example_dags/plugins/event_listener.py                                                            0           0  0.10s           2025-04-04T14:29:22
/home/vscode/.local/lib/python3.10/site-packages/airflow/example_dags/subdags/subdag.py                                                                    0           0  0.10s           2025-04-04T14:29:36
/home/vscode/.local/lib/python3.10/site-packages/airflow/example_dags/example_short_circuit_operator.py                                                    1           0  0.11s           2025-04-04T14:29:44
/home/vscode/.local/lib/python3.10/site-packages/airflow/example_dags/example_branch_python_dop_operator_3.py                                              1           0  0.10s           2025-04-04T14:29:19
/home/vscode/.local/lib/python3.10/site-packages/airflow/example_dags/example_python_operator.py                                                           1           0  0.10s           2025-04-04T14:29:57
/home/vscode/.local/lib/python3.10/site-packages/airflow/example_dags/tutorial_dag.py                                                                      1           0  0.10s           2025-04-04T14:29:37
/home/vscode/.local/lib/python3.10/site-packages/airflow/example_dags/example_latest_only_with_trigger.py                                                  1           0  0.10s           2025-04-04T14:29:20
/home/vscode/.local/lib/python3.10/site-packages/airflow/example_dags/example_dynamic_task_mapping.py                                                      1           0  0.10s           2025-04-04T14:29:24
/home/vscode/.local/lib/python3.10/site-packages/airflow/example_dags/example_sensor_decorator.py                                                          1           0  0.10s           2025-04-04T14:29:58
/home/vscode/.local/lib/python3.10/site-packages/airflow/example_dags/example_complex.py                                                                   1           0  0.10s           2025-04-04T14:29:26
/home/vscode/.local/lib/python3.10/site-packages/airflow/example_dags/tutorial.py                                                                          1           0  0.10s           2025-04-04T14:29:39
/home/vscode/.local/lib/python3.10/site-packages/airflow/example_dags/example_task_group.py                                                                1           0  0.10s           2025-04-04T14:29:46
/home/vscode/.local/lib/python3.10/site-packages/airflow/example_dags/example_dynamic_task_mapping_with_no_taskflow_operators.py                           1           0  0.10s           2025-04-04T14:29:26
/home/vscode/.local/lib/python3.10/site-packages/airflow/example_dags/example_xcom.py                                                                      1           0  0.10s           2025-04-04T14:29:40
/home/vscode/.local/lib/python3.10/site-packages/airflow/example_dags/example_bash_operator.py                                                             1           0  0.10s           2025-04-04T14:29:33
/home/vscode/.local/lib/python3.10/site-packages/airflow/example_dags/example_branch_labels.py                                                             1           0  0.10s           2025-04-04T14:29:33
/home/vscode/.local/lib/python3.10/site-packages/airflow/example_dags/example_sla_dag.py                                                                   1           0  0.10s           2025-04-04T14:29:47
/home/vscode/.local/lib/python3.10/site-packages/airflow/example_dags/example_params_ui_tutorial.py                                                        1           0  0.11s           2025-04-04T14:29:59
/home/vscode/.local/lib/python3.10/site-packages/airflow/example_dags/example_branch_day_of_week_operator.py                                               1           0  0.10s           2025-04-04T14:29:34
/home/vscode/.local/lib/python3.10/site-packages/airflow/example_dags/tutorial_taskflow_api_virtualenv.py                                                  1           0  0.10s           2025-04-04T14:29:41
/home/vscode/.local/lib/python3.10/site-packages/airflow/example_dags/example_short_circuit_decorator.py                                                   1           0  0.10s           2025-04-04T14:29:48
/home/vscode/.local/lib/python3.10/site-packages/airflow/example_dags/tutorial_taskflow_api.py                                                             1           0  0.10s           2025-04-04T14:29:42
/home/vscode/.local/lib/python3.10/site-packages/airflow/example_dags/example_dag_decorator.py                                                             1           0  0.20s           2025-04-04T14:29:29
/home/vscode/.local/lib/python3.10/site-packages/airflow/example_dags/example_params_trigger_ui.py                                                         1           0  0.10s           2025-04-04T14:30:02
/home/vscode/.local/lib/python3.10/site-packages/airflow/example_dags/example_trigger_target_dag.py                                                        1           0  0.10s           2025-04-04T14:29:43
/home/vscode/.local/lib/python3.10/site-packages/airflow/example_dags/example_nested_branch_dag.py                                                         1           0  0.10s           2025-04-04T14:30:03
/home/vscode/.local/lib/python3.10/site-packages/airflow/example_dags/example_trigger_controller_dag.py                                                    1           0  0.10s           2025-04-04T14:29:50
/home/vscode/.local/lib/python3.10/site-packages/airflow/example_dags/example_latest_only.py                                                               1           0  0.10s           2025-04-04T14:29:30
/home/vscode/.local/lib/python3.10/site-packages/airflow/example_dags/example_passing_params_via_test_command.py                                           1           0  0.11s           2025-04-04T14:29:17
/home/vscode/.local/lib/python3.10/site-packages/airflow/example_dags/example_time_delta_sensor_async.py                                                   1           0  0.10s           2025-04-04T14:29:54
/home/vscode/.local/lib/python3.10/site-packages/airflow/example_dags/example_task_group_decorator.py                                                      1           0  0.10s           2025-04-04T14:29:55
/home/vscode/.local/lib/python3.10/site-packages/airflow/example_dags/example_skip_dag.py                                                                  1           0  0.10s           2025-04-04T14:29:56
/home/vscode/.local/lib/python3.10/site-packages/airflow/example_dags/example_sensors.py                                                                   1           0  0.10s           2025-04-04T14:29:18
/home/vscode/.local/lib/python3.10/site-packages/airflow/example_dags/example_branch_operator_decorator.py                                                 1           0  0.10s           2025-04-04T14:29:35
/home/vscode/.local/lib/python3.10/site-packages/airflow/example_dags/example_branch_operator.py                                                           1           0  0.10s           2025-04-04T14:29:51
/home/vscode/.local/lib/python3.10/site-packages/airflow/example_dags/example_xcomargs.py                                                                  2           0  0.10s           2025-04-04T14:29:38
/home/vscode/.local/lib/python3.10/site-packages/airflow/example_dags/example_external_task_marker_dag.py                                                  2           0  0.10s           2025-04-04T14:29:25
/home/vscode/.local/lib/python3.10/site-packages/airflow/example_dags/example_branch_datetime_operator.py                                                  3           0  0.10s           2025-04-04T14:29:32
/home/vscode/.local/lib/python3.10/site-packages/airflow/example_dags/example_subdag_operator.py                                                           3           0  0.10s           2025-04-04T14:29:49
/home/vscode/.local/lib/python3.10/site-packages/airflow/example_dags/example_datasets.py                                                                  6           0  0.10s           2025-04-04T14:29:28
================================================================================
[2025-04-04T14:30:33.978+0000] {manager.py:889} INFO - 
================================================================================
DAG File Processing Stats

File Path                                                                                                                         PID    Runtime      # DAGs    # Errors  Last Runtime    Last Run
--------------------------------------------------------------------------------------------------------------------------------  -----  ---------  --------  ----------  --------------  -------------------
/home/vscode/.local/lib/python3.10/site-packages/airflow/example_dags/example_setup_teardown_taskflow.py                                                   0           0  0.10s           2025-04-04T14:30:33
/home/vscode/.local/lib/python3.10/site-packages/airflow/example_dags/example_setup_teardown.py                                                            0           0  0.10s           2025-04-04T14:30:01
/home/vscode/.local/lib/python3.10/site-packages/airflow/example_dags/example_local_kubernetes_executor.py                                                 0           0  0.10s           2025-04-04T14:30:02
/home/vscode/.local/lib/python3.10/site-packages/airflow/example_dags/example_kubernetes_executor.py                                                       0           0  0.10s           2025-04-04T14:30:19
/home/vscode/.local/lib/python3.10/site-packages/airflow/example_dags/plugins/workday.py                                                                   0           0  0.10s           2025-04-04T14:30:25
/home/vscode/.local/lib/python3.10/site-packages/airflow/example_dags/plugins/listener_plugin.py                                                           0           0  0.10s           2025-04-04T14:30:27
/home/vscode/.local/lib/python3.10/site-packages/airflow/example_dags/plugins/event_listener.py                                                            0           0  0.10s           2025-04-04T14:30:09
/home/vscode/.local/lib/python3.10/site-packages/airflow/example_dags/subdags/subdag.py                                                                    0           0  0.10s           2025-04-04T14:30:10
/home/vscode/.local/lib/python3.10/site-packages/airflow/example_dags/example_short_circuit_operator.py                                                    1           0  0.10s           2025-04-04T14:30:32
/home/vscode/.local/lib/python3.10/site-packages/airflow/example_dags/example_branch_python_dop_operator_3.py                                              1           0  0.10s           2025-04-04T14:30:06
/home/vscode/.local/lib/python3.10/site-packages/airflow/example_dags/example_python_operator.py                                                           1           0  0.10s           2025-04-04T14:29:57
/home/vscode/.local/lib/python3.10/site-packages/airflow/example_dags/tutorial_dag.py                                                                      1           0  0.10s           2025-04-04T14:30:11
/home/vscode/.local/lib/python3.10/site-packages/airflow/example_dags/example_latest_only_with_trigger.py                                                  1           0  0.10s           2025-04-04T14:30:07
/home/vscode/.local/lib/python3.10/site-packages/airflow/example_dags/example_dynamic_task_mapping.py                                                      1           0  0.10s           2025-04-04T14:30:13
/home/vscode/.local/lib/python3.10/site-packages/airflow/example_dags/example_sensor_decorator.py                                                          1           0  0.10s           2025-04-04T14:29:58
/home/vscode/.local/lib/python3.10/site-packages/airflow/example_dags/example_complex.py                                                                   1           0  0.10s           2025-04-04T14:30:14
/home/vscode/.local/lib/python3.10/site-packages/airflow/example_dags/tutorial.py                                                                          1           0  0.10s           2025-04-04T14:30:28
/home/vscode/.local/lib/python3.10/site-packages/airflow/example_dags/example_task_group.py                                                                1           0  0.10s           2025-04-04T14:30:33
/home/vscode/.local/lib/python3.10/site-packages/airflow/example_dags/example_dynamic_task_mapping_with_no_taskflow_operators.py                           1           0  0.10s           2025-04-04T14:30:15
/home/vscode/.local/lib/python3.10/site-packages/airflow/example_dags/example_xcom.py                                                                      1           0  0.11s           2025-04-04T14:30:28
/home/vscode/.local/lib/python3.10/site-packages/airflow/example_dags/example_bash_operator.py                                                             1           0  0.10s           2025-04-04T14:30:22
/home/vscode/.local/lib/python3.10/site-packages/airflow/example_dags/example_branch_labels.py                                                             1           0  0.10s           2025-04-04T14:30:23
/home/vscode/.local/lib/python3.10/site-packages/airflow/example_dags/example_sla_dag.py                                                                   1           0  0.10s           2025-04-04T14:30:33
/home/vscode/.local/lib/python3.10/site-packages/airflow/example_dags/example_params_ui_tutorial.py                                                        1           0  0.11s           2025-04-04T14:29:59
/home/vscode/.local/lib/python3.10/site-packages/airflow/example_dags/example_branch_day_of_week_operator.py                                               1           0  0.10s           2025-04-04T14:30:24
/home/vscode/.local/lib/python3.10/site-packages/airflow/example_dags/tutorial_taskflow_api_virtualenv.py                                                  1           0  0.10s           2025-04-04T14:30:29
/home/vscode/.local/lib/python3.10/site-packages/airflow/example_dags/example_short_circuit_decorator.py                                                   1           0  0.10s           2025-04-04T14:29:48
/home/vscode/.local/lib/python3.10/site-packages/airflow/example_dags/tutorial_taskflow_api.py                                                             1           0  0.10s           2025-04-04T14:30:30
/home/vscode/.local/lib/python3.10/site-packages/airflow/example_dags/example_dag_decorator.py                                                             1           0  0.20s           2025-04-04T14:30:18
/home/vscode/.local/lib/python3.10/site-packages/airflow/example_dags/example_params_trigger_ui.py                                                         1           0  0.10s           2025-04-04T14:30:02
/home/vscode/.local/lib/python3.10/site-packages/airflow/example_dags/example_trigger_target_dag.py                                                        1           0  0.10s           2025-04-04T14:30:31
/home/vscode/.local/lib/python3.10/site-packages/airflow/example_dags/example_nested_branch_dag.py                                                         1           0  0.10s           2025-04-04T14:30:03
/home/vscode/.local/lib/python3.10/site-packages/airflow/example_dags/example_trigger_controller_dag.py                                                    1           0  0.10s           2025-04-04T14:29:50
/home/vscode/.local/lib/python3.10/site-packages/airflow/example_dags/example_latest_only.py                                                               1           0  0.10s           2025-04-04T14:30:18
/home/vscode/.local/lib/python3.10/site-packages/airflow/example_dags/example_passing_params_via_test_command.py                                           1           0  0.10s           2025-04-04T14:30:04
/home/vscode/.local/lib/python3.10/site-packages/airflow/example_dags/example_time_delta_sensor_async.py                                                   1           0  0.10s           2025-04-04T14:29:54
/home/vscode/.local/lib/python3.10/site-packages/airflow/example_dags/example_task_group_decorator.py                                                      1           0  0.10s           2025-04-04T14:29:55
/home/vscode/.local/lib/python3.10/site-packages/airflow/example_dags/example_skip_dag.py                                                                  1           0  0.10s           2025-04-04T14:29:56
/home/vscode/.local/lib/python3.10/site-packages/airflow/example_dags/example_sensors.py                                                                   1           0  0.10s           2025-04-04T14:30:05
/home/vscode/.local/lib/python3.10/site-packages/airflow/example_dags/example_branch_operator_decorator.py                                                 1           0  0.10s           2025-04-04T14:30:24
/home/vscode/.local/lib/python3.10/site-packages/airflow/example_dags/example_branch_operator.py                                                           1           0  0.10s           2025-04-04T14:29:51
/home/vscode/.local/lib/python3.10/site-packages/airflow/example_dags/example_xcomargs.py                                                                  2           0  0.10s           2025-04-04T14:30:12
/home/vscode/.local/lib/python3.10/site-packages/airflow/example_dags/example_external_task_marker_dag.py                                                  2           0  0.10s           2025-04-04T14:30:14
/home/vscode/.local/lib/python3.10/site-packages/airflow/example_dags/example_branch_datetime_operator.py                                                  3           0  0.10s           2025-04-04T14:30:21
/home/vscode/.local/lib/python3.10/site-packages/airflow/example_dags/example_subdag_operator.py                                                           3           0  0.10s           2025-04-04T14:29:49
/home/vscode/.local/lib/python3.10/site-packages/airflow/example_dags/example_datasets.py                                                                  6           0  0.10s           2025-04-04T14:30:16
================================================================================
[2025-04-04T14:30:44.655+0000] {manager.py:470} INFO - Exiting gracefully upon receiving signal 15
[2025-04-04T14:46:34.426+0000] {manager.py:487} INFO - Processing files using up to 1 processes at a time 
[2025-04-04T14:46:34.427+0000] {manager.py:488} INFO - Process each file at most once every 30 seconds
[2025-04-04T14:46:34.427+0000] {manager.py:489} INFO - Checking for new files in /workspaces/hands-on-introduction-data-engineering-4395021/airflow/dags every 300 seconds
[2025-04-04T14:46:34.427+0000] {manager.py:758} INFO - Searching for files in /workspaces/hands-on-introduction-data-engineering-4395021/airflow/dags
[2025-04-04T14:46:34.445+0000] {manager.py:761} INFO - There are 46 files in /workspaces/hands-on-introduction-data-engineering-4395021/airflow/dags
[2025-04-04T14:46:34.581+0000] {manager.py:889} INFO - 
================================================================================
DAG File Processing Stats

File Path                                                                                                                         PID    Runtime      # DAGs    # Errors  Last Runtime    Last Run
--------------------------------------------------------------------------------------------------------------------------------  -----  ---------  --------  ----------  --------------  -------------------
/home/vscode/.local/lib/python3.10/site-packages/airflow/example_dags/example_short_circuit_operator.py                                                    0           0
/home/vscode/.local/lib/python3.10/site-packages/airflow/example_dags/example_branch_python_dop_operator_3.py                                              0           0
/home/vscode/.local/lib/python3.10/site-packages/airflow/example_dags/example_python_operator.py                                                           0           0
/home/vscode/.local/lib/python3.10/site-packages/airflow/example_dags/tutorial_dag.py                                                                      0           0
/home/vscode/.local/lib/python3.10/site-packages/airflow/example_dags/example_latest_only_with_trigger.py                                                  0           0
/home/vscode/.local/lib/python3.10/site-packages/airflow/example_dags/example_dynamic_task_mapping.py                                                      0           0
/home/vscode/.local/lib/python3.10/site-packages/airflow/example_dags/example_sensor_decorator.py                                                          0           0
/home/vscode/.local/lib/python3.10/site-packages/airflow/example_dags/example_xcomargs.py                                                                  0           0
/home/vscode/.local/lib/python3.10/site-packages/airflow/example_dags/example_branch_datetime_operator.py                                                  0           0
/home/vscode/.local/lib/python3.10/site-packages/airflow/example_dags/example_external_task_marker_dag.py                                                  0           0
/home/vscode/.local/lib/python3.10/site-packages/airflow/example_dags/example_complex.py                                                                   0           0
/home/vscode/.local/lib/python3.10/site-packages/airflow/example_dags/tutorial.py                                                                          0           0
/home/vscode/.local/lib/python3.10/site-packages/airflow/example_dags/example_setup_teardown_taskflow.py                                                   0           0
/home/vscode/.local/lib/python3.10/site-packages/airflow/example_dags/example_task_group.py                                                                0           0
/home/vscode/.local/lib/python3.10/site-packages/airflow/example_dags/example_dynamic_task_mapping_with_no_taskflow_operators.py                           0           0
/home/vscode/.local/lib/python3.10/site-packages/airflow/example_dags/example_xcom.py                                                                      0           0
/home/vscode/.local/lib/python3.10/site-packages/airflow/example_dags/example_bash_operator.py                                                             0           0
/home/vscode/.local/lib/python3.10/site-packages/airflow/example_dags/example_datasets.py                                                                  0           0
/home/vscode/.local/lib/python3.10/site-packages/airflow/example_dags/example_branch_labels.py                                                             0           0
/home/vscode/.local/lib/python3.10/site-packages/airflow/example_dags/example_sla_dag.py                                                                   0           0
/home/vscode/.local/lib/python3.10/site-packages/airflow/example_dags/example_params_ui_tutorial.py                                                        0           0
/home/vscode/.local/lib/python3.10/site-packages/airflow/example_dags/example_branch_day_of_week_operator.py                                               0           0
/home/vscode/.local/lib/python3.10/site-packages/airflow/example_dags/tutorial_taskflow_api_virtualenv.py                                                  0           0
/home/vscode/.local/lib/python3.10/site-packages/airflow/example_dags/example_setup_teardown.py                                                            0           0
/home/vscode/.local/lib/python3.10/site-packages/airflow/example_dags/example_short_circuit_decorator.py                                                   0           0
/home/vscode/.local/lib/python3.10/site-packages/airflow/example_dags/example_subdag_operator.py                                                           0           0
/home/vscode/.local/lib/python3.10/site-packages/airflow/example_dags/tutorial_taskflow_api.py                                                             0           0
/home/vscode/.local/lib/python3.10/site-packages/airflow/example_dags/example_local_kubernetes_executor.py                                                 0           0
/home/vscode/.local/lib/python3.10/site-packages/airflow/example_dags/example_dag_decorator.py                                                             0           0
/home/vscode/.local/lib/python3.10/site-packages/airflow/example_dags/example_params_trigger_ui.py                                                         0           0
/home/vscode/.local/lib/python3.10/site-packages/airflow/example_dags/example_trigger_target_dag.py                                                        0           0
/home/vscode/.local/lib/python3.10/site-packages/airflow/example_dags/example_nested_branch_dag.py                                                         0           0
/home/vscode/.local/lib/python3.10/site-packages/airflow/example_dags/example_trigger_controller_dag.py                                                    0           0
/home/vscode/.local/lib/python3.10/site-packages/airflow/example_dags/example_latest_only.py                                                               0           0
/home/vscode/.local/lib/python3.10/site-packages/airflow/example_dags/example_passing_params_via_test_command.py                                           0           0
/home/vscode/.local/lib/python3.10/site-packages/airflow/example_dags/example_time_delta_sensor_async.py                                                   0           0
/home/vscode/.local/lib/python3.10/site-packages/airflow/example_dags/example_task_group_decorator.py                                                      0           0
/home/vscode/.local/lib/python3.10/site-packages/airflow/example_dags/example_skip_dag.py                                                                  0           0
/home/vscode/.local/lib/python3.10/site-packages/airflow/example_dags/example_sensors.py                                                                   0           0
/home/vscode/.local/lib/python3.10/site-packages/airflow/example_dags/example_branch_operator_decorator.py                                                 0           0
/home/vscode/.local/lib/python3.10/site-packages/airflow/example_dags/example_kubernetes_executor.py                                                       0           0
/home/vscode/.local/lib/python3.10/site-packages/airflow/example_dags/example_branch_operator.py                                                           0           0
/home/vscode/.local/lib/python3.10/site-packages/airflow/example_dags/plugins/workday.py                                                                   0           0  0.10s           2025-04-04T14:46:34
/home/vscode/.local/lib/python3.10/site-packages/airflow/example_dags/plugins/listener_plugin.py                                                           0           0
/home/vscode/.local/lib/python3.10/site-packages/airflow/example_dags/plugins/event_listener.py                                                            0           0
/home/vscode/.local/lib/python3.10/site-packages/airflow/example_dags/subdags/subdag.py                                                                    0           0
================================================================================
[2025-04-04T14:47:04.914+0000] {manager.py:889} INFO - 
================================================================================
DAG File Processing Stats

File Path                                                                                                                         PID    Runtime      # DAGs    # Errors  Last Runtime    Last Run
--------------------------------------------------------------------------------------------------------------------------------  -----  ---------  --------  ----------  --------------  -------------------
/home/vscode/.local/lib/python3.10/site-packages/airflow/example_dags/example_branch_datetime_operator.py                                                  0           0
/home/vscode/.local/lib/python3.10/site-packages/airflow/example_dags/example_external_task_marker_dag.py                                                  0           0
/home/vscode/.local/lib/python3.10/site-packages/airflow/example_dags/example_complex.py                                                                   0           0
/home/vscode/.local/lib/python3.10/site-packages/airflow/example_dags/example_setup_teardown_taskflow.py                                                   0           0  0.10s           2025-04-04T14:46:45
/home/vscode/.local/lib/python3.10/site-packages/airflow/example_dags/example_dynamic_task_mapping_with_no_taskflow_operators.py                           0           0
/home/vscode/.local/lib/python3.10/site-packages/airflow/example_dags/example_bash_operator.py                                                             0           0
/home/vscode/.local/lib/python3.10/site-packages/airflow/example_dags/example_datasets.py                                                                  0           0
/home/vscode/.local/lib/python3.10/site-packages/airflow/example_dags/example_branch_labels.py                                                             0           0
/home/vscode/.local/lib/python3.10/site-packages/airflow/example_dags/example_branch_day_of_week_operator.py                                               0           0
/home/vscode/.local/lib/python3.10/site-packages/airflow/example_dags/example_setup_teardown.py                                                            0           0  0.10s           2025-04-04T14:46:56
/home/vscode/.local/lib/python3.10/site-packages/airflow/example_dags/example_local_kubernetes_executor.py                                                 0           0  0.10s           2025-04-04T14:46:57
/home/vscode/.local/lib/python3.10/site-packages/airflow/example_dags/example_dag_decorator.py                                                             0           0
/home/vscode/.local/lib/python3.10/site-packages/airflow/example_dags/example_latest_only.py                                                               0           0
/home/vscode/.local/lib/python3.10/site-packages/airflow/example_dags/example_branch_operator_decorator.py                                                 0           0
/home/vscode/.local/lib/python3.10/site-packages/airflow/example_dags/example_kubernetes_executor.py                                                       0           0
/home/vscode/.local/lib/python3.10/site-packages/airflow/example_dags/example_branch_operator.py                                                           0           0
/home/vscode/.local/lib/python3.10/site-packages/airflow/example_dags/plugins/workday.py                                                                   0           0  0.10s           2025-04-04T14:46:34
/home/vscode/.local/lib/python3.10/site-packages/airflow/example_dags/plugins/listener_plugin.py                                                           0           0  0.10s           2025-04-04T14:46:35
/home/vscode/.local/lib/python3.10/site-packages/airflow/example_dags/plugins/event_listener.py                                                            0           0  0.10s           2025-04-04T14:46:36
/home/vscode/.local/lib/python3.10/site-packages/airflow/example_dags/subdags/subdag.py                                                                    0           0  0.11s           2025-04-04T14:46:38
/home/vscode/.local/lib/python3.10/site-packages/airflow/example_dags/example_short_circuit_operator.py                                                    1           0  0.10s           2025-04-04T14:46:44
/home/vscode/.local/lib/python3.10/site-packages/airflow/example_dags/example_branch_python_dop_operator_3.py                                              1           0  0.10s           2025-04-04T14:47:02
/home/vscode/.local/lib/python3.10/site-packages/airflow/example_dags/example_python_operator.py                                                           1           0  0.20s           2025-04-04T14:46:54
/home/vscode/.local/lib/python3.10/site-packages/airflow/example_dags/tutorial_dag.py                                                                      1           0  0.10s           2025-04-04T14:46:39
/home/vscode/.local/lib/python3.10/site-packages/airflow/example_dags/example_latest_only_with_trigger.py                                                  1           0  0.20s           2025-04-04T14:47:03
/home/vscode/.local/lib/python3.10/site-packages/airflow/example_dags/example_dynamic_task_mapping.py                                                      1           0  0.21s           2025-04-04T14:47:04
/home/vscode/.local/lib/python3.10/site-packages/airflow/example_dags/example_sensor_decorator.py                                                          1           0  0.10s           2025-04-04T14:46:54
/home/vscode/.local/lib/python3.10/site-packages/airflow/example_dags/tutorial.py                                                                          1           0  0.10s           2025-04-04T14:46:40
/home/vscode/.local/lib/python3.10/site-packages/airflow/example_dags/example_task_group.py                                                                1           0  0.10s           2025-04-04T14:46:46
/home/vscode/.local/lib/python3.10/site-packages/airflow/example_dags/example_xcom.py                                                                      1           0  0.10s           2025-04-04T14:46:41
/home/vscode/.local/lib/python3.10/site-packages/airflow/example_dags/example_sla_dag.py                                                                   1           0  0.10s           2025-04-04T14:46:48
/home/vscode/.local/lib/python3.10/site-packages/airflow/example_dags/example_params_ui_tutorial.py                                                        1           0  0.10s           2025-04-04T14:46:54
/home/vscode/.local/lib/python3.10/site-packages/airflow/example_dags/tutorial_taskflow_api_virtualenv.py                                                  1           0  0.10s           2025-04-04T14:46:42
/home/vscode/.local/lib/python3.10/site-packages/airflow/example_dags/example_short_circuit_decorator.py                                                   1           0  0.10s           2025-04-04T14:46:49
/home/vscode/.local/lib/python3.10/site-packages/airflow/example_dags/tutorial_taskflow_api.py                                                             1           0  0.10s           2025-04-04T14:46:44
/home/vscode/.local/lib/python3.10/site-packages/airflow/example_dags/example_params_trigger_ui.py                                                         1           0  0.10s           2025-04-04T14:46:58
/home/vscode/.local/lib/python3.10/site-packages/airflow/example_dags/example_trigger_target_dag.py                                                        1           0  0.10s           2025-04-04T14:46:44
/home/vscode/.local/lib/python3.10/site-packages/airflow/example_dags/example_nested_branch_dag.py                                                         1           0  0.10s           2025-04-04T14:46:59
/home/vscode/.local/lib/python3.10/site-packages/airflow/example_dags/example_trigger_controller_dag.py                                                    1           0  0.10s           2025-04-04T14:46:49
/home/vscode/.local/lib/python3.10/site-packages/airflow/example_dags/example_passing_params_via_test_command.py                                           1           0  0.10s           2025-04-04T14:47:00
/home/vscode/.local/lib/python3.10/site-packages/airflow/example_dags/example_time_delta_sensor_async.py                                                   1           0  0.10s           2025-04-04T14:46:50
/home/vscode/.local/lib/python3.10/site-packages/airflow/example_dags/example_task_group_decorator.py                                                      1           0  0.10s           2025-04-04T14:46:52
/home/vscode/.local/lib/python3.10/site-packages/airflow/example_dags/example_skip_dag.py                                                                  1           0  0.10s           2025-04-04T14:46:53
/home/vscode/.local/lib/python3.10/site-packages/airflow/example_dags/example_sensors.py                                                                   1           0  0.10s           2025-04-04T14:47:01
/home/vscode/.local/lib/python3.10/site-packages/airflow/example_dags/example_xcomargs.py                                                                  2           0  0.10s           2025-04-04T14:46:39
/home/vscode/.local/lib/python3.10/site-packages/airflow/example_dags/example_subdag_operator.py                                                           3           0  0.10s           2025-04-04T14:46:49
================================================================================
[2025-04-04T14:47:35.198+0000] {manager.py:889} INFO - 
================================================================================
DAG File Processing Stats

File Path                                                                                                                         PID    Runtime      # DAGs    # Errors  Last Runtime    Last Run
--------------------------------------------------------------------------------------------------------------------------------  -----  ---------  --------  ----------  --------------  -------------------
/home/vscode/.local/lib/python3.10/site-packages/airflow/example_dags/example_setup_teardown_taskflow.py                                                   0           0  0.10s           2025-04-04T14:47:31
/home/vscode/.local/lib/python3.10/site-packages/airflow/example_dags/example_setup_teardown.py                                                            0           0  0.10s           2025-04-04T14:46:56
/home/vscode/.local/lib/python3.10/site-packages/airflow/example_dags/example_local_kubernetes_executor.py                                                 0           0  0.10s           2025-04-04T14:46:57
/home/vscode/.local/lib/python3.10/site-packages/airflow/example_dags/example_kubernetes_executor.py                                                       0           0  0.10s           2025-04-04T14:47:11
/home/vscode/.local/lib/python3.10/site-packages/airflow/example_dags/plugins/workday.py                                                                   0           0  0.10s           2025-04-04T14:47:19
/home/vscode/.local/lib/python3.10/site-packages/airflow/example_dags/plugins/listener_plugin.py                                                           0           0  0.10s           2025-04-04T14:47:20
/home/vscode/.local/lib/python3.10/site-packages/airflow/example_dags/plugins/event_listener.py                                                            0           0  0.10s           2025-04-04T14:47:20
/home/vscode/.local/lib/python3.10/site-packages/airflow/example_dags/subdags/subdag.py                                                                    0           0  0.10s           2025-04-04T14:47:21
/home/vscode/.local/lib/python3.10/site-packages/airflow/example_dags/example_short_circuit_operator.py                                                    1           0  0.10s           2025-04-04T14:47:30
/home/vscode/.local/lib/python3.10/site-packages/airflow/example_dags/example_branch_python_dop_operator_3.py                                              1           0  0.10s           2025-04-04T14:47:02
/home/vscode/.local/lib/python3.10/site-packages/airflow/example_dags/example_python_operator.py                                                           1           0  0.20s           2025-04-04T14:46:54
/home/vscode/.local/lib/python3.10/site-packages/airflow/example_dags/tutorial_dag.py                                                                      1           0  0.11s           2025-04-04T14:47:23
/home/vscode/.local/lib/python3.10/site-packages/airflow/example_dags/example_latest_only_with_trigger.py                                                  1           0  0.20s           2025-04-04T14:47:03
/home/vscode/.local/lib/python3.10/site-packages/airflow/example_dags/example_dynamic_task_mapping.py                                                      1           0  0.21s           2025-04-04T14:47:04
/home/vscode/.local/lib/python3.10/site-packages/airflow/example_dags/example_sensor_decorator.py                                                          1           0  0.10s           2025-04-04T14:46:54
/home/vscode/.local/lib/python3.10/site-packages/airflow/example_dags/example_complex.py                                                                   1           0  0.10s           2025-04-04T14:47:06
/home/vscode/.local/lib/python3.10/site-packages/airflow/example_dags/tutorial.py                                                                          1           0  0.10s           2025-04-04T14:47:25
/home/vscode/.local/lib/python3.10/site-packages/airflow/example_dags/example_task_group.py                                                                1           0  0.10s           2025-04-04T14:47:32
/home/vscode/.local/lib/python3.10/site-packages/airflow/example_dags/example_dynamic_task_mapping_with_no_taskflow_operators.py                           1           0  0.10s           2025-04-04T14:47:07
/home/vscode/.local/lib/python3.10/site-packages/airflow/example_dags/example_xcom.py                                                                      1           0  0.10s           2025-04-04T14:47:25
/home/vscode/.local/lib/python3.10/site-packages/airflow/example_dags/example_bash_operator.py                                                             1           0  0.10s           2025-04-04T14:47:13
/home/vscode/.local/lib/python3.10/site-packages/airflow/example_dags/example_branch_labels.py                                                             1           0  0.10s           2025-04-04T14:47:15
/home/vscode/.local/lib/python3.10/site-packages/airflow/example_dags/example_sla_dag.py                                                                   1           0  0.11s           2025-04-04T14:47:33
/home/vscode/.local/lib/python3.10/site-packages/airflow/example_dags/example_params_ui_tutorial.py                                                        1           0  0.10s           2025-04-04T14:46:54
/home/vscode/.local/lib/python3.10/site-packages/airflow/example_dags/example_branch_day_of_week_operator.py                                               1           0  0.10s           2025-04-04T14:47:15
/home/vscode/.local/lib/python3.10/site-packages/airflow/example_dags/tutorial_taskflow_api_virtualenv.py                                                  1           0  0.10s           2025-04-04T14:47:27
/home/vscode/.local/lib/python3.10/site-packages/airflow/example_dags/example_short_circuit_decorator.py                                                   1           0  0.10s           2025-04-04T14:47:34
/home/vscode/.local/lib/python3.10/site-packages/airflow/example_dags/tutorial_taskflow_api.py                                                             1           0  0.10s           2025-04-04T14:47:28
/home/vscode/.local/lib/python3.10/site-packages/airflow/example_dags/example_dag_decorator.py                                                             1           0  0.20s           2025-04-04T14:47:10
/home/vscode/.local/lib/python3.10/site-packages/airflow/example_dags/example_params_trigger_ui.py                                                         1           0  0.10s           2025-04-04T14:46:58
/home/vscode/.local/lib/python3.10/site-packages/airflow/example_dags/example_trigger_target_dag.py                                                        1           0  0.10s           2025-04-04T14:47:29
/home/vscode/.local/lib/python3.10/site-packages/airflow/example_dags/example_nested_branch_dag.py                                                         1           0  0.10s           2025-04-04T14:46:59
/home/vscode/.local/lib/python3.10/site-packages/airflow/example_dags/example_trigger_controller_dag.py                                                    1           0  0.10s           2025-04-04T14:46:49
/home/vscode/.local/lib/python3.10/site-packages/airflow/example_dags/example_latest_only.py                                                               1           0  0.10s           2025-04-04T14:47:10
/home/vscode/.local/lib/python3.10/site-packages/airflow/example_dags/example_passing_params_via_test_command.py                                           1           0  0.10s           2025-04-04T14:47:00
/home/vscode/.local/lib/python3.10/site-packages/airflow/example_dags/example_time_delta_sensor_async.py                                                   1           0  0.10s           2025-04-04T14:46:50
/home/vscode/.local/lib/python3.10/site-packages/airflow/example_dags/example_task_group_decorator.py                                                      1           0  0.10s           2025-04-04T14:46:52
/home/vscode/.local/lib/python3.10/site-packages/airflow/example_dags/example_skip_dag.py                                                                  1           0  0.10s           2025-04-04T14:46:53
/home/vscode/.local/lib/python3.10/site-packages/airflow/example_dags/example_sensors.py                                                                   1           0  0.10s           2025-04-04T14:47:01
/home/vscode/.local/lib/python3.10/site-packages/airflow/example_dags/example_branch_operator_decorator.py                                                 1           0  0.10s           2025-04-04T14:47:16
/home/vscode/.local/lib/python3.10/site-packages/airflow/example_dags/example_branch_operator.py                                                           1           0  0.10s           2025-04-04T14:47:17
/home/vscode/.local/lib/python3.10/site-packages/airflow/example_dags/example_xcomargs.py                                                                  2           0  0.11s           2025-04-04T14:47:24
/home/vscode/.local/lib/python3.10/site-packages/airflow/example_dags/example_external_task_marker_dag.py                                                  2           0  0.22s           2025-04-04T14:47:05
/home/vscode/.local/lib/python3.10/site-packages/airflow/example_dags/example_branch_datetime_operator.py                                                  3           0  0.10s           2025-04-04T14:47:12
/home/vscode/.local/lib/python3.10/site-packages/airflow/example_dags/example_subdag_operator.py                                                           3           0  0.10s           2025-04-04T14:47:35
/home/vscode/.local/lib/python3.10/site-packages/airflow/example_dags/example_datasets.py                                                                  6           0  0.10s           2025-04-04T14:47:08
================================================================================
[2025-04-04T14:48:05.381+0000] {manager.py:889} INFO - 
================================================================================
DAG File Processing Stats

File Path                                                                                                                         PID    Runtime      # DAGs    # Errors  Last Runtime    Last Run
--------------------------------------------------------------------------------------------------------------------------------  -----  ---------  --------  ----------  --------------  -------------------
/home/vscode/.local/lib/python3.10/site-packages/airflow/example_dags/example_setup_teardown_taskflow.py                                                   0           0  0.10s           2025-04-04T14:47:31
/home/vscode/.local/lib/python3.10/site-packages/airflow/example_dags/example_setup_teardown.py                                                            0           0  0.10s           2025-04-04T14:47:42
/home/vscode/.local/lib/python3.10/site-packages/airflow/example_dags/example_local_kubernetes_executor.py                                                 0           0  0.10s           2025-04-04T14:47:43
/home/vscode/.local/lib/python3.10/site-packages/airflow/example_dags/example_kubernetes_executor.py                                                       0           0  0.10s           2025-04-04T14:47:59
/home/vscode/.local/lib/python3.10/site-packages/airflow/example_dags/plugins/workday.py                                                                   0           0  0.10s           2025-04-04T14:47:50
/home/vscode/.local/lib/python3.10/site-packages/airflow/example_dags/plugins/listener_plugin.py                                                           0           0  0.10s           2025-04-04T14:47:51
/home/vscode/.local/lib/python3.10/site-packages/airflow/example_dags/plugins/event_listener.py                                                            0           0  0.10s           2025-04-04T14:47:20
/home/vscode/.local/lib/python3.10/site-packages/airflow/example_dags/subdags/subdag.py                                                                    0           0  0.10s           2025-04-04T14:47:21
/home/vscode/.local/lib/python3.10/site-packages/airflow/example_dags/example_short_circuit_operator.py                                                    1           0  0.10s           2025-04-04T14:47:30
/home/vscode/.local/lib/python3.10/site-packages/airflow/example_dags/example_branch_python_dop_operator_3.py                                              1           0  0.10s           2025-04-04T14:47:48
/home/vscode/.local/lib/python3.10/site-packages/airflow/example_dags/example_python_operator.py                                                           1           0  0.10s           2025-04-04T14:47:39
/home/vscode/.local/lib/python3.10/site-packages/airflow/example_dags/tutorial_dag.py                                                                      1           0  0.11s           2025-04-04T14:47:23
/home/vscode/.local/lib/python3.10/site-packages/airflow/example_dags/example_latest_only_with_trigger.py                                                  1           0  0.10s           2025-04-04T14:47:49
/home/vscode/.local/lib/python3.10/site-packages/airflow/example_dags/example_dynamic_task_mapping.py                                                      1           0  0.10s           2025-04-04T14:47:51
/home/vscode/.local/lib/python3.10/site-packages/airflow/example_dags/example_sensor_decorator.py                                                          1           0  0.10s           2025-04-04T14:47:40
/home/vscode/.local/lib/python3.10/site-packages/airflow/example_dags/example_complex.py                                                                   1           0  0.10s           2025-04-04T14:47:53
/home/vscode/.local/lib/python3.10/site-packages/airflow/example_dags/tutorial.py                                                                          1           0  0.10s           2025-04-04T14:47:25
/home/vscode/.local/lib/python3.10/site-packages/airflow/example_dags/example_task_group.py                                                                1           0  0.10s           2025-04-04T14:47:32
/home/vscode/.local/lib/python3.10/site-packages/airflow/example_dags/example_dynamic_task_mapping_with_no_taskflow_operators.py                           1           0  0.10s           2025-04-04T14:47:55
/home/vscode/.local/lib/python3.10/site-packages/airflow/example_dags/example_xcom.py                                                                      1           0  0.10s           2025-04-04T14:47:25
/home/vscode/.local/lib/python3.10/site-packages/airflow/example_dags/example_bash_operator.py                                                             1           0  0.10s           2025-04-04T14:48:01
/home/vscode/.local/lib/python3.10/site-packages/airflow/example_dags/example_branch_labels.py                                                             1           0  0.10s           2025-04-04T14:48:01
/home/vscode/.local/lib/python3.10/site-packages/airflow/example_dags/example_sla_dag.py                                                                   1           0  0.11s           2025-04-04T14:47:33
/home/vscode/.local/lib/python3.10/site-packages/airflow/example_dags/example_params_ui_tutorial.py                                                        1           0  0.10s           2025-04-04T14:47:41
/home/vscode/.local/lib/python3.10/site-packages/airflow/example_dags/example_branch_day_of_week_operator.py                                               1           0  0.10s           2025-04-04T14:48:03
/home/vscode/.local/lib/python3.10/site-packages/airflow/example_dags/tutorial_taskflow_api_virtualenv.py                                                  1           0  0.10s           2025-04-04T14:47:27
/home/vscode/.local/lib/python3.10/site-packages/airflow/example_dags/example_short_circuit_decorator.py                                                   1           0  0.10s           2025-04-04T14:47:34
/home/vscode/.local/lib/python3.10/site-packages/airflow/example_dags/tutorial_taskflow_api.py                                                             1           0  0.10s           2025-04-04T14:47:28
/home/vscode/.local/lib/python3.10/site-packages/airflow/example_dags/example_dag_decorator.py                                                             1           0  0.20s           2025-04-04T14:47:56
/home/vscode/.local/lib/python3.10/site-packages/airflow/example_dags/example_params_trigger_ui.py                                                         1           0  0.10s           2025-04-04T14:47:44
/home/vscode/.local/lib/python3.10/site-packages/airflow/example_dags/example_trigger_target_dag.py                                                        1           0  0.10s           2025-04-04T14:47:29
/home/vscode/.local/lib/python3.10/site-packages/airflow/example_dags/example_nested_branch_dag.py                                                         1           0  0.10s           2025-04-04T14:47:45
/home/vscode/.local/lib/python3.10/site-packages/airflow/example_dags/example_trigger_controller_dag.py                                                    1           0  0.10s           2025-04-04T14:47:35
/home/vscode/.local/lib/python3.10/site-packages/airflow/example_dags/example_latest_only.py                                                               1           0  0.10s           2025-04-04T14:47:57
/home/vscode/.local/lib/python3.10/site-packages/airflow/example_dags/example_passing_params_via_test_command.py                                           1           0  0.10s           2025-04-04T14:47:46
/home/vscode/.local/lib/python3.10/site-packages/airflow/example_dags/example_time_delta_sensor_async.py                                                   1           0  0.10s           2025-04-04T14:47:36
/home/vscode/.local/lib/python3.10/site-packages/airflow/example_dags/example_task_group_decorator.py                                                      1           0  0.10s           2025-04-04T14:47:37
/home/vscode/.local/lib/python3.10/site-packages/airflow/example_dags/example_skip_dag.py                                                                  1           0  0.10s           2025-04-04T14:47:38
/home/vscode/.local/lib/python3.10/site-packages/airflow/example_dags/example_sensors.py                                                                   1           0  0.11s           2025-04-04T14:47:47
/home/vscode/.local/lib/python3.10/site-packages/airflow/example_dags/example_branch_operator_decorator.py                                                 1           0  0.10s           2025-04-04T14:48:04
/home/vscode/.local/lib/python3.10/site-packages/airflow/example_dags/example_branch_operator.py                                                           1           0  0.10s           2025-04-04T14:48:05
/home/vscode/.local/lib/python3.10/site-packages/airflow/example_dags/example_xcomargs.py                                                                  2           0  0.11s           2025-04-04T14:47:24
/home/vscode/.local/lib/python3.10/site-packages/airflow/example_dags/example_external_task_marker_dag.py                                                  2           0  0.10s           2025-04-04T14:47:52
/home/vscode/.local/lib/python3.10/site-packages/airflow/example_dags/example_branch_datetime_operator.py                                                  3           0  0.10s           2025-04-04T14:48:00
/home/vscode/.local/lib/python3.10/site-packages/airflow/example_dags/example_subdag_operator.py                                                           3           0  0.10s           2025-04-04T14:47:35
/home/vscode/.local/lib/python3.10/site-packages/airflow/example_dags/example_datasets.py                                                                  6           0  0.10s           2025-04-04T14:47:55
================================================================================
[2025-04-04T14:48:35.656+0000] {manager.py:889} INFO - 
================================================================================
DAG File Processing Stats

File Path                                                                                                                         PID    Runtime      # DAGs    # Errors  Last Runtime    Last Run
--------------------------------------------------------------------------------------------------------------------------------  -----  ---------  --------  ----------  --------------  -------------------
/home/vscode/.local/lib/python3.10/site-packages/airflow/example_dags/example_setup_teardown_taskflow.py                                                   0           0  0.10s           2025-04-04T14:48:15
/home/vscode/.local/lib/python3.10/site-packages/airflow/example_dags/example_setup_teardown.py                                                            0           0  0.10s           2025-04-04T14:48:27
/home/vscode/.local/lib/python3.10/site-packages/airflow/example_dags/example_local_kubernetes_executor.py                                                 0           0  0.10s           2025-04-04T14:48:28
/home/vscode/.local/lib/python3.10/site-packages/airflow/example_dags/example_kubernetes_executor.py                                                       0           0  0.10s           2025-04-04T14:47:59
/home/vscode/.local/lib/python3.10/site-packages/airflow/example_dags/plugins/workday.py                                                                   0           0  0.10s           2025-04-04T14:48:20
/home/vscode/.local/lib/python3.10/site-packages/airflow/example_dags/plugins/listener_plugin.py                                                           0           0  0.11s           2025-04-04T14:48:35
/home/vscode/.local/lib/python3.10/site-packages/airflow/example_dags/plugins/event_listener.py                                                            0           0  0.11s           2025-04-04T14:48:05
/home/vscode/.local/lib/python3.10/site-packages/airflow/example_dags/subdags/subdag.py                                                                    0           0  0.10s           2025-04-04T14:48:06
/home/vscode/.local/lib/python3.10/site-packages/airflow/example_dags/example_short_circuit_operator.py                                                    1           0  0.10s           2025-04-04T14:48:14
/home/vscode/.local/lib/python3.10/site-packages/airflow/example_dags/example_branch_python_dop_operator_3.py                                              1           0  0.10s           2025-04-04T14:48:33
/home/vscode/.local/lib/python3.10/site-packages/airflow/example_dags/example_python_operator.py                                                           1           0  0.11s           2025-04-04T14:48:24
/home/vscode/.local/lib/python3.10/site-packages/airflow/example_dags/tutorial_dag.py                                                                      1           0  0.10s           2025-04-04T14:48:07
/home/vscode/.local/lib/python3.10/site-packages/airflow/example_dags/example_latest_only_with_trigger.py                                                  1           0  0.10s           2025-04-04T14:48:34
/home/vscode/.local/lib/python3.10/site-packages/airflow/example_dags/example_dynamic_task_mapping.py                                                      1           0  0.10s           2025-04-04T14:47:51
/home/vscode/.local/lib/python3.10/site-packages/airflow/example_dags/example_sensor_decorator.py                                                          1           0  0.10s           2025-04-04T14:48:25
/home/vscode/.local/lib/python3.10/site-packages/airflow/example_dags/example_complex.py                                                                   1           0  0.10s           2025-04-04T14:47:53
/home/vscode/.local/lib/python3.10/site-packages/airflow/example_dags/tutorial.py                                                                          1           0  0.10s           2025-04-04T14:48:09
/home/vscode/.local/lib/python3.10/site-packages/airflow/example_dags/example_task_group.py                                                                1           0  0.10s           2025-04-04T14:48:15
/home/vscode/.local/lib/python3.10/site-packages/airflow/example_dags/example_dynamic_task_mapping_with_no_taskflow_operators.py                           1           0  0.10s           2025-04-04T14:47:55
/home/vscode/.local/lib/python3.10/site-packages/airflow/example_dags/example_xcom.py                                                                      1           0  0.10s           2025-04-04T14:48:10
/home/vscode/.local/lib/python3.10/site-packages/airflow/example_dags/example_bash_operator.py                                                             1           0  0.10s           2025-04-04T14:48:01
/home/vscode/.local/lib/python3.10/site-packages/airflow/example_dags/example_branch_labels.py                                                             1           0  0.10s           2025-04-04T14:48:01
/home/vscode/.local/lib/python3.10/site-packages/airflow/example_dags/example_sla_dag.py                                                                   1           0  0.10s           2025-04-04T14:48:17
/home/vscode/.local/lib/python3.10/site-packages/airflow/example_dags/example_params_ui_tutorial.py                                                        1           0  0.10s           2025-04-04T14:48:27
/home/vscode/.local/lib/python3.10/site-packages/airflow/example_dags/example_branch_day_of_week_operator.py                                               1           0  0.10s           2025-04-04T14:48:03
/home/vscode/.local/lib/python3.10/site-packages/airflow/example_dags/tutorial_taskflow_api_virtualenv.py                                                  1           0  0.10s           2025-04-04T14:48:11
/home/vscode/.local/lib/python3.10/site-packages/airflow/example_dags/example_short_circuit_decorator.py                                                   1           0  0.10s           2025-04-04T14:48:17
/home/vscode/.local/lib/python3.10/site-packages/airflow/example_dags/tutorial_taskflow_api.py                                                             1           0  0.10s           2025-04-04T14:48:12
/home/vscode/.local/lib/python3.10/site-packages/airflow/example_dags/example_dag_decorator.py                                                             1           0  0.20s           2025-04-04T14:47:56
/home/vscode/.local/lib/python3.10/site-packages/airflow/example_dags/example_params_trigger_ui.py                                                         1           0  0.10s           2025-04-04T14:48:29
/home/vscode/.local/lib/python3.10/site-packages/airflow/example_dags/example_trigger_target_dag.py                                                        1           0  0.11s           2025-04-04T14:48:13
/home/vscode/.local/lib/python3.10/site-packages/airflow/example_dags/example_nested_branch_dag.py                                                         1           0  0.10s           2025-04-04T14:48:31
/home/vscode/.local/lib/python3.10/site-packages/airflow/example_dags/example_trigger_controller_dag.py                                                    1           0  0.10s           2025-04-04T14:48:19
/home/vscode/.local/lib/python3.10/site-packages/airflow/example_dags/example_latest_only.py                                                               1           0  0.10s           2025-04-04T14:47:57
/home/vscode/.local/lib/python3.10/site-packages/airflow/example_dags/example_passing_params_via_test_command.py                                           1           0  0.10s           2025-04-04T14:48:32
/home/vscode/.local/lib/python3.10/site-packages/airflow/example_dags/example_time_delta_sensor_async.py                                                   1           0  0.10s           2025-04-04T14:48:21
/home/vscode/.local/lib/python3.10/site-packages/airflow/example_dags/example_task_group_decorator.py                                                      1           0  0.10s           2025-04-04T14:48:22
/home/vscode/.local/lib/python3.10/site-packages/airflow/example_dags/example_skip_dag.py                                                                  1           0  0.10s           2025-04-04T14:48:23
/home/vscode/.local/lib/python3.10/site-packages/airflow/example_dags/example_sensors.py                                                                   1           0  0.10s           2025-04-04T14:48:32
/home/vscode/.local/lib/python3.10/site-packages/airflow/example_dags/example_branch_operator_decorator.py                                                 1           0  0.10s           2025-04-04T14:48:04
/home/vscode/.local/lib/python3.10/site-packages/airflow/example_dags/example_branch_operator.py                                                           1           0  0.10s           2025-04-04T14:48:05
/home/vscode/.local/lib/python3.10/site-packages/airflow/example_dags/example_xcomargs.py                                                                  2           0  0.10s           2025-04-04T14:48:08
/home/vscode/.local/lib/python3.10/site-packages/airflow/example_dags/example_external_task_marker_dag.py                                                  2           0  0.10s           2025-04-04T14:47:52
/home/vscode/.local/lib/python3.10/site-packages/airflow/example_dags/example_branch_datetime_operator.py                                                  3           0  0.10s           2025-04-04T14:48:00
/home/vscode/.local/lib/python3.10/site-packages/airflow/example_dags/example_subdag_operator.py                                                           3           0  0.10s           2025-04-04T14:48:18
/home/vscode/.local/lib/python3.10/site-packages/airflow/example_dags/example_datasets.py                                                                  6           0  0.10s           2025-04-04T14:47:55
================================================================================
[2025-04-04T14:49:05.927+0000] {manager.py:889} INFO - 
================================================================================
DAG File Processing Stats

File Path                                                                                                                         PID    Runtime      # DAGs    # Errors  Last Runtime    Last Run
--------------------------------------------------------------------------------------------------------------------------------  -----  ---------  --------  ----------  --------------  -------------------
/home/vscode/.local/lib/python3.10/site-packages/airflow/example_dags/example_setup_teardown_taskflow.py                                                   0           0  0.10s           2025-04-04T14:48:59
/home/vscode/.local/lib/python3.10/site-packages/airflow/example_dags/example_setup_teardown.py                                                            0           0  0.10s           2025-04-04T14:48:27
/home/vscode/.local/lib/python3.10/site-packages/airflow/example_dags/example_local_kubernetes_executor.py                                                 0           0  0.10s           2025-04-04T14:48:28
/home/vscode/.local/lib/python3.10/site-packages/airflow/example_dags/example_kubernetes_executor.py                                                       0           0  0.10s           2025-04-04T14:48:43
/home/vscode/.local/lib/python3.10/site-packages/airflow/example_dags/plugins/workday.py                                                                   0           0  0.10s           2025-04-04T14:49:05
/home/vscode/.local/lib/python3.10/site-packages/airflow/example_dags/plugins/listener_plugin.py                                                           0           0  0.11s           2025-04-04T14:48:35
/home/vscode/.local/lib/python3.10/site-packages/airflow/example_dags/plugins/event_listener.py                                                            0           0  0.10s           2025-04-04T14:48:50
/home/vscode/.local/lib/python3.10/site-packages/airflow/example_dags/subdags/subdag.py                                                                    0           0  0.10s           2025-04-04T14:48:50
/home/vscode/.local/lib/python3.10/site-packages/airflow/example_dags/example_short_circuit_operator.py                                                    1           0  0.10s           2025-04-04T14:48:58
/home/vscode/.local/lib/python3.10/site-packages/airflow/example_dags/example_branch_python_dop_operator_3.py                                              1           0  0.10s           2025-04-04T14:48:33
/home/vscode/.local/lib/python3.10/site-packages/airflow/example_dags/example_python_operator.py                                                           1           0  0.11s           2025-04-04T14:48:24
/home/vscode/.local/lib/python3.10/site-packages/airflow/example_dags/tutorial_dag.py                                                                      1           0  0.11s           2025-04-04T14:48:51
/home/vscode/.local/lib/python3.10/site-packages/airflow/example_dags/example_latest_only_with_trigger.py                                                  1           0  0.10s           2025-04-04T14:48:34
/home/vscode/.local/lib/python3.10/site-packages/airflow/example_dags/example_dynamic_task_mapping.py                                                      1           0  0.10s           2025-04-04T14:48:36
/home/vscode/.local/lib/python3.10/site-packages/airflow/example_dags/example_sensor_decorator.py                                                          1           0  0.10s           2025-04-04T14:48:25
/home/vscode/.local/lib/python3.10/site-packages/airflow/example_dags/example_complex.py                                                                   1           0  0.11s           2025-04-04T14:48:37
/home/vscode/.local/lib/python3.10/site-packages/airflow/example_dags/tutorial.py                                                                          1           0  0.10s           2025-04-04T14:48:53
/home/vscode/.local/lib/python3.10/site-packages/airflow/example_dags/example_task_group.py                                                                1           0  0.11s           2025-04-04T14:49:00
/home/vscode/.local/lib/python3.10/site-packages/airflow/example_dags/example_dynamic_task_mapping_with_no_taskflow_operators.py                           1           0  0.10s           2025-04-04T14:48:39
/home/vscode/.local/lib/python3.10/site-packages/airflow/example_dags/example_xcom.py                                                                      1           0  0.10s           2025-04-04T14:48:54
/home/vscode/.local/lib/python3.10/site-packages/airflow/example_dags/example_bash_operator.py                                                             1           0  0.10s           2025-04-04T14:48:45
/home/vscode/.local/lib/python3.10/site-packages/airflow/example_dags/example_branch_labels.py                                                             1           0  0.10s           2025-04-04T14:48:46
/home/vscode/.local/lib/python3.10/site-packages/airflow/example_dags/example_sla_dag.py                                                                   1           0  0.10s           2025-04-04T14:49:01
/home/vscode/.local/lib/python3.10/site-packages/airflow/example_dags/example_params_ui_tutorial.py                                                        1           0  0.10s           2025-04-04T14:48:27
/home/vscode/.local/lib/python3.10/site-packages/airflow/example_dags/example_branch_day_of_week_operator.py                                               1           0  0.10s           2025-04-04T14:48:47
/home/vscode/.local/lib/python3.10/site-packages/airflow/example_dags/tutorial_taskflow_api_virtualenv.py                                                  1           0  0.10s           2025-04-04T14:48:55
/home/vscode/.local/lib/python3.10/site-packages/airflow/example_dags/example_short_circuit_decorator.py                                                   1           0  0.11s           2025-04-04T14:49:03
/home/vscode/.local/lib/python3.10/site-packages/airflow/example_dags/tutorial_taskflow_api.py                                                             1           0  0.10s           2025-04-04T14:48:56
/home/vscode/.local/lib/python3.10/site-packages/airflow/example_dags/example_dag_decorator.py                                                             1           0  0.20s           2025-04-04T14:48:41
/home/vscode/.local/lib/python3.10/site-packages/airflow/example_dags/example_params_trigger_ui.py                                                         1           0  0.10s           2025-04-04T14:48:29
/home/vscode/.local/lib/python3.10/site-packages/airflow/example_dags/example_trigger_target_dag.py                                                        1           0  0.10s           2025-04-04T14:48:57
/home/vscode/.local/lib/python3.10/site-packages/airflow/example_dags/example_nested_branch_dag.py                                                         1           0  0.10s           2025-04-04T14:48:31
/home/vscode/.local/lib/python3.10/site-packages/airflow/example_dags/example_trigger_controller_dag.py                                                    1           0  0.10s           2025-04-04T14:49:04
/home/vscode/.local/lib/python3.10/site-packages/airflow/example_dags/example_latest_only.py                                                               1           0  0.10s           2025-04-04T14:48:42
/home/vscode/.local/lib/python3.10/site-packages/airflow/example_dags/example_passing_params_via_test_command.py                                           1           0  0.10s           2025-04-04T14:48:32
/home/vscode/.local/lib/python3.10/site-packages/airflow/example_dags/example_time_delta_sensor_async.py                                                   1           0  0.10s           2025-04-04T14:48:21
/home/vscode/.local/lib/python3.10/site-packages/airflow/example_dags/example_task_group_decorator.py                                                      1           0  0.10s           2025-04-04T14:48:22
/home/vscode/.local/lib/python3.10/site-packages/airflow/example_dags/example_skip_dag.py                                                                  1           0  0.10s           2025-04-04T14:48:23
/home/vscode/.local/lib/python3.10/site-packages/airflow/example_dags/example_sensors.py                                                                   1           0  0.10s           2025-04-04T14:48:32
/home/vscode/.local/lib/python3.10/site-packages/airflow/example_dags/example_branch_operator_decorator.py                                                 1           0  0.10s           2025-04-04T14:48:48
/home/vscode/.local/lib/python3.10/site-packages/airflow/example_dags/example_branch_operator.py                                                           1           0  0.10s           2025-04-04T14:48:49
/home/vscode/.local/lib/python3.10/site-packages/airflow/example_dags/example_xcomargs.py                                                                  2           0  0.10s           2025-04-04T14:48:53
/home/vscode/.local/lib/python3.10/site-packages/airflow/example_dags/example_external_task_marker_dag.py                                                  2           0  0.11s           2025-04-04T14:48:37
/home/vscode/.local/lib/python3.10/site-packages/airflow/example_dags/example_branch_datetime_operator.py                                                  3           0  0.10s           2025-04-04T14:48:44
/home/vscode/.local/lib/python3.10/site-packages/airflow/example_dags/example_subdag_operator.py                                                           3           0  0.10s           2025-04-04T14:49:03
/home/vscode/.local/lib/python3.10/site-packages/airflow/example_dags/example_datasets.py                                                                  6           0  0.10s           2025-04-04T14:48:40
================================================================================
[2025-04-04T14:49:36.202+0000] {manager.py:889} INFO - 
================================================================================
DAG File Processing Stats

File Path                                                                                                                         PID    Runtime      # DAGs    # Errors  Last Runtime    Last Run
--------------------------------------------------------------------------------------------------------------------------------  -----  ---------  --------  ----------  --------------  -------------------
/home/vscode/.local/lib/python3.10/site-packages/airflow/example_dags/example_setup_teardown_taskflow.py                                                   0           0  0.10s           2025-04-04T14:48:59
/home/vscode/.local/lib/python3.10/site-packages/airflow/example_dags/example_setup_teardown.py                                                            0           0  0.10s           2025-04-04T14:49:13
/home/vscode/.local/lib/python3.10/site-packages/airflow/example_dags/example_local_kubernetes_executor.py                                                 0           0  0.10s           2025-04-04T14:49:15
/home/vscode/.local/lib/python3.10/site-packages/airflow/example_dags/example_kubernetes_executor.py                                                       0           0  0.10s           2025-04-04T14:49:31
/home/vscode/.local/lib/python3.10/site-packages/airflow/example_dags/plugins/workday.py                                                                   0           0  0.10s           2025-04-04T14:49:05
/home/vscode/.local/lib/python3.10/site-packages/airflow/example_dags/plugins/listener_plugin.py                                                           0           0  0.10s           2025-04-04T14:49:06
/home/vscode/.local/lib/python3.10/site-packages/airflow/example_dags/plugins/event_listener.py                                                            0           0  0.10s           2025-04-04T14:49:22
/home/vscode/.local/lib/python3.10/site-packages/airflow/example_dags/subdags/subdag.py                                                                    0           0  0.10s           2025-04-04T14:49:23
/home/vscode/.local/lib/python3.10/site-packages/airflow/example_dags/example_short_circuit_operator.py                                                    1           0  0.10s           2025-04-04T14:48:58
/home/vscode/.local/lib/python3.10/site-packages/airflow/example_dags/example_branch_python_dop_operator_3.py                                              1           0  0.10s           2025-04-04T14:49:20
/home/vscode/.local/lib/python3.10/site-packages/airflow/example_dags/example_python_operator.py                                                           1           0  0.10s           2025-04-04T14:49:11
/home/vscode/.local/lib/python3.10/site-packages/airflow/example_dags/tutorial_dag.py                                                                      1           0  0.10s           2025-04-04T14:49:24
/home/vscode/.local/lib/python3.10/site-packages/airflow/example_dags/example_latest_only_with_trigger.py                                                  1           0  0.10s           2025-04-04T14:49:21
/home/vscode/.local/lib/python3.10/site-packages/airflow/example_dags/example_dynamic_task_mapping.py                                                      1           0  0.10s           2025-04-04T14:49:25
/home/vscode/.local/lib/python3.10/site-packages/airflow/example_dags/example_sensor_decorator.py                                                          1           0  0.10s           2025-04-04T14:49:12
/home/vscode/.local/lib/python3.10/site-packages/airflow/example_dags/example_complex.py                                                                   1           0  0.10s           2025-04-04T14:49:26
/home/vscode/.local/lib/python3.10/site-packages/airflow/example_dags/tutorial.py                                                                          1           0  0.10s           2025-04-04T14:48:53
/home/vscode/.local/lib/python3.10/site-packages/airflow/example_dags/example_task_group.py                                                                1           0  0.11s           2025-04-04T14:49:00
/home/vscode/.local/lib/python3.10/site-packages/airflow/example_dags/example_dynamic_task_mapping_with_no_taskflow_operators.py                           1           0  0.10s           2025-04-04T14:49:27
/home/vscode/.local/lib/python3.10/site-packages/airflow/example_dags/example_xcom.py                                                                      1           0  0.10s           2025-04-04T14:48:54
/home/vscode/.local/lib/python3.10/site-packages/airflow/example_dags/example_bash_operator.py                                                             1           0  0.10s           2025-04-04T14:49:33
/home/vscode/.local/lib/python3.10/site-packages/airflow/example_dags/example_branch_labels.py                                                             1           0  0.10s           2025-04-04T14:49:34
/home/vscode/.local/lib/python3.10/site-packages/airflow/example_dags/example_sla_dag.py                                                                   1           0  0.10s           2025-04-04T14:49:01
/home/vscode/.local/lib/python3.10/site-packages/airflow/example_dags/example_params_ui_tutorial.py                                                        1           0  0.10s           2025-04-04T14:49:13
/home/vscode/.local/lib/python3.10/site-packages/airflow/example_dags/example_branch_day_of_week_operator.py                                               1           0  0.10s           2025-04-04T14:49:34
/home/vscode/.local/lib/python3.10/site-packages/airflow/example_dags/tutorial_taskflow_api_virtualenv.py                                                  1           0  0.10s           2025-04-04T14:48:55
/home/vscode/.local/lib/python3.10/site-packages/airflow/example_dags/example_short_circuit_decorator.py                                                   1           0  0.11s           2025-04-04T14:49:03
/home/vscode/.local/lib/python3.10/site-packages/airflow/example_dags/tutorial_taskflow_api.py                                                             1           0  0.10s           2025-04-04T14:48:56
/home/vscode/.local/lib/python3.10/site-packages/airflow/example_dags/example_dag_decorator.py                                                             1           0  0.20s           2025-04-04T14:49:29
/home/vscode/.local/lib/python3.10/site-packages/airflow/example_dags/example_params_trigger_ui.py                                                         1           0  0.10s           2025-04-04T14:49:16
/home/vscode/.local/lib/python3.10/site-packages/airflow/example_dags/example_trigger_target_dag.py                                                        1           0  0.10s           2025-04-04T14:48:57
/home/vscode/.local/lib/python3.10/site-packages/airflow/example_dags/example_nested_branch_dag.py                                                         1           0  0.10s           2025-04-04T14:49:16
/home/vscode/.local/lib/python3.10/site-packages/airflow/example_dags/example_trigger_controller_dag.py                                                    1           0  0.10s           2025-04-04T14:49:04
/home/vscode/.local/lib/python3.10/site-packages/airflow/example_dags/example_latest_only.py                                                               1           0  0.10s           2025-04-04T14:49:30
/home/vscode/.local/lib/python3.10/site-packages/airflow/example_dags/example_passing_params_via_test_command.py                                           1           0  0.10s           2025-04-04T14:49:17
/home/vscode/.local/lib/python3.10/site-packages/airflow/example_dags/example_time_delta_sensor_async.py                                                   1           0  0.10s           2025-04-04T14:49:07
/home/vscode/.local/lib/python3.10/site-packages/airflow/example_dags/example_task_group_decorator.py                                                      1           0  0.10s           2025-04-04T14:49:08
/home/vscode/.local/lib/python3.10/site-packages/airflow/example_dags/example_skip_dag.py                                                                  1           0  0.10s           2025-04-04T14:49:09
/home/vscode/.local/lib/python3.10/site-packages/airflow/example_dags/example_sensors.py                                                                   1           0  0.10s           2025-04-04T14:49:18
/home/vscode/.local/lib/python3.10/site-packages/airflow/example_dags/example_branch_operator_decorator.py                                                 1           0  0.10s           2025-04-04T14:49:35
/home/vscode/.local/lib/python3.10/site-packages/airflow/example_dags/example_branch_operator.py                                                           1           0  0.11s           2025-04-04T14:49:36
/home/vscode/.local/lib/python3.10/site-packages/airflow/example_dags/example_xcomargs.py                                                                  2           0  0.10s           2025-04-04T14:48:53
/home/vscode/.local/lib/python3.10/site-packages/airflow/example_dags/example_external_task_marker_dag.py                                                  2           0  0.10s           2025-04-04T14:49:26
/home/vscode/.local/lib/python3.10/site-packages/airflow/example_dags/example_branch_datetime_operator.py                                                  3           0  0.10s           2025-04-04T14:49:32
/home/vscode/.local/lib/python3.10/site-packages/airflow/example_dags/example_subdag_operator.py                                                           3           0  0.10s           2025-04-04T14:49:03
/home/vscode/.local/lib/python3.10/site-packages/airflow/example_dags/example_datasets.py                                                                  6           0  0.10s           2025-04-04T14:49:29
================================================================================
[2025-04-04T14:50:06.390+0000] {manager.py:889} INFO - 
================================================================================
DAG File Processing Stats

File Path                                                                                                                         PID    Runtime      # DAGs    # Errors  Last Runtime    Last Run
--------------------------------------------------------------------------------------------------------------------------------  -----  ---------  --------  ----------  --------------  -------------------
/home/vscode/.local/lib/python3.10/site-packages/airflow/example_dags/example_setup_teardown_taskflow.py                                                   0           0  0.10s           2025-04-04T14:49:45
/home/vscode/.local/lib/python3.10/site-packages/airflow/example_dags/example_setup_teardown.py                                                            0           0  0.11s           2025-04-04T14:49:57
/home/vscode/.local/lib/python3.10/site-packages/airflow/example_dags/example_local_kubernetes_executor.py                                                 0           0  0.10s           2025-04-04T14:49:58
/home/vscode/.local/lib/python3.10/site-packages/airflow/example_dags/example_kubernetes_executor.py                                                       0           0  0.10s           2025-04-04T14:49:31
/home/vscode/.local/lib/python3.10/site-packages/airflow/example_dags/plugins/workday.py                                                                   0           0  0.10s           2025-04-04T14:49:36
/home/vscode/.local/lib/python3.10/site-packages/airflow/example_dags/plugins/listener_plugin.py                                                           0           0  0.10s           2025-04-04T14:49:38
/home/vscode/.local/lib/python3.10/site-packages/airflow/example_dags/plugins/event_listener.py                                                            0           0  0.10s           2025-04-04T14:50:05
/home/vscode/.local/lib/python3.10/site-packages/airflow/example_dags/subdags/subdag.py                                                                    0           0  0.10s           2025-04-04T14:50:06
/home/vscode/.local/lib/python3.10/site-packages/airflow/example_dags/example_short_circuit_operator.py                                                    1           0  0.10s           2025-04-04T14:49:44
/home/vscode/.local/lib/python3.10/site-packages/airflow/example_dags/example_branch_python_dop_operator_3.py                                              1           0  0.10s           2025-04-04T14:50:03
/home/vscode/.local/lib/python3.10/site-packages/airflow/example_dags/example_python_operator.py                                                           1           0  0.10s           2025-04-04T14:49:54
/home/vscode/.local/lib/python3.10/site-packages/airflow/example_dags/tutorial_dag.py                                                                      1           0  0.10s           2025-04-04T14:49:24
/home/vscode/.local/lib/python3.10/site-packages/airflow/example_dags/example_latest_only_with_trigger.py                                                  1           0  0.10s           2025-04-04T14:50:04
/home/vscode/.local/lib/python3.10/site-packages/airflow/example_dags/example_dynamic_task_mapping.py                                                      1           0  0.10s           2025-04-04T14:49:25
/home/vscode/.local/lib/python3.10/site-packages/airflow/example_dags/example_sensor_decorator.py                                                          1           0  0.10s           2025-04-04T14:49:54
/home/vscode/.local/lib/python3.10/site-packages/airflow/example_dags/example_complex.py                                                                   1           0  0.10s           2025-04-04T14:49:26
/home/vscode/.local/lib/python3.10/site-packages/airflow/example_dags/tutorial.py                                                                          1           0  0.10s           2025-04-04T14:49:39
/home/vscode/.local/lib/python3.10/site-packages/airflow/example_dags/example_task_group.py                                                                1           0  0.11s           2025-04-04T14:49:46
/home/vscode/.local/lib/python3.10/site-packages/airflow/example_dags/example_dynamic_task_mapping_with_no_taskflow_operators.py                           1           0  0.10s           2025-04-04T14:49:27
/home/vscode/.local/lib/python3.10/site-packages/airflow/example_dags/example_xcom.py                                                                      1           0  0.21s           2025-04-04T14:49:40
/home/vscode/.local/lib/python3.10/site-packages/airflow/example_dags/example_bash_operator.py                                                             1           0  0.10s           2025-04-04T14:49:33
/home/vscode/.local/lib/python3.10/site-packages/airflow/example_dags/example_branch_labels.py                                                             1           0  0.10s           2025-04-04T14:49:34
/home/vscode/.local/lib/python3.10/site-packages/airflow/example_dags/example_sla_dag.py                                                                   1           0  0.10s           2025-04-04T14:49:48
/home/vscode/.local/lib/python3.10/site-packages/airflow/example_dags/example_params_ui_tutorial.py                                                        1           0  0.10s           2025-04-04T14:49:56
/home/vscode/.local/lib/python3.10/site-packages/airflow/example_dags/example_branch_day_of_week_operator.py                                               1           0  0.10s           2025-04-04T14:49:34
/home/vscode/.local/lib/python3.10/site-packages/airflow/example_dags/tutorial_taskflow_api_virtualenv.py                                                  1           0  0.10s           2025-04-04T14:49:41
/home/vscode/.local/lib/python3.10/site-packages/airflow/example_dags/example_short_circuit_decorator.py                                                   1           0  0.10s           2025-04-04T14:49:49
/home/vscode/.local/lib/python3.10/site-packages/airflow/example_dags/tutorial_taskflow_api.py                                                             1           0  0.10s           2025-04-04T14:49:43
/home/vscode/.local/lib/python3.10/site-packages/airflow/example_dags/example_dag_decorator.py                                                             1           0  0.20s           2025-04-04T14:49:29
/home/vscode/.local/lib/python3.10/site-packages/airflow/example_dags/example_params_trigger_ui.py                                                         1           0  0.10s           2025-04-04T14:49:59
/home/vscode/.local/lib/python3.10/site-packages/airflow/example_dags/example_trigger_target_dag.py                                                        1           0  0.10s           2025-04-04T14:49:44
/home/vscode/.local/lib/python3.10/site-packages/airflow/example_dags/example_nested_branch_dag.py                                                         1           0  0.10s           2025-04-04T14:50:00
/home/vscode/.local/lib/python3.10/site-packages/airflow/example_dags/example_trigger_controller_dag.py                                                    1           0  0.21s           2025-04-04T14:49:51
/home/vscode/.local/lib/python3.10/site-packages/airflow/example_dags/example_latest_only.py                                                               1           0  0.10s           2025-04-04T14:49:30
/home/vscode/.local/lib/python3.10/site-packages/airflow/example_dags/example_passing_params_via_test_command.py                                           1           0  0.10s           2025-04-04T14:50:01
/home/vscode/.local/lib/python3.10/site-packages/airflow/example_dags/example_time_delta_sensor_async.py                                                   1           0  0.10s           2025-04-04T14:49:51
/home/vscode/.local/lib/python3.10/site-packages/airflow/example_dags/example_task_group_decorator.py                                                      1           0  0.12s           2025-04-04T14:49:52
/home/vscode/.local/lib/python3.10/site-packages/airflow/example_dags/example_skip_dag.py                                                                  1           0  0.10s           2025-04-04T14:49:53
/home/vscode/.local/lib/python3.10/site-packages/airflow/example_dags/example_sensors.py                                                                   1           0  0.10s           2025-04-04T14:50:02
/home/vscode/.local/lib/python3.10/site-packages/airflow/example_dags/example_branch_operator_decorator.py                                                 1           0  0.10s           2025-04-04T14:49:35
/home/vscode/.local/lib/python3.10/site-packages/airflow/example_dags/example_branch_operator.py                                                           1           0  0.11s           2025-04-04T14:49:36
/home/vscode/.local/lib/python3.10/site-packages/airflow/example_dags/example_xcomargs.py                                                                  2           0  0.10s           2025-04-04T14:49:39
/home/vscode/.local/lib/python3.10/site-packages/airflow/example_dags/example_external_task_marker_dag.py                                                  2           0  0.10s           2025-04-04T14:49:26
/home/vscode/.local/lib/python3.10/site-packages/airflow/example_dags/example_branch_datetime_operator.py                                                  3           0  0.10s           2025-04-04T14:49:32
/home/vscode/.local/lib/python3.10/site-packages/airflow/example_dags/example_subdag_operator.py                                                           3           0  0.10s           2025-04-04T14:49:49
/home/vscode/.local/lib/python3.10/site-packages/airflow/example_dags/example_datasets.py                                                                  6           0  0.10s           2025-04-04T14:49:29
================================================================================
[2025-04-04T14:50:36.670+0000] {manager.py:889} INFO - 
================================================================================
DAG File Processing Stats

File Path                                                                                                                         PID    Runtime      # DAGs    # Errors  Last Runtime    Last Run
--------------------------------------------------------------------------------------------------------------------------------  -----  ---------  --------  ----------  --------------  -------------------
/home/vscode/.local/lib/python3.10/site-packages/airflow/example_dags/example_setup_teardown_taskflow.py                                                   0           0  0.10s           2025-04-04T14:50:29
/home/vscode/.local/lib/python3.10/site-packages/airflow/example_dags/example_setup_teardown.py                                                            0           0  0.11s           2025-04-04T14:49:57
/home/vscode/.local/lib/python3.10/site-packages/airflow/example_dags/example_local_kubernetes_executor.py                                                 0           0  0.10s           2025-04-04T14:49:58
/home/vscode/.local/lib/python3.10/site-packages/airflow/example_dags/example_kubernetes_executor.py                                                       0           0  0.10s           2025-04-04T14:50:15
/home/vscode/.local/lib/python3.10/site-packages/airflow/example_dags/plugins/workday.py                                                                   0           0  0.10s           2025-04-04T14:50:20
/home/vscode/.local/lib/python3.10/site-packages/airflow/example_dags/plugins/listener_plugin.py                                                           0           0  0.10s           2025-04-04T14:50:21
/home/vscode/.local/lib/python3.10/site-packages/airflow/example_dags/plugins/event_listener.py                                                            0           0  0.10s           2025-04-04T14:50:36
/home/vscode/.local/lib/python3.10/site-packages/airflow/example_dags/subdags/subdag.py                                                                    0           0  0.10s           2025-04-04T14:50:06
/home/vscode/.local/lib/python3.10/site-packages/airflow/example_dags/example_short_circuit_operator.py                                                    1           0  0.10s           2025-04-04T14:50:28
/home/vscode/.local/lib/python3.10/site-packages/airflow/example_dags/example_branch_python_dop_operator_3.py                                              1           0  0.10s           2025-04-04T14:50:03
/home/vscode/.local/lib/python3.10/site-packages/airflow/example_dags/example_python_operator.py                                                           1           0  0.10s           2025-04-04T14:49:54
/home/vscode/.local/lib/python3.10/site-packages/airflow/example_dags/tutorial_dag.py                                                                      1           0  0.10s           2025-04-04T14:50:07
/home/vscode/.local/lib/python3.10/site-packages/airflow/example_dags/example_latest_only_with_trigger.py                                                  1           0  0.10s           2025-04-04T14:50:04
/home/vscode/.local/lib/python3.10/site-packages/airflow/example_dags/example_dynamic_task_mapping.py                                                      1           0  0.10s           2025-04-04T14:50:08
/home/vscode/.local/lib/python3.10/site-packages/airflow/example_dags/example_sensor_decorator.py                                                          1           0  0.10s           2025-04-04T14:49:54
/home/vscode/.local/lib/python3.10/site-packages/airflow/example_dags/example_complex.py                                                                   1           0  0.10s           2025-04-04T14:50:10
/home/vscode/.local/lib/python3.10/site-packages/airflow/example_dags/tutorial.py                                                                          1           0  0.10s           2025-04-04T14:50:23
/home/vscode/.local/lib/python3.10/site-packages/airflow/example_dags/example_task_group.py                                                                1           0  0.10s           2025-04-04T14:50:30
/home/vscode/.local/lib/python3.10/site-packages/airflow/example_dags/example_dynamic_task_mapping_with_no_taskflow_operators.py                           1           0  0.11s           2025-04-04T14:50:11
/home/vscode/.local/lib/python3.10/site-packages/airflow/example_dags/example_xcom.py                                                                      1           0  0.10s           2025-04-04T14:50:24
/home/vscode/.local/lib/python3.10/site-packages/airflow/example_dags/example_bash_operator.py                                                             1           0  0.10s           2025-04-04T14:50:17
/home/vscode/.local/lib/python3.10/site-packages/airflow/example_dags/example_branch_labels.py                                                             1           0  0.33s           2025-04-04T14:50:18
/home/vscode/.local/lib/python3.10/site-packages/airflow/example_dags/example_sla_dag.py                                                                   1           0  0.10s           2025-04-04T14:50:32
/home/vscode/.local/lib/python3.10/site-packages/airflow/example_dags/example_params_ui_tutorial.py                                                        1           0  0.10s           2025-04-04T14:49:56
/home/vscode/.local/lib/python3.10/site-packages/airflow/example_dags/example_branch_day_of_week_operator.py                                               1           0  0.10s           2025-04-04T14:50:19
/home/vscode/.local/lib/python3.10/site-packages/airflow/example_dags/tutorial_taskflow_api_virtualenv.py                                                  1           0  0.10s           2025-04-04T14:50:25
/home/vscode/.local/lib/python3.10/site-packages/airflow/example_dags/example_short_circuit_decorator.py                                                   1           0  0.10s           2025-04-04T14:50:33
/home/vscode/.local/lib/python3.10/site-packages/airflow/example_dags/tutorial_taskflow_api.py                                                             1           0  0.10s           2025-04-04T14:50:26
/home/vscode/.local/lib/python3.10/site-packages/airflow/example_dags/example_dag_decorator.py                                                             1           0  0.20s           2025-04-04T14:50:13
/home/vscode/.local/lib/python3.10/site-packages/airflow/example_dags/example_params_trigger_ui.py                                                         1           0  0.10s           2025-04-04T14:49:59
/home/vscode/.local/lib/python3.10/site-packages/airflow/example_dags/example_trigger_target_dag.py                                                        1           0  0.10s           2025-04-04T14:50:27
/home/vscode/.local/lib/python3.10/site-packages/airflow/example_dags/example_nested_branch_dag.py                                                         1           0  0.10s           2025-04-04T14:50:00
/home/vscode/.local/lib/python3.10/site-packages/airflow/example_dags/example_trigger_controller_dag.py                                                    1           0  0.11s           2025-04-04T14:50:36
/home/vscode/.local/lib/python3.10/site-packages/airflow/example_dags/example_latest_only.py                                                               1           0  0.11s           2025-04-04T14:50:15
/home/vscode/.local/lib/python3.10/site-packages/airflow/example_dags/example_passing_params_via_test_command.py                                           1           0  0.10s           2025-04-04T14:50:01
/home/vscode/.local/lib/python3.10/site-packages/airflow/example_dags/example_time_delta_sensor_async.py                                                   1           0  0.10s           2025-04-04T14:49:51
/home/vscode/.local/lib/python3.10/site-packages/airflow/example_dags/example_task_group_decorator.py                                                      1           0  0.12s           2025-04-04T14:49:52
/home/vscode/.local/lib/python3.10/site-packages/airflow/example_dags/example_skip_dag.py                                                                  1           0  0.10s           2025-04-04T14:49:53
/home/vscode/.local/lib/python3.10/site-packages/airflow/example_dags/example_sensors.py                                                                   1           0  0.10s           2025-04-04T14:50:02
/home/vscode/.local/lib/python3.10/site-packages/airflow/example_dags/example_branch_operator_decorator.py                                                 1           0  0.10s           2025-04-04T14:50:34
/home/vscode/.local/lib/python3.10/site-packages/airflow/example_dags/example_branch_operator.py                                                           1           0  0.10s           2025-04-04T14:50:35
/home/vscode/.local/lib/python3.10/site-packages/airflow/example_dags/example_xcomargs.py                                                                  2           0  0.10s           2025-04-04T14:50:22
/home/vscode/.local/lib/python3.10/site-packages/airflow/example_dags/example_external_task_marker_dag.py                                                  2           0  0.10s           2025-04-04T14:50:09
/home/vscode/.local/lib/python3.10/site-packages/airflow/example_dags/example_branch_datetime_operator.py                                                  3           0  0.10s           2025-04-04T14:50:16
/home/vscode/.local/lib/python3.10/site-packages/airflow/example_dags/example_subdag_operator.py                                                           3           0  0.10s           2025-04-04T14:50:34
/home/vscode/.local/lib/python3.10/site-packages/airflow/example_dags/example_datasets.py                                                                  6           0  0.10s           2025-04-04T14:50:12
================================================================================
[2025-04-04T14:51:06.935+0000] {manager.py:889} INFO - 
================================================================================
DAG File Processing Stats

File Path                                                                                                                         PID    Runtime      # DAGs    # Errors  Last Runtime    Last Run
--------------------------------------------------------------------------------------------------------------------------------  -----  ---------  --------  ----------  --------------  -------------------
/home/vscode/.local/lib/python3.10/site-packages/airflow/example_dags/example_setup_teardown_taskflow.py                                                   0           0  0.10s           2025-04-04T14:50:29
/home/vscode/.local/lib/python3.10/site-packages/airflow/example_dags/example_setup_teardown.py                                                            0           0  0.10s           2025-04-04T14:50:43
/home/vscode/.local/lib/python3.10/site-packages/airflow/example_dags/example_local_kubernetes_executor.py                                                 0           0  0.10s           2025-04-04T14:50:44
/home/vscode/.local/lib/python3.10/site-packages/airflow/example_dags/example_kubernetes_executor.py                                                       0           0  0.10s           2025-04-04T14:51:00
/home/vscode/.local/lib/python3.10/site-packages/airflow/example_dags/plugins/workday.py                                                                   0           0  0.10s           2025-04-04T14:50:51
/home/vscode/.local/lib/python3.10/site-packages/airflow/example_dags/plugins/listener_plugin.py                                                           0           0  0.10s           2025-04-04T14:51:05
/home/vscode/.local/lib/python3.10/site-packages/airflow/example_dags/plugins/event_listener.py                                                            0           0  0.10s           2025-04-04T14:50:36
/home/vscode/.local/lib/python3.10/site-packages/airflow/example_dags/subdags/subdag.py                                                                    0           0  0.10s           2025-04-04T14:50:51
/home/vscode/.local/lib/python3.10/site-packages/airflow/example_dags/example_short_circuit_operator.py                                                    1           0  0.10s           2025-04-04T14:50:28
/home/vscode/.local/lib/python3.10/site-packages/airflow/example_dags/example_branch_python_dop_operator_3.py                                              1           0  0.10s           2025-04-04T14:50:48
/home/vscode/.local/lib/python3.10/site-packages/airflow/example_dags/example_python_operator.py                                                           1           0  0.10s           2025-04-04T14:50:41
/home/vscode/.local/lib/python3.10/site-packages/airflow/example_dags/tutorial_dag.py                                                                      1           0  0.10s           2025-04-04T14:50:51
/home/vscode/.local/lib/python3.10/site-packages/airflow/example_dags/example_latest_only_with_trigger.py                                                  1           0  0.10s           2025-04-04T14:50:50
/home/vscode/.local/lib/python3.10/site-packages/airflow/example_dags/example_dynamic_task_mapping.py                                                      1           0  0.11s           2025-04-04T14:50:52
/home/vscode/.local/lib/python3.10/site-packages/airflow/example_dags/example_sensor_decorator.py                                                          1           0  0.10s           2025-04-04T14:50:41
/home/vscode/.local/lib/python3.10/site-packages/airflow/example_dags/example_complex.py                                                                   1           0  0.10s           2025-04-04T14:50:55
/home/vscode/.local/lib/python3.10/site-packages/airflow/example_dags/tutorial.py                                                                          1           0  0.10s           2025-04-04T14:51:06
/home/vscode/.local/lib/python3.10/site-packages/airflow/example_dags/example_task_group.py                                                                1           0  0.10s           2025-04-04T14:50:30
/home/vscode/.local/lib/python3.10/site-packages/airflow/example_dags/example_dynamic_task_mapping_with_no_taskflow_operators.py                           1           0  0.10s           2025-04-04T14:50:56
/home/vscode/.local/lib/python3.10/site-packages/airflow/example_dags/example_xcom.py                                                                      1           0  0.10s           2025-04-04T14:50:24
/home/vscode/.local/lib/python3.10/site-packages/airflow/example_dags/example_bash_operator.py                                                             1           0  0.10s           2025-04-04T14:51:01
/home/vscode/.local/lib/python3.10/site-packages/airflow/example_dags/example_branch_labels.py                                                             1           0  0.10s           2025-04-04T14:51:02
/home/vscode/.local/lib/python3.10/site-packages/airflow/example_dags/example_sla_dag.py                                                                   1           0  0.10s           2025-04-04T14:50:32
/home/vscode/.local/lib/python3.10/site-packages/airflow/example_dags/example_params_ui_tutorial.py                                                        1           0  0.10s           2025-04-04T14:50:42
/home/vscode/.local/lib/python3.10/site-packages/airflow/example_dags/example_branch_day_of_week_operator.py                                               1           0  0.10s           2025-04-04T14:51:04
/home/vscode/.local/lib/python3.10/site-packages/airflow/example_dags/tutorial_taskflow_api_virtualenv.py                                                  1           0  0.10s           2025-04-04T14:50:25
/home/vscode/.local/lib/python3.10/site-packages/airflow/example_dags/example_short_circuit_decorator.py                                                   1           0  0.10s           2025-04-04T14:50:33
/home/vscode/.local/lib/python3.10/site-packages/airflow/example_dags/tutorial_taskflow_api.py                                                             1           0  0.10s           2025-04-04T14:50:26
/home/vscode/.local/lib/python3.10/site-packages/airflow/example_dags/example_dag_decorator.py                                                             1           0  0.20s           2025-04-04T14:50:57
/home/vscode/.local/lib/python3.10/site-packages/airflow/example_dags/example_params_trigger_ui.py                                                         1           0  0.10s           2025-04-04T14:50:45
/home/vscode/.local/lib/python3.10/site-packages/airflow/example_dags/example_trigger_target_dag.py                                                        1           0  0.10s           2025-04-04T14:50:27
/home/vscode/.local/lib/python3.10/site-packages/airflow/example_dags/example_nested_branch_dag.py                                                         1           0  0.10s           2025-04-04T14:50:46
/home/vscode/.local/lib/python3.10/site-packages/airflow/example_dags/example_trigger_controller_dag.py                                                    1           0  0.11s           2025-04-04T14:50:36
/home/vscode/.local/lib/python3.10/site-packages/airflow/example_dags/example_latest_only.py                                                               1           0  0.10s           2025-04-04T14:50:59
/home/vscode/.local/lib/python3.10/site-packages/airflow/example_dags/example_passing_params_via_test_command.py                                           1           0  0.10s           2025-04-04T14:50:47
/home/vscode/.local/lib/python3.10/site-packages/airflow/example_dags/example_time_delta_sensor_async.py                                                   1           0  0.10s           2025-04-04T14:50:37
/home/vscode/.local/lib/python3.10/site-packages/airflow/example_dags/example_task_group_decorator.py                                                      1           0  0.11s           2025-04-04T14:50:38
/home/vscode/.local/lib/python3.10/site-packages/airflow/example_dags/example_skip_dag.py                                                                  1           0  0.10s           2025-04-04T14:50:39
/home/vscode/.local/lib/python3.10/site-packages/airflow/example_dags/example_sensors.py                                                                   1           0  0.10s           2025-04-04T14:50:47
/home/vscode/.local/lib/python3.10/site-packages/airflow/example_dags/example_branch_operator_decorator.py                                                 1           0  0.10s           2025-04-04T14:50:34
/home/vscode/.local/lib/python3.10/site-packages/airflow/example_dags/example_branch_operator.py                                                           1           0  0.10s           2025-04-04T14:50:35
/home/vscode/.local/lib/python3.10/site-packages/airflow/example_dags/example_xcomargs.py                                                                  2           0  0.10s           2025-04-04T14:51:06
/home/vscode/.local/lib/python3.10/site-packages/airflow/example_dags/example_external_task_marker_dag.py                                                  2           0  0.10s           2025-04-04T14:50:54
/home/vscode/.local/lib/python3.10/site-packages/airflow/example_dags/example_branch_datetime_operator.py                                                  3           0  0.10s           2025-04-04T14:51:01
/home/vscode/.local/lib/python3.10/site-packages/airflow/example_dags/example_subdag_operator.py                                                           3           0  0.10s           2025-04-04T14:50:34
/home/vscode/.local/lib/python3.10/site-packages/airflow/example_dags/example_datasets.py                                                                  6           0  0.10s           2025-04-04T14:50:56
================================================================================
[2025-04-04T14:51:34.444+0000] {manager.py:758} INFO - Searching for files in /workspaces/hands-on-introduction-data-engineering-4395021/airflow/dags
[2025-04-04T14:51:34.460+0000] {manager.py:761} INFO - There are 46 files in /workspaces/hands-on-introduction-data-engineering-4395021/airflow/dags
[2025-04-04T14:51:37.094+0000] {manager.py:889} INFO - 
================================================================================
DAG File Processing Stats

File Path                                                                                                                         PID    Runtime      # DAGs    # Errors  Last Runtime    Last Run
--------------------------------------------------------------------------------------------------------------------------------  -----  ---------  --------  ----------  --------------  -------------------
/home/vscode/.local/lib/python3.10/site-packages/airflow/example_dags/example_setup_teardown_taskflow.py                                                   0           0  0.10s           2025-04-04T14:51:13
/home/vscode/.local/lib/python3.10/site-packages/airflow/example_dags/example_setup_teardown.py                                                            0           0  0.10s           2025-04-04T14:51:26
/home/vscode/.local/lib/python3.10/site-packages/airflow/example_dags/example_local_kubernetes_executor.py                                                 0           0  0.10s           2025-04-04T14:51:27
/home/vscode/.local/lib/python3.10/site-packages/airflow/example_dags/example_kubernetes_executor.py                                                       0           0  0.10s           2025-04-04T14:51:00
/home/vscode/.local/lib/python3.10/site-packages/airflow/example_dags/plugins/workday.py                                                                   0           0  0.10s           2025-04-04T14:51:34
/home/vscode/.local/lib/python3.10/site-packages/airflow/example_dags/plugins/listener_plugin.py                                                           0           0  0.10s           2025-04-04T14:51:05
/home/vscode/.local/lib/python3.10/site-packages/airflow/example_dags/plugins/event_listener.py                                                            0           0  0.10s           2025-04-04T14:51:19
/home/vscode/.local/lib/python3.10/site-packages/airflow/example_dags/subdags/subdag.py                                                                    0           0  0.10s           2025-04-04T14:51:34
/home/vscode/.local/lib/python3.10/site-packages/airflow/example_dags/example_short_circuit_operator.py                                                    1           0  0.10s           2025-04-04T14:51:12
/home/vscode/.local/lib/python3.10/site-packages/airflow/example_dags/example_branch_python_dop_operator_3.py                                              1           0  0.10s           2025-04-04T14:51:32
/home/vscode/.local/lib/python3.10/site-packages/airflow/example_dags/example_python_operator.py                                                           1           0  0.10s           2025-04-04T14:51:23
/home/vscode/.local/lib/python3.10/site-packages/airflow/example_dags/tutorial_dag.py                                                                      1           0  0.10s           2025-04-04T14:51:35
/home/vscode/.local/lib/python3.10/site-packages/airflow/example_dags/example_latest_only_with_trigger.py                                                  1           0  0.10s           2025-04-04T14:51:37
/home/vscode/.local/lib/python3.10/site-packages/airflow/example_dags/example_dynamic_task_mapping.py                                                      1           0  0.11s           2025-04-04T14:50:52
/home/vscode/.local/lib/python3.10/site-packages/airflow/example_dags/example_sensor_decorator.py                                                          1           0  0.10s           2025-04-04T14:51:24
/home/vscode/.local/lib/python3.10/site-packages/airflow/example_dags/example_complex.py                                                                   1           0  0.10s           2025-04-04T14:50:55
/home/vscode/.local/lib/python3.10/site-packages/airflow/example_dags/tutorial.py                                                                          1           0  0.10s           2025-04-04T14:51:06
/home/vscode/.local/lib/python3.10/site-packages/airflow/example_dags/example_task_group.py                                                                1           0  0.10s           2025-04-04T14:51:14
/home/vscode/.local/lib/python3.10/site-packages/airflow/example_dags/example_dynamic_task_mapping_with_no_taskflow_operators.py                           1           0  0.10s           2025-04-04T14:50:56
/home/vscode/.local/lib/python3.10/site-packages/airflow/example_dags/example_xcom.py                                                                      1           0  0.11s           2025-04-04T14:51:08
/home/vscode/.local/lib/python3.10/site-packages/airflow/example_dags/example_bash_operator.py                                                             1           0  0.10s           2025-04-04T14:51:01
/home/vscode/.local/lib/python3.10/site-packages/airflow/example_dags/example_branch_labels.py                                                             1           0  0.10s           2025-04-04T14:51:02
/home/vscode/.local/lib/python3.10/site-packages/airflow/example_dags/example_sla_dag.py                                                                   1           0  0.11s           2025-04-04T14:51:15
/home/vscode/.local/lib/python3.10/site-packages/airflow/example_dags/example_params_ui_tutorial.py                                                        1           0  0.10s           2025-04-04T14:51:25
/home/vscode/.local/lib/python3.10/site-packages/airflow/example_dags/example_branch_day_of_week_operator.py                                               1           0  0.10s           2025-04-04T14:51:04
/home/vscode/.local/lib/python3.10/site-packages/airflow/example_dags/tutorial_taskflow_api_virtualenv.py                                                  1           0  0.10s           2025-04-04T14:51:09
/home/vscode/.local/lib/python3.10/site-packages/airflow/example_dags/example_short_circuit_decorator.py                                                   1           0  0.10s           2025-04-04T14:51:16
/home/vscode/.local/lib/python3.10/site-packages/airflow/example_dags/tutorial_taskflow_api.py                                                             1           0  0.10s           2025-04-04T14:51:10
/home/vscode/.local/lib/python3.10/site-packages/airflow/example_dags/example_dag_decorator.py                                                             1           0  0.20s           2025-04-04T14:50:57
/home/vscode/.local/lib/python3.10/site-packages/airflow/example_dags/example_params_trigger_ui.py                                                         1           0  0.10s           2025-04-04T14:51:28
/home/vscode/.local/lib/python3.10/site-packages/airflow/example_dags/example_trigger_target_dag.py                                                        1           0  0.10s           2025-04-04T14:51:11
/home/vscode/.local/lib/python3.10/site-packages/airflow/example_dags/example_nested_branch_dag.py                                                         1           0  0.10s           2025-04-04T14:51:29
/home/vscode/.local/lib/python3.10/site-packages/airflow/example_dags/example_trigger_controller_dag.py                                                    1           0  0.10s           2025-04-04T14:51:20
/home/vscode/.local/lib/python3.10/site-packages/airflow/example_dags/example_latest_only.py                                                               1           0  0.10s           2025-04-04T14:50:59
/home/vscode/.local/lib/python3.10/site-packages/airflow/example_dags/example_passing_params_via_test_command.py                                           1           0  0.10s           2025-04-04T14:51:30
/home/vscode/.local/lib/python3.10/site-packages/airflow/example_dags/example_time_delta_sensor_async.py                                                   1           0  0.10s           2025-04-04T14:51:21
/home/vscode/.local/lib/python3.10/site-packages/airflow/example_dags/example_task_group_decorator.py                                                      1           0  0.10s           2025-04-04T14:51:22
/home/vscode/.local/lib/python3.10/site-packages/airflow/example_dags/example_skip_dag.py                                                                  1           0  0.10s           2025-04-04T14:51:22
/home/vscode/.local/lib/python3.10/site-packages/airflow/example_dags/example_sensors.py                                                                   1           0  0.10s           2025-04-04T14:51:31
/home/vscode/.local/lib/python3.10/site-packages/airflow/example_dags/example_branch_operator_decorator.py                                                 1           0  0.10s           2025-04-04T14:51:18
/home/vscode/.local/lib/python3.10/site-packages/airflow/example_dags/example_branch_operator.py                                                           1           0  0.10s           2025-04-04T14:51:33
/home/vscode/.local/lib/python3.10/site-packages/airflow/example_dags/example_xcomargs.py                                                                  2           0  0.10s           2025-04-04T14:51:06
/home/vscode/.local/lib/python3.10/site-packages/airflow/example_dags/example_external_task_marker_dag.py                                                  2           0  0.10s           2025-04-04T14:50:54
/home/vscode/.local/lib/python3.10/site-packages/airflow/example_dags/example_branch_datetime_operator.py                                                  3           0  0.10s           2025-04-04T14:51:01
/home/vscode/.local/lib/python3.10/site-packages/airflow/example_dags/example_subdag_operator.py                                                           3           0  0.10s           2025-04-04T14:51:17
/home/vscode/.local/lib/python3.10/site-packages/airflow/example_dags/example_datasets.py                                                                  6           0  0.10s           2025-04-04T14:50:56
================================================================================
[2025-04-04T14:52:07.371+0000] {manager.py:889} INFO - 
================================================================================
DAG File Processing Stats

File Path                                                                                                                         PID    Runtime      # DAGs    # Errors  Last Runtime    Last Run
--------------------------------------------------------------------------------------------------------------------------------  -----  ---------  --------  ----------  --------------  -------------------
/home/vscode/.local/lib/python3.10/site-packages/airflow/example_dags/example_setup_teardown_taskflow.py                                                   0           0  0.10s           2025-04-04T14:51:58
/home/vscode/.local/lib/python3.10/site-packages/airflow/example_dags/example_setup_teardown.py                                                            0           0  0.10s           2025-04-04T14:51:26
/home/vscode/.local/lib/python3.10/site-packages/airflow/example_dags/example_local_kubernetes_executor.py                                                 0           0  0.10s           2025-04-04T14:51:27
/home/vscode/.local/lib/python3.10/site-packages/airflow/example_dags/example_kubernetes_executor.py                                                       0           0  0.10s           2025-04-04T14:51:45
/home/vscode/.local/lib/python3.10/site-packages/airflow/example_dags/plugins/workday.py                                                                   0           0  0.10s           2025-04-04T14:51:34
/home/vscode/.local/lib/python3.10/site-packages/airflow/example_dags/plugins/listener_plugin.py                                                           0           0  0.10s           2025-04-04T14:51:49
/home/vscode/.local/lib/python3.10/site-packages/airflow/example_dags/plugins/event_listener.py                                                            0           0  0.11s           2025-04-04T14:51:50
/home/vscode/.local/lib/python3.10/site-packages/airflow/example_dags/subdags/subdag.py                                                                    0           0  0.10s           2025-04-04T14:51:34
/home/vscode/.local/lib/python3.10/site-packages/airflow/example_dags/example_short_circuit_operator.py                                                    1           0  0.10s           2025-04-04T14:51:57
/home/vscode/.local/lib/python3.10/site-packages/airflow/example_dags/example_branch_python_dop_operator_3.py                                              1           0  0.10s           2025-04-04T14:51:32
/home/vscode/.local/lib/python3.10/site-packages/airflow/example_dags/example_python_operator.py                                                           1           0  0.10s           2025-04-04T14:52:07
/home/vscode/.local/lib/python3.10/site-packages/airflow/example_dags/tutorial_dag.py                                                                      1           0  0.10s           2025-04-04T14:51:35
/home/vscode/.local/lib/python3.10/site-packages/airflow/example_dags/example_latest_only_with_trigger.py                                                  1           0  0.10s           2025-04-04T14:51:37
/home/vscode/.local/lib/python3.10/site-packages/airflow/example_dags/example_dynamic_task_mapping.py                                                      1           0  0.10s           2025-04-04T14:51:37
/home/vscode/.local/lib/python3.10/site-packages/airflow/example_dags/example_sensor_decorator.py                                                          1           0  0.10s           2025-04-04T14:51:24
/home/vscode/.local/lib/python3.10/site-packages/airflow/example_dags/example_complex.py                                                                   1           0  0.10s           2025-04-04T14:51:39
/home/vscode/.local/lib/python3.10/site-packages/airflow/example_dags/tutorial.py                                                                          1           0  0.10s           2025-04-04T14:51:52
/home/vscode/.local/lib/python3.10/site-packages/airflow/example_dags/example_task_group.py                                                                1           0  0.10s           2025-04-04T14:51:58
/home/vscode/.local/lib/python3.10/site-packages/airflow/example_dags/example_dynamic_task_mapping_with_no_taskflow_operators.py                           1           0  0.10s           2025-04-04T14:51:40
/home/vscode/.local/lib/python3.10/site-packages/airflow/example_dags/example_xcom.py                                                                      1           0  0.10s           2025-04-04T14:51:53
/home/vscode/.local/lib/python3.10/site-packages/airflow/example_dags/example_bash_operator.py                                                             1           0  0.10s           2025-04-04T14:51:47
/home/vscode/.local/lib/python3.10/site-packages/airflow/example_dags/example_branch_labels.py                                                             1           0  0.10s           2025-04-04T14:51:48
/home/vscode/.local/lib/python3.10/site-packages/airflow/example_dags/example_sla_dag.py                                                                   1           0  0.10s           2025-04-04T14:51:59
/home/vscode/.local/lib/python3.10/site-packages/airflow/example_dags/example_params_ui_tutorial.py                                                        1           0  0.10s           2025-04-04T14:51:25
/home/vscode/.local/lib/python3.10/site-packages/airflow/example_dags/example_branch_day_of_week_operator.py                                               1           0  0.10s           2025-04-04T14:51:48
/home/vscode/.local/lib/python3.10/site-packages/airflow/example_dags/tutorial_taskflow_api_virtualenv.py                                                  1           0  0.10s           2025-04-04T14:51:54
/home/vscode/.local/lib/python3.10/site-packages/airflow/example_dags/example_short_circuit_decorator.py                                                   1           0  0.10s           2025-04-04T14:52:00
/home/vscode/.local/lib/python3.10/site-packages/airflow/example_dags/tutorial_taskflow_api.py                                                             1           0  0.10s           2025-04-04T14:51:55
/home/vscode/.local/lib/python3.10/site-packages/airflow/example_dags/example_dag_decorator.py                                                             1           0  0.20s           2025-04-04T14:51:43
/home/vscode/.local/lib/python3.10/site-packages/airflow/example_dags/example_params_trigger_ui.py                                                         1           0  0.10s           2025-04-04T14:51:28
/home/vscode/.local/lib/python3.10/site-packages/airflow/example_dags/example_trigger_target_dag.py                                                        1           0  0.10s           2025-04-04T14:51:56
/home/vscode/.local/lib/python3.10/site-packages/airflow/example_dags/example_nested_branch_dag.py                                                         1           0  0.10s           2025-04-04T14:51:29
/home/vscode/.local/lib/python3.10/site-packages/airflow/example_dags/example_trigger_controller_dag.py                                                    1           0  0.10s           2025-04-04T14:52:03
/home/vscode/.local/lib/python3.10/site-packages/airflow/example_dags/example_latest_only.py                                                               1           0  0.10s           2025-04-04T14:51:44
/home/vscode/.local/lib/python3.10/site-packages/airflow/example_dags/example_passing_params_via_test_command.py                                           1           0  0.10s           2025-04-04T14:51:30
/home/vscode/.local/lib/python3.10/site-packages/airflow/example_dags/example_time_delta_sensor_async.py                                                   1           0  0.10s           2025-04-04T14:52:04
/home/vscode/.local/lib/python3.10/site-packages/airflow/example_dags/example_task_group_decorator.py                                                      1           0  0.10s           2025-04-04T14:52:05
/home/vscode/.local/lib/python3.10/site-packages/airflow/example_dags/example_skip_dag.py                                                                  1           0  0.10s           2025-04-04T14:52:06
/home/vscode/.local/lib/python3.10/site-packages/airflow/example_dags/example_sensors.py                                                                   1           0  0.10s           2025-04-04T14:51:31
/home/vscode/.local/lib/python3.10/site-packages/airflow/example_dags/example_branch_operator_decorator.py                                                 1           0  0.10s           2025-04-04T14:52:03
/home/vscode/.local/lib/python3.10/site-packages/airflow/example_dags/example_branch_operator.py                                                           1           0  0.10s           2025-04-04T14:51:33
/home/vscode/.local/lib/python3.10/site-packages/airflow/example_dags/example_xcomargs.py                                                                  2           0  0.10s           2025-04-04T14:51:51
/home/vscode/.local/lib/python3.10/site-packages/airflow/example_dags/example_external_task_marker_dag.py                                                  2           0  0.10s           2025-04-04T14:51:38
/home/vscode/.local/lib/python3.10/site-packages/airflow/example_dags/example_branch_datetime_operator.py                                                  3           0  0.10s           2025-04-04T14:51:46
/home/vscode/.local/lib/python3.10/site-packages/airflow/example_dags/example_subdag_operator.py                                                           3           0  0.10s           2025-04-04T14:52:02
/home/vscode/.local/lib/python3.10/site-packages/airflow/example_dags/example_datasets.py                                                                  6           0  0.10s           2025-04-04T14:51:41
================================================================================
[2025-04-04T14:52:37.525+0000] {manager.py:889} INFO - 
================================================================================
DAG File Processing Stats

File Path                                                                                                                         PID    Runtime      # DAGs    # Errors  Last Runtime    Last Run
--------------------------------------------------------------------------------------------------------------------------------  -----  ---------  --------  ----------  --------------  -------------------
/home/vscode/.local/lib/python3.10/site-packages/airflow/example_dags/example_setup_teardown_taskflow.py                                                   0           0  0.10s           2025-04-04T14:52:37
/home/vscode/.local/lib/python3.10/site-packages/airflow/example_dags/example_setup_teardown.py                                                            0           0  0.10s           2025-04-04T14:52:09
/home/vscode/.local/lib/python3.10/site-packages/airflow/example_dags/example_local_kubernetes_executor.py                                                 0           0  0.10s           2025-04-04T14:52:10
/home/vscode/.local/lib/python3.10/site-packages/airflow/example_dags/example_kubernetes_executor.py                                                       0           0  0.11s           2025-04-04T14:52:27
/home/vscode/.local/lib/python3.10/site-packages/airflow/example_dags/plugins/workday.py                                                                   0           0  0.11s           2025-04-04T14:52:17
/home/vscode/.local/lib/python3.10/site-packages/airflow/example_dags/plugins/listener_plugin.py                                                           0           0  0.10s           2025-04-04T14:52:29
/home/vscode/.local/lib/python3.10/site-packages/airflow/example_dags/plugins/event_listener.py                                                            0           0  0.10s           2025-04-04T14:52:30
/home/vscode/.local/lib/python3.10/site-packages/airflow/example_dags/subdags/subdag.py                                                                    0           0  0.10s           2025-04-04T14:52:18
/home/vscode/.local/lib/python3.10/site-packages/airflow/example_dags/example_short_circuit_operator.py                                                    1           0  0.10s           2025-04-04T14:52:36
/home/vscode/.local/lib/python3.10/site-packages/airflow/example_dags/example_branch_python_dop_operator_3.py                                              1           0  0.10s           2025-04-04T14:52:16
/home/vscode/.local/lib/python3.10/site-packages/airflow/example_dags/example_python_operator.py                                                           1           0  0.10s           2025-04-04T14:52:07
/home/vscode/.local/lib/python3.10/site-packages/airflow/example_dags/tutorial_dag.py                                                                      1           0  0.10s           2025-04-04T14:52:18
/home/vscode/.local/lib/python3.10/site-packages/airflow/example_dags/example_latest_only_with_trigger.py                                                  1           0  0.10s           2025-04-04T14:52:18
/home/vscode/.local/lib/python3.10/site-packages/airflow/example_dags/example_dynamic_task_mapping.py                                                      1           0  0.10s           2025-04-04T14:52:20
/home/vscode/.local/lib/python3.10/site-packages/airflow/example_dags/example_sensor_decorator.py                                                          1           0  0.10s           2025-04-04T14:52:08
/home/vscode/.local/lib/python3.10/site-packages/airflow/example_dags/example_complex.py                                                                   1           0  0.10s           2025-04-04T14:52:22
/home/vscode/.local/lib/python3.10/site-packages/airflow/example_dags/tutorial.py                                                                          1           0  0.11s           2025-04-04T14:52:32
/home/vscode/.local/lib/python3.10/site-packages/airflow/example_dags/example_task_group.py                                                                1           0  0.10s           2025-04-04T14:52:37
/home/vscode/.local/lib/python3.10/site-packages/airflow/example_dags/example_dynamic_task_mapping_with_no_taskflow_operators.py                           1           0  0.11s           2025-04-04T14:52:23
/home/vscode/.local/lib/python3.10/site-packages/airflow/example_dags/example_xcom.py                                                                      1           0  0.10s           2025-04-04T14:52:33
/home/vscode/.local/lib/python3.10/site-packages/airflow/example_dags/example_bash_operator.py                                                             1           0  0.10s           2025-04-04T14:51:47
/home/vscode/.local/lib/python3.10/site-packages/airflow/example_dags/example_branch_labels.py                                                             1           0  0.10s           2025-04-04T14:51:48
/home/vscode/.local/lib/python3.10/site-packages/airflow/example_dags/example_sla_dag.py                                                                   1           0  0.10s           2025-04-04T14:51:59
/home/vscode/.local/lib/python3.10/site-packages/airflow/example_dags/example_params_ui_tutorial.py                                                        1           0  0.10s           2025-04-04T14:52:08
/home/vscode/.local/lib/python3.10/site-packages/airflow/example_dags/example_branch_day_of_week_operator.py                                               1           0  0.10s           2025-04-04T14:51:48
/home/vscode/.local/lib/python3.10/site-packages/airflow/example_dags/tutorial_taskflow_api_virtualenv.py                                                  1           0  0.10s           2025-04-04T14:52:34
/home/vscode/.local/lib/python3.10/site-packages/airflow/example_dags/example_short_circuit_decorator.py                                                   1           0  0.10s           2025-04-04T14:52:00
/home/vscode/.local/lib/python3.10/site-packages/airflow/example_dags/tutorial_taskflow_api.py                                                             1           0  0.10s           2025-04-04T14:52:34
/home/vscode/.local/lib/python3.10/site-packages/airflow/example_dags/example_dag_decorator.py                                                             1           0  0.20s           2025-04-04T14:52:25
/home/vscode/.local/lib/python3.10/site-packages/airflow/example_dags/example_params_trigger_ui.py                                                         1           0  0.10s           2025-04-04T14:52:12
/home/vscode/.local/lib/python3.10/site-packages/airflow/example_dags/example_trigger_target_dag.py                                                        1           0  0.10s           2025-04-04T14:52:34
/home/vscode/.local/lib/python3.10/site-packages/airflow/example_dags/example_nested_branch_dag.py                                                         1           0  0.10s           2025-04-04T14:52:13
/home/vscode/.local/lib/python3.10/site-packages/airflow/example_dags/example_trigger_controller_dag.py                                                    1           0  0.10s           2025-04-04T14:52:03
/home/vscode/.local/lib/python3.10/site-packages/airflow/example_dags/example_latest_only.py                                                               1           0  0.10s           2025-04-04T14:52:26
/home/vscode/.local/lib/python3.10/site-packages/airflow/example_dags/example_passing_params_via_test_command.py                                           1           0  0.10s           2025-04-04T14:52:13
/home/vscode/.local/lib/python3.10/site-packages/airflow/example_dags/example_time_delta_sensor_async.py                                                   1           0  0.10s           2025-04-04T14:52:04
/home/vscode/.local/lib/python3.10/site-packages/airflow/example_dags/example_task_group_decorator.py                                                      1           0  0.10s           2025-04-04T14:52:05
/home/vscode/.local/lib/python3.10/site-packages/airflow/example_dags/example_skip_dag.py                                                                  1           0  0.10s           2025-04-04T14:52:06
/home/vscode/.local/lib/python3.10/site-packages/airflow/example_dags/example_sensors.py                                                                   1           0  0.10s           2025-04-04T14:52:14
/home/vscode/.local/lib/python3.10/site-packages/airflow/example_dags/example_branch_operator_decorator.py                                                 1           0  0.10s           2025-04-04T14:52:03
/home/vscode/.local/lib/python3.10/site-packages/airflow/example_dags/example_branch_operator.py                                                           1           0  0.10s           2025-04-04T14:52:28
/home/vscode/.local/lib/python3.10/site-packages/airflow/example_dags/example_xcomargs.py                                                                  2           0  0.10s           2025-04-04T14:52:31
/home/vscode/.local/lib/python3.10/site-packages/airflow/example_dags/example_external_task_marker_dag.py                                                  2           0  0.11s           2025-04-04T14:52:21
/home/vscode/.local/lib/python3.10/site-packages/airflow/example_dags/example_branch_datetime_operator.py                                                  3           0  0.11s           2025-04-04T14:52:28
/home/vscode/.local/lib/python3.10/site-packages/airflow/example_dags/example_subdag_operator.py                                                           3           0  0.10s           2025-04-04T14:52:02
/home/vscode/.local/lib/python3.10/site-packages/airflow/example_dags/example_datasets.py                                                                  6           0  0.10s           2025-04-04T14:52:24
================================================================================
[2025-04-04T14:53:07.796+0000] {manager.py:889} INFO - 
================================================================================
DAG File Processing Stats

File Path                                                                                                                         PID    Runtime      # DAGs    # Errors  Last Runtime    Last Run
--------------------------------------------------------------------------------------------------------------------------------  -----  ---------  --------  ----------  --------------  -------------------
/home/vscode/.local/lib/python3.10/site-packages/airflow/example_dags/example_setup_teardown_taskflow.py                                                   0           0  0.10s           2025-04-04T14:52:37
/home/vscode/.local/lib/python3.10/site-packages/airflow/example_dags/example_setup_teardown.py                                                            0           0  0.10s           2025-04-04T14:52:50
/home/vscode/.local/lib/python3.10/site-packages/airflow/example_dags/example_local_kubernetes_executor.py                                                 0           0  0.10s           2025-04-04T14:52:56
/home/vscode/.local/lib/python3.10/site-packages/airflow/example_dags/example_kubernetes_executor.py                                                       0           0  0.11s           2025-04-04T14:52:27
/home/vscode/.local/lib/python3.10/site-packages/airflow/example_dags/plugins/workday.py                                                                   0           0  0.10s           2025-04-04T14:52:52
/home/vscode/.local/lib/python3.10/site-packages/airflow/example_dags/plugins/listener_plugin.py                                                           0           0  0.10s           2025-04-04T14:53:06
/home/vscode/.local/lib/python3.10/site-packages/airflow/example_dags/plugins/event_listener.py                                                            0           0  0.11s           2025-04-04T14:53:07
/home/vscode/.local/lib/python3.10/site-packages/airflow/example_dags/subdags/subdag.py                                                                    0           0  0.10s           2025-04-04T14:52:53
/home/vscode/.local/lib/python3.10/site-packages/airflow/example_dags/example_short_circuit_operator.py                                                    1           0  0.10s           2025-04-04T14:52:36
/home/vscode/.local/lib/python3.10/site-packages/airflow/example_dags/example_branch_python_dop_operator_3.py                                              1           0  0.10s           2025-04-04T14:53:01
/home/vscode/.local/lib/python3.10/site-packages/airflow/example_dags/example_python_operator.py                                                           1           0  0.10s           2025-04-04T14:52:48
/home/vscode/.local/lib/python3.10/site-packages/airflow/example_dags/tutorial_dag.py                                                                      1           0  0.10s           2025-04-04T14:52:54
/home/vscode/.local/lib/python3.10/site-packages/airflow/example_dags/example_latest_only_with_trigger.py                                                  1           0  0.10s           2025-04-04T14:53:02
/home/vscode/.local/lib/python3.10/site-packages/airflow/example_dags/example_dynamic_task_mapping.py                                                      1           0  0.10s           2025-04-04T14:53:03
/home/vscode/.local/lib/python3.10/site-packages/airflow/example_dags/example_sensor_decorator.py                                                          1           0  0.10s           2025-04-04T14:52:49
/home/vscode/.local/lib/python3.10/site-packages/airflow/example_dags/example_complex.py                                                                   1           0  0.10s           2025-04-04T14:53:05
/home/vscode/.local/lib/python3.10/site-packages/airflow/example_dags/tutorial.py                                                                          1           0  0.11s           2025-04-04T14:52:32
/home/vscode/.local/lib/python3.10/site-packages/airflow/example_dags/example_task_group.py                                                                1           0  0.10s           2025-04-04T14:52:37
/home/vscode/.local/lib/python3.10/site-packages/airflow/example_dags/example_dynamic_task_mapping_with_no_taskflow_operators.py                           1           0  0.11s           2025-04-04T14:52:23
/home/vscode/.local/lib/python3.10/site-packages/airflow/example_dags/example_xcom.py                                                                      1           0  0.10s           2025-04-04T14:52:33
/home/vscode/.local/lib/python3.10/site-packages/airflow/example_dags/example_bash_operator.py                                                             1           0  0.10s           2025-04-04T14:52:38
/home/vscode/.local/lib/python3.10/site-packages/airflow/example_dags/example_branch_labels.py                                                             1           0  0.10s           2025-04-04T14:52:39
/home/vscode/.local/lib/python3.10/site-packages/airflow/example_dags/example_sla_dag.py                                                                   1           0  0.10s           2025-04-04T14:52:40
/home/vscode/.local/lib/python3.10/site-packages/airflow/example_dags/example_params_ui_tutorial.py                                                        1           0  0.10s           2025-04-04T14:52:49
/home/vscode/.local/lib/python3.10/site-packages/airflow/example_dags/example_branch_day_of_week_operator.py                                               1           0  0.11s           2025-04-04T14:52:39
/home/vscode/.local/lib/python3.10/site-packages/airflow/example_dags/tutorial_taskflow_api_virtualenv.py                                                  1           0  0.10s           2025-04-04T14:52:34
/home/vscode/.local/lib/python3.10/site-packages/airflow/example_dags/example_short_circuit_decorator.py                                                   1           0  0.10s           2025-04-04T14:52:41
/home/vscode/.local/lib/python3.10/site-packages/airflow/example_dags/tutorial_taskflow_api.py                                                             1           0  0.10s           2025-04-04T14:52:34
/home/vscode/.local/lib/python3.10/site-packages/airflow/example_dags/example_dag_decorator.py                                                             1           0  0.20s           2025-04-04T14:52:25
/home/vscode/.local/lib/python3.10/site-packages/airflow/example_dags/example_params_trigger_ui.py                                                         1           0  0.10s           2025-04-04T14:52:57
/home/vscode/.local/lib/python3.10/site-packages/airflow/example_dags/example_trigger_target_dag.py                                                        1           0  0.10s           2025-04-04T14:52:34
/home/vscode/.local/lib/python3.10/site-packages/airflow/example_dags/example_nested_branch_dag.py                                                         1           0  0.10s           2025-04-04T14:52:58
/home/vscode/.local/lib/python3.10/site-packages/airflow/example_dags/example_trigger_controller_dag.py                                                    1           0  0.10s           2025-04-04T14:52:44
/home/vscode/.local/lib/python3.10/site-packages/airflow/example_dags/example_latest_only.py                                                               1           0  0.10s           2025-04-04T14:52:26
/home/vscode/.local/lib/python3.10/site-packages/airflow/example_dags/example_passing_params_via_test_command.py                                           1           0  0.10s           2025-04-04T14:52:59
/home/vscode/.local/lib/python3.10/site-packages/airflow/example_dags/example_time_delta_sensor_async.py                                                   1           0  0.10s           2025-04-04T14:52:44
/home/vscode/.local/lib/python3.10/site-packages/airflow/example_dags/example_task_group_decorator.py                                                      1           0  0.11s           2025-04-04T14:52:45
/home/vscode/.local/lib/python3.10/site-packages/airflow/example_dags/example_skip_dag.py                                                                  1           0  0.10s           2025-04-04T14:52:46
/home/vscode/.local/lib/python3.10/site-packages/airflow/example_dags/example_sensors.py                                                                   1           0  0.10s           2025-04-04T14:53:00
/home/vscode/.local/lib/python3.10/site-packages/airflow/example_dags/example_branch_operator_decorator.py                                                 1           0  0.10s           2025-04-04T14:52:52
/home/vscode/.local/lib/python3.10/site-packages/airflow/example_dags/example_branch_operator.py                                                           1           0  0.10s           2025-04-04T14:52:28
/home/vscode/.local/lib/python3.10/site-packages/airflow/example_dags/example_xcomargs.py                                                                  2           0  0.10s           2025-04-04T14:53:07
/home/vscode/.local/lib/python3.10/site-packages/airflow/example_dags/example_external_task_marker_dag.py                                                  2           0  0.10s           2025-04-04T14:53:04
/home/vscode/.local/lib/python3.10/site-packages/airflow/example_dags/example_branch_datetime_operator.py                                                  3           0  0.11s           2025-04-04T14:52:28
/home/vscode/.local/lib/python3.10/site-packages/airflow/example_dags/example_subdag_operator.py                                                           3           0  0.10s           2025-04-04T14:52:42
/home/vscode/.local/lib/python3.10/site-packages/airflow/example_dags/example_datasets.py                                                                  6           0  0.10s           2025-04-04T14:52:24
================================================================================
[2025-04-04T14:53:38.044+0000] {manager.py:889} INFO - 
================================================================================
DAG File Processing Stats

File Path                                                                                                                         PID    Runtime      # DAGs    # Errors  Last Runtime    Last Run
--------------------------------------------------------------------------------------------------------------------------------  -----  ---------  --------  ----------  --------------  -------------------
/home/vscode/.local/lib/python3.10/site-packages/airflow/example_dags/example_setup_teardown_taskflow.py                                                   0           0  0.10s           2025-04-04T14:53:21
/home/vscode/.local/lib/python3.10/site-packages/airflow/example_dags/example_setup_teardown.py                                                            0           0  0.10s           2025-04-04T14:53:34
/home/vscode/.local/lib/python3.10/site-packages/airflow/example_dags/example_local_kubernetes_executor.py                                                 0           0  0.10s           2025-04-04T14:52:56
/home/vscode/.local/lib/python3.10/site-packages/airflow/example_dags/example_kubernetes_executor.py                                                       0           0  0.10s           2025-04-04T14:53:19
/home/vscode/.local/lib/python3.10/site-packages/airflow/example_dags/plugins/workday.py                                                                   0           0  0.10s           2025-04-04T14:53:38
/home/vscode/.local/lib/python3.10/site-packages/airflow/example_dags/plugins/listener_plugin.py                                                           0           0  0.10s           2025-04-04T14:53:06
/home/vscode/.local/lib/python3.10/site-packages/airflow/example_dags/plugins/event_listener.py                                                            0           0  0.11s           2025-04-04T14:53:07
/home/vscode/.local/lib/python3.10/site-packages/airflow/example_dags/subdags/subdag.py                                                                    0           0  0.10s           2025-04-04T14:52:53
/home/vscode/.local/lib/python3.10/site-packages/airflow/example_dags/example_short_circuit_operator.py                                                    1           0  0.10s           2025-04-04T14:53:13
/home/vscode/.local/lib/python3.10/site-packages/airflow/example_dags/example_branch_python_dop_operator_3.py                                              1           0  0.10s           2025-04-04T14:53:01
/home/vscode/.local/lib/python3.10/site-packages/airflow/example_dags/example_python_operator.py                                                           1           0  0.10s           2025-04-04T14:53:30
/home/vscode/.local/lib/python3.10/site-packages/airflow/example_dags/tutorial_dag.py                                                                      1           0  0.10s           2025-04-04T14:52:54
/home/vscode/.local/lib/python3.10/site-packages/airflow/example_dags/example_latest_only_with_trigger.py                                                  1           0  0.10s           2025-04-04T14:53:02
/home/vscode/.local/lib/python3.10/site-packages/airflow/example_dags/example_dynamic_task_mapping.py                                                      1           0  0.10s           2025-04-04T14:53:03
/home/vscode/.local/lib/python3.10/site-packages/airflow/example_dags/example_sensor_decorator.py                                                          1           0  0.10s           2025-04-04T14:53:32
/home/vscode/.local/lib/python3.10/site-packages/airflow/example_dags/example_complex.py                                                                   1           0  0.10s           2025-04-04T14:53:05
/home/vscode/.local/lib/python3.10/site-packages/airflow/example_dags/tutorial.py                                                                          1           0  0.10s           2025-04-04T14:53:08
/home/vscode/.local/lib/python3.10/site-packages/airflow/example_dags/example_task_group.py                                                                1           0  0.10s           2025-04-04T14:53:22
/home/vscode/.local/lib/python3.10/site-packages/airflow/example_dags/example_dynamic_task_mapping_with_no_taskflow_operators.py                           1           0  0.10s           2025-04-04T14:53:14
/home/vscode/.local/lib/python3.10/site-packages/airflow/example_dags/example_xcom.py                                                                      1           0  0.10s           2025-04-04T14:53:09
/home/vscode/.local/lib/python3.10/site-packages/airflow/example_dags/example_bash_operator.py                                                             1           0  0.10s           2025-04-04T14:53:35
/home/vscode/.local/lib/python3.10/site-packages/airflow/example_dags/example_branch_labels.py                                                             1           0  0.10s           2025-04-04T14:53:36
/home/vscode/.local/lib/python3.10/site-packages/airflow/example_dags/example_sla_dag.py                                                                   1           0  0.10s           2025-04-04T14:53:24
/home/vscode/.local/lib/python3.10/site-packages/airflow/example_dags/example_params_ui_tutorial.py                                                        1           0  0.10s           2025-04-04T14:53:33
/home/vscode/.local/lib/python3.10/site-packages/airflow/example_dags/example_branch_day_of_week_operator.py                                               1           0  0.10s           2025-04-04T14:53:37
/home/vscode/.local/lib/python3.10/site-packages/airflow/example_dags/tutorial_taskflow_api_virtualenv.py                                                  1           0  0.10s           2025-04-04T14:53:10
/home/vscode/.local/lib/python3.10/site-packages/airflow/example_dags/example_short_circuit_decorator.py                                                   1           0  0.10s           2025-04-04T14:53:25
/home/vscode/.local/lib/python3.10/site-packages/airflow/example_dags/tutorial_taskflow_api.py                                                             1           0  0.10s           2025-04-04T14:53:11
/home/vscode/.local/lib/python3.10/site-packages/airflow/example_dags/example_dag_decorator.py                                                             1           0  0.20s           2025-04-04T14:53:16
/home/vscode/.local/lib/python3.10/site-packages/airflow/example_dags/example_params_trigger_ui.py                                                         1           0  0.10s           2025-04-04T14:52:57
/home/vscode/.local/lib/python3.10/site-packages/airflow/example_dags/example_trigger_target_dag.py                                                        1           0  0.10s           2025-04-04T14:53:12
/home/vscode/.local/lib/python3.10/site-packages/airflow/example_dags/example_nested_branch_dag.py                                                         1           0  0.10s           2025-04-04T14:52:58
/home/vscode/.local/lib/python3.10/site-packages/airflow/example_dags/example_trigger_controller_dag.py                                                    1           0  0.10s           2025-04-04T14:53:26
/home/vscode/.local/lib/python3.10/site-packages/airflow/example_dags/example_latest_only.py                                                               1           0  0.10s           2025-04-04T14:53:17
/home/vscode/.local/lib/python3.10/site-packages/airflow/example_dags/example_passing_params_via_test_command.py                                           1           0  0.10s           2025-04-04T14:52:59
/home/vscode/.local/lib/python3.10/site-packages/airflow/example_dags/example_time_delta_sensor_async.py                                                   1           0  0.10s           2025-04-04T14:53:28
/home/vscode/.local/lib/python3.10/site-packages/airflow/example_dags/example_task_group_decorator.py                                                      1           0  0.10s           2025-04-04T14:53:29
/home/vscode/.local/lib/python3.10/site-packages/airflow/example_dags/example_skip_dag.py                                                                  1           0  0.10s           2025-04-04T14:53:29
/home/vscode/.local/lib/python3.10/site-packages/airflow/example_dags/example_sensors.py                                                                   1           0  0.10s           2025-04-04T14:53:00
/home/vscode/.local/lib/python3.10/site-packages/airflow/example_dags/example_branch_operator_decorator.py                                                 1           0  0.10s           2025-04-04T14:52:52
/home/vscode/.local/lib/python3.10/site-packages/airflow/example_dags/example_branch_operator.py                                                           1           0  0.10s           2025-04-04T14:53:20
/home/vscode/.local/lib/python3.10/site-packages/airflow/example_dags/example_xcomargs.py                                                                  2           0  0.10s           2025-04-04T14:53:07
/home/vscode/.local/lib/python3.10/site-packages/airflow/example_dags/example_external_task_marker_dag.py                                                  2           0  0.10s           2025-04-04T14:53:04
/home/vscode/.local/lib/python3.10/site-packages/airflow/example_dags/example_branch_datetime_operator.py                                                  3           0  0.10s           2025-04-04T14:53:19
/home/vscode/.local/lib/python3.10/site-packages/airflow/example_dags/example_subdag_operator.py                                                           3           0  0.10s           2025-04-04T14:53:25
/home/vscode/.local/lib/python3.10/site-packages/airflow/example_dags/example_datasets.py                                                                  6           0  0.10s           2025-04-04T14:53:15
================================================================================
[2025-04-04T14:54:08.316+0000] {manager.py:889} INFO - 
================================================================================
DAG File Processing Stats

File Path                                                                                                                         PID    Runtime      # DAGs    # Errors  Last Runtime    Last Run
--------------------------------------------------------------------------------------------------------------------------------  -----  ---------  --------  ----------  --------------  -------------------
/home/vscode/.local/lib/python3.10/site-packages/airflow/example_dags/example_setup_teardown_taskflow.py                                                   0           0  0.10s           2025-04-04T14:53:59
/home/vscode/.local/lib/python3.10/site-packages/airflow/example_dags/example_setup_teardown.py                                                            0           0  0.10s           2025-04-04T14:53:34
/home/vscode/.local/lib/python3.10/site-packages/airflow/example_dags/example_local_kubernetes_executor.py                                                 0           0  0.10s           2025-04-04T14:53:43
/home/vscode/.local/lib/python3.10/site-packages/airflow/example_dags/example_kubernetes_executor.py                                                       0           0  0.10s           2025-04-04T14:54:05
/home/vscode/.local/lib/python3.10/site-packages/airflow/example_dags/plugins/workday.py                                                                   0           0  0.10s           2025-04-04T14:53:38
/home/vscode/.local/lib/python3.10/site-packages/airflow/example_dags/plugins/listener_plugin.py                                                           0           0  0.11s           2025-04-04T14:53:39
/home/vscode/.local/lib/python3.10/site-packages/airflow/example_dags/plugins/event_listener.py                                                            0           0  0.10s           2025-04-04T14:53:39
/home/vscode/.local/lib/python3.10/site-packages/airflow/example_dags/subdags/subdag.py                                                                    0           0  0.10s           2025-04-04T14:53:41
/home/vscode/.local/lib/python3.10/site-packages/airflow/example_dags/example_short_circuit_operator.py                                                    1           0  0.10s           2025-04-04T14:53:58
/home/vscode/.local/lib/python3.10/site-packages/airflow/example_dags/example_branch_python_dop_operator_3.py                                              1           0  0.10s           2025-04-04T14:53:48
/home/vscode/.local/lib/python3.10/site-packages/airflow/example_dags/example_python_operator.py                                                           1           0  0.10s           2025-04-04T14:53:30
/home/vscode/.local/lib/python3.10/site-packages/airflow/example_dags/tutorial_dag.py                                                                      1           0  0.10s           2025-04-04T14:53:41
/home/vscode/.local/lib/python3.10/site-packages/airflow/example_dags/example_latest_only_with_trigger.py                                                  1           0  0.10s           2025-04-04T14:53:49
/home/vscode/.local/lib/python3.10/site-packages/airflow/example_dags/example_dynamic_task_mapping.py                                                      1           0  0.11s           2025-04-04T14:53:50
/home/vscode/.local/lib/python3.10/site-packages/airflow/example_dags/example_sensor_decorator.py                                                          1           0  0.10s           2025-04-04T14:53:32
/home/vscode/.local/lib/python3.10/site-packages/airflow/example_dags/example_complex.py                                                                   1           0  0.10s           2025-04-04T14:53:51
/home/vscode/.local/lib/python3.10/site-packages/airflow/example_dags/tutorial.py                                                                          1           0  0.11s           2025-04-04T14:53:53
/home/vscode/.local/lib/python3.10/site-packages/airflow/example_dags/example_task_group.py                                                                1           0  0.10s           2025-04-04T14:54:00
/home/vscode/.local/lib/python3.10/site-packages/airflow/example_dags/example_dynamic_task_mapping_with_no_taskflow_operators.py                           1           0  0.10s           2025-04-04T14:54:01
/home/vscode/.local/lib/python3.10/site-packages/airflow/example_dags/example_xcom.py                                                                      1           0  0.10s           2025-04-04T14:53:54
/home/vscode/.local/lib/python3.10/site-packages/airflow/example_dags/example_bash_operator.py                                                             1           0  0.10s           2025-04-04T14:53:35
/home/vscode/.local/lib/python3.10/site-packages/airflow/example_dags/example_branch_labels.py                                                             1           0  0.10s           2025-04-04T14:53:36
/home/vscode/.local/lib/python3.10/site-packages/airflow/example_dags/example_sla_dag.py                                                                   1           0  0.10s           2025-04-04T14:54:07
/home/vscode/.local/lib/python3.10/site-packages/airflow/example_dags/example_params_ui_tutorial.py                                                        1           0  0.10s           2025-04-04T14:53:33
/home/vscode/.local/lib/python3.10/site-packages/airflow/example_dags/example_branch_day_of_week_operator.py                                               1           0  0.10s           2025-04-04T14:53:37
/home/vscode/.local/lib/python3.10/site-packages/airflow/example_dags/tutorial_taskflow_api_virtualenv.py                                                  1           0  0.10s           2025-04-04T14:53:55
/home/vscode/.local/lib/python3.10/site-packages/airflow/example_dags/example_short_circuit_decorator.py                                                   1           0  0.10s           2025-04-04T14:54:08
/home/vscode/.local/lib/python3.10/site-packages/airflow/example_dags/tutorial_taskflow_api.py                                                             1           0  0.10s           2025-04-04T14:53:56
/home/vscode/.local/lib/python3.10/site-packages/airflow/example_dags/example_dag_decorator.py                                                             1           0  0.20s           2025-04-04T14:54:02
/home/vscode/.local/lib/python3.10/site-packages/airflow/example_dags/example_params_trigger_ui.py                                                         1           0  0.20s           2025-04-04T14:53:44
/home/vscode/.local/lib/python3.10/site-packages/airflow/example_dags/example_trigger_target_dag.py                                                        1           0  0.10s           2025-04-04T14:53:57
/home/vscode/.local/lib/python3.10/site-packages/airflow/example_dags/example_nested_branch_dag.py                                                         1           0  0.10s           2025-04-04T14:53:45
/home/vscode/.local/lib/python3.10/site-packages/airflow/example_dags/example_trigger_controller_dag.py                                                    1           0  0.10s           2025-04-04T14:53:26
/home/vscode/.local/lib/python3.10/site-packages/airflow/example_dags/example_latest_only.py                                                               1           0  0.10s           2025-04-04T14:54:04
/home/vscode/.local/lib/python3.10/site-packages/airflow/example_dags/example_passing_params_via_test_command.py                                           1           0  0.10s           2025-04-04T14:53:46
/home/vscode/.local/lib/python3.10/site-packages/airflow/example_dags/example_time_delta_sensor_async.py                                                   1           0  0.10s           2025-04-04T14:53:28
/home/vscode/.local/lib/python3.10/site-packages/airflow/example_dags/example_task_group_decorator.py                                                      1           0  0.10s           2025-04-04T14:53:29
/home/vscode/.local/lib/python3.10/site-packages/airflow/example_dags/example_skip_dag.py                                                                  1           0  0.10s           2025-04-04T14:53:29
/home/vscode/.local/lib/python3.10/site-packages/airflow/example_dags/example_sensors.py                                                                   1           0  0.10s           2025-04-04T14:53:47
/home/vscode/.local/lib/python3.10/site-packages/airflow/example_dags/example_branch_operator_decorator.py                                                 1           0  0.10s           2025-04-04T14:53:52
/home/vscode/.local/lib/python3.10/site-packages/airflow/example_dags/example_branch_operator.py                                                           1           0  0.10s           2025-04-04T14:54:06
/home/vscode/.local/lib/python3.10/site-packages/airflow/example_dags/example_xcomargs.py                                                                  2           0  0.10s           2025-04-04T14:53:42
/home/vscode/.local/lib/python3.10/site-packages/airflow/example_dags/example_external_task_marker_dag.py                                                  2           0  0.10s           2025-04-04T14:53:51
/home/vscode/.local/lib/python3.10/site-packages/airflow/example_dags/example_branch_datetime_operator.py                                                  3           0  0.10s           2025-04-04T14:54:06
/home/vscode/.local/lib/python3.10/site-packages/airflow/example_dags/example_subdag_operator.py                                                           3           0  0.10s           2025-04-04T14:53:25
/home/vscode/.local/lib/python3.10/site-packages/airflow/example_dags/example_datasets.py                                                                  6           0  0.10s           2025-04-04T14:54:01
================================================================================
[2025-04-04T14:54:38.556+0000] {manager.py:889} INFO - 
================================================================================
DAG File Processing Stats

File Path                                                                                                                         PID    Runtime      # DAGs    # Errors  Last Runtime    Last Run
--------------------------------------------------------------------------------------------------------------------------------  -----  ---------  --------  ----------  --------------  -------------------
/home/vscode/.local/lib/python3.10/site-packages/airflow/example_dags/example_setup_teardown_taskflow.py                                                   0           0  0.10s           2025-04-04T14:53:59
/home/vscode/.local/lib/python3.10/site-packages/airflow/example_dags/example_setup_teardown.py                                                            0           0  0.11s           2025-04-04T14:54:17
/home/vscode/.local/lib/python3.10/site-packages/airflow/example_dags/example_local_kubernetes_executor.py                                                 0           0  0.10s           2025-04-04T14:54:27
/home/vscode/.local/lib/python3.10/site-packages/airflow/example_dags/example_kubernetes_executor.py                                                       0           0  0.10s           2025-04-04T14:54:05
/home/vscode/.local/lib/python3.10/site-packages/airflow/example_dags/plugins/workday.py                                                                   0           0  0.10s           2025-04-04T14:54:21
/home/vscode/.local/lib/python3.10/site-packages/airflow/example_dags/plugins/listener_plugin.py                                                           0           0  0.10s           2025-04-04T14:54:22
/home/vscode/.local/lib/python3.10/site-packages/airflow/example_dags/plugins/event_listener.py                                                            0           0  0.10s           2025-04-04T14:54:23
/home/vscode/.local/lib/python3.10/site-packages/airflow/example_dags/subdags/subdag.py                                                                    0           0  0.11s           2025-04-04T14:54:24
/home/vscode/.local/lib/python3.10/site-packages/airflow/example_dags/example_short_circuit_operator.py                                                    1           0  0.10s           2025-04-04T14:53:58
/home/vscode/.local/lib/python3.10/site-packages/airflow/example_dags/example_branch_python_dop_operator_3.py                                              1           0  0.10s           2025-04-04T14:54:32
/home/vscode/.local/lib/python3.10/site-packages/airflow/example_dags/example_python_operator.py                                                           1           0  0.10s           2025-04-04T14:54:14
/home/vscode/.local/lib/python3.10/site-packages/airflow/example_dags/tutorial_dag.py                                                                      1           0  0.10s           2025-04-04T14:54:25
/home/vscode/.local/lib/python3.10/site-packages/airflow/example_dags/example_latest_only_with_trigger.py                                                  1           0  0.10s           2025-04-04T14:54:33
/home/vscode/.local/lib/python3.10/site-packages/airflow/example_dags/example_dynamic_task_mapping.py                                                      1           0  0.10s           2025-04-04T14:54:34
/home/vscode/.local/lib/python3.10/site-packages/airflow/example_dags/example_sensor_decorator.py                                                          1           0  0.10s           2025-04-04T14:54:15
/home/vscode/.local/lib/python3.10/site-packages/airflow/example_dags/example_complex.py                                                                   1           0  0.10s           2025-04-04T14:54:36
/home/vscode/.local/lib/python3.10/site-packages/airflow/example_dags/tutorial.py                                                                          1           0  0.10s           2025-04-04T14:54:37
/home/vscode/.local/lib/python3.10/site-packages/airflow/example_dags/example_task_group.py                                                                1           0  0.10s           2025-04-04T14:54:00
/home/vscode/.local/lib/python3.10/site-packages/airflow/example_dags/example_dynamic_task_mapping_with_no_taskflow_operators.py                           1           0  0.10s           2025-04-04T14:54:01
/home/vscode/.local/lib/python3.10/site-packages/airflow/example_dags/example_xcom.py                                                                      1           0  0.11s           2025-04-04T14:54:37
/home/vscode/.local/lib/python3.10/site-packages/airflow/example_dags/example_bash_operator.py                                                             1           0  0.10s           2025-04-04T14:54:18
/home/vscode/.local/lib/python3.10/site-packages/airflow/example_dags/example_branch_labels.py                                                             1           0  0.10s           2025-04-04T14:54:19
/home/vscode/.local/lib/python3.10/site-packages/airflow/example_dags/example_sla_dag.py                                                                   1           0  0.10s           2025-04-04T14:54:07
/home/vscode/.local/lib/python3.10/site-packages/airflow/example_dags/example_params_ui_tutorial.py                                                        1           0  0.10s           2025-04-04T14:54:16
/home/vscode/.local/lib/python3.10/site-packages/airflow/example_dags/example_branch_day_of_week_operator.py                                               1           0  0.10s           2025-04-04T14:54:20
/home/vscode/.local/lib/python3.10/site-packages/airflow/example_dags/tutorial_taskflow_api_virtualenv.py                                                  1           0  0.10s           2025-04-04T14:54:38
/home/vscode/.local/lib/python3.10/site-packages/airflow/example_dags/example_short_circuit_decorator.py                                                   1           0  0.10s           2025-04-04T14:54:08
/home/vscode/.local/lib/python3.10/site-packages/airflow/example_dags/tutorial_taskflow_api.py                                                             1           0  0.10s           2025-04-04T14:53:56
/home/vscode/.local/lib/python3.10/site-packages/airflow/example_dags/example_dag_decorator.py                                                             1           0  0.20s           2025-04-04T14:54:02
/home/vscode/.local/lib/python3.10/site-packages/airflow/example_dags/example_params_trigger_ui.py                                                         1           0  0.10s           2025-04-04T14:54:28
/home/vscode/.local/lib/python3.10/site-packages/airflow/example_dags/example_trigger_target_dag.py                                                        1           0  0.10s           2025-04-04T14:53:57
/home/vscode/.local/lib/python3.10/site-packages/airflow/example_dags/example_nested_branch_dag.py                                                         1           0  0.32s           2025-04-04T14:54:29
/home/vscode/.local/lib/python3.10/site-packages/airflow/example_dags/example_trigger_controller_dag.py                                                    1           0  0.10s           2025-04-04T14:54:10
/home/vscode/.local/lib/python3.10/site-packages/airflow/example_dags/example_latest_only.py                                                               1           0  0.10s           2025-04-04T14:54:04
/home/vscode/.local/lib/python3.10/site-packages/airflow/example_dags/example_passing_params_via_test_command.py                                           1           0  0.11s           2025-04-04T14:54:30
/home/vscode/.local/lib/python3.10/site-packages/airflow/example_dags/example_time_delta_sensor_async.py                                                   1           0  0.10s           2025-04-04T14:54:11
/home/vscode/.local/lib/python3.10/site-packages/airflow/example_dags/example_task_group_decorator.py                                                      1           0  0.10s           2025-04-04T14:54:11
/home/vscode/.local/lib/python3.10/site-packages/airflow/example_dags/example_skip_dag.py                                                                  1           0  0.10s           2025-04-04T14:54:13
/home/vscode/.local/lib/python3.10/site-packages/airflow/example_dags/example_sensors.py                                                                   1           0  0.10s           2025-04-04T14:54:31
/home/vscode/.local/lib/python3.10/site-packages/airflow/example_dags/example_branch_operator_decorator.py                                                 1           0  0.10s           2025-04-04T14:53:52
/home/vscode/.local/lib/python3.10/site-packages/airflow/example_dags/example_branch_operator.py                                                           1           0  0.10s           2025-04-04T14:54:06
/home/vscode/.local/lib/python3.10/site-packages/airflow/example_dags/example_xcomargs.py                                                                  2           0  0.10s           2025-04-04T14:54:26
/home/vscode/.local/lib/python3.10/site-packages/airflow/example_dags/example_external_task_marker_dag.py                                                  2           0  0.10s           2025-04-04T14:54:35
/home/vscode/.local/lib/python3.10/site-packages/airflow/example_dags/example_branch_datetime_operator.py                                                  3           0  0.10s           2025-04-04T14:54:06
/home/vscode/.local/lib/python3.10/site-packages/airflow/example_dags/example_subdag_operator.py                                                           3           0  0.10s           2025-04-04T14:54:09
/home/vscode/.local/lib/python3.10/site-packages/airflow/example_dags/example_datasets.py                                                                  6           0  0.10s           2025-04-04T14:54:01
================================================================================
[2025-04-04T14:54:46.833+0000] {manager.py:470} INFO - Exiting gracefully upon receiving signal 15
[2025-04-04T14:56:18.590+0000] {manager.py:487} INFO - Processing files using up to 1 processes at a time 
[2025-04-04T14:56:18.590+0000] {manager.py:488} INFO - Process each file at most once every 30 seconds
[2025-04-04T14:56:18.591+0000] {manager.py:489} INFO - Checking for new files in /workspaces/hands-on-introduction-data-engineering-4395021/airflow/dags every 300 seconds
[2025-04-04T14:56:18.591+0000] {manager.py:758} INFO - Searching for files in /workspaces/hands-on-introduction-data-engineering-4395021/airflow/dags
[2025-04-04T14:56:18.592+0000] {manager.py:761} INFO - There are 0 files in /workspaces/hands-on-introduction-data-engineering-4395021/airflow/dags
[2025-04-04T15:01:18.602+0000] {manager.py:758} INFO - Searching for files in /workspaces/hands-on-introduction-data-engineering-4395021/airflow/dags
[2025-04-04T15:01:18.603+0000] {manager.py:761} INFO - There are 0 files in /workspaces/hands-on-introduction-data-engineering-4395021/airflow/dags
[2025-04-04T15:06:18.641+0000] {manager.py:758} INFO - Searching for files in /workspaces/hands-on-introduction-data-engineering-4395021/airflow/dags
[2025-04-04T15:06:18.642+0000] {manager.py:761} INFO - There are 0 files in /workspaces/hands-on-introduction-data-engineering-4395021/airflow/dags
[2025-04-04T15:11:18.647+0000] {manager.py:758} INFO - Searching for files in /workspaces/hands-on-introduction-data-engineering-4395021/airflow/dags
[2025-04-04T15:11:18.648+0000] {manager.py:761} INFO - There are 1 files in /workspaces/hands-on-introduction-data-engineering-4395021/airflow/dags
[2025-04-04T15:11:20.272+0000] {manager.py:889} INFO - 
================================================================================
DAG File Processing Stats

File Path                                                                                PID    Runtime      # DAGs    # Errors  Last Runtime    Last Run
---------------------------------------------------------------------------------------  -----  ---------  --------  ----------  --------------  -------------------
/workspaces/hands-on-introduction-data-engineering-4395021/airflow/dags/one_task_dag.py                           1           0  0.20s           2025-04-04T15:11:18
================================================================================
[2025-04-04T15:11:50.327+0000] {manager.py:889} INFO - 
================================================================================
DAG File Processing Stats

File Path                                                                                PID    Runtime      # DAGs    # Errors  Last Runtime    Last Run
---------------------------------------------------------------------------------------  -----  ---------  --------  ----------  --------------  -------------------
/workspaces/hands-on-introduction-data-engineering-4395021/airflow/dags/one_task_dag.py                           1           0  0.10s           2025-04-04T15:11:49
================================================================================
[2025-04-04T15:12:20.382+0000] {manager.py:889} INFO - 
================================================================================
DAG File Processing Stats

File Path                                                                                PID    Runtime      # DAGs    # Errors  Last Runtime    Last Run
---------------------------------------------------------------------------------------  -----  ---------  --------  ----------  --------------  -------------------
/workspaces/hands-on-introduction-data-engineering-4395021/airflow/dags/one_task_dag.py                           1           0  0.10s           2025-04-04T15:12:20
================================================================================
[2025-04-04T15:12:50.542+0000] {manager.py:889} INFO - 
================================================================================
DAG File Processing Stats

File Path                                                                                PID    Runtime      # DAGs    # Errors  Last Runtime    Last Run
---------------------------------------------------------------------------------------  -----  ---------  --------  ----------  --------------  -------------------
/workspaces/hands-on-introduction-data-engineering-4395021/airflow/dags/one_task_dag.py                           1           0  0.10s           2025-04-04T15:12:50
================================================================================
[2025-04-04T15:13:20.703+0000] {manager.py:889} INFO - 
================================================================================
DAG File Processing Stats

File Path                                                                                PID    Runtime      # DAGs    # Errors  Last Runtime    Last Run
---------------------------------------------------------------------------------------  -----  ---------  --------  ----------  --------------  -------------------
/workspaces/hands-on-introduction-data-engineering-4395021/airflow/dags/one_task_dag.py                           1           0  0.10s           2025-04-04T15:13:20
================================================================================
[2025-04-04T15:13:50.863+0000] {manager.py:889} INFO - 
================================================================================
DAG File Processing Stats

File Path                                                                                PID    Runtime      # DAGs    # Errors  Last Runtime    Last Run
---------------------------------------------------------------------------------------  -----  ---------  --------  ----------  --------------  -------------------
/workspaces/hands-on-introduction-data-engineering-4395021/airflow/dags/one_task_dag.py                           1           0  0.10s           2025-04-04T15:13:50
================================================================================
[2025-04-04T15:14:21.025+0000] {manager.py:889} INFO - 
================================================================================
DAG File Processing Stats

File Path                                                                                PID    Runtime      # DAGs    # Errors  Last Runtime    Last Run
---------------------------------------------------------------------------------------  -----  ---------  --------  ----------  --------------  -------------------
/workspaces/hands-on-introduction-data-engineering-4395021/airflow/dags/one_task_dag.py                           1           0  0.10s           2025-04-04T15:14:21
================================================================================
[2025-04-04T15:14:51.185+0000] {manager.py:889} INFO - 
================================================================================
DAG File Processing Stats

File Path                                                                                PID    Runtime      # DAGs    # Errors  Last Runtime    Last Run
---------------------------------------------------------------------------------------  -----  ---------  --------  ----------  --------------  -------------------
/workspaces/hands-on-introduction-data-engineering-4395021/airflow/dags/one_task_dag.py                           1           0  0.10s           2025-04-04T15:14:51
================================================================================
[2025-04-04T15:15:21.345+0000] {manager.py:889} INFO - 
================================================================================
DAG File Processing Stats

File Path                                                                                PID    Runtime      # DAGs    # Errors  Last Runtime    Last Run
---------------------------------------------------------------------------------------  -----  ---------  --------  ----------  --------------  -------------------
/workspaces/hands-on-introduction-data-engineering-4395021/airflow/dags/one_task_dag.py                           1           0  0.10s           2025-04-04T15:15:21
================================================================================
[2025-04-04T15:15:51.505+0000] {manager.py:889} INFO - 
================================================================================
DAG File Processing Stats

File Path                                                                                PID    Runtime      # DAGs    # Errors  Last Runtime    Last Run
---------------------------------------------------------------------------------------  -----  ---------  --------  ----------  --------------  -------------------
/workspaces/hands-on-introduction-data-engineering-4395021/airflow/dags/one_task_dag.py                           1           0  0.10s           2025-04-04T15:15:51
================================================================================
[2025-04-04T15:16:18.851+0000] {manager.py:758} INFO - Searching for files in /workspaces/hands-on-introduction-data-engineering-4395021/airflow/dags
[2025-04-04T15:16:18.853+0000] {manager.py:761} INFO - There are 1 files in /workspaces/hands-on-introduction-data-engineering-4395021/airflow/dags
[2025-04-04T15:16:21.666+0000] {manager.py:889} INFO - 
================================================================================
DAG File Processing Stats

File Path                                                                                PID    Runtime      # DAGs    # Errors  Last Runtime    Last Run
---------------------------------------------------------------------------------------  -----  ---------  --------  ----------  --------------  -------------------
/workspaces/hands-on-introduction-data-engineering-4395021/airflow/dags/one_task_dag.py                           1           0  0.10s           2025-04-04T15:16:21
================================================================================
[2025-04-04T15:16:51.829+0000] {manager.py:889} INFO - 
================================================================================
DAG File Processing Stats

File Path                                                                                PID    Runtime      # DAGs    # Errors  Last Runtime    Last Run
---------------------------------------------------------------------------------------  -----  ---------  --------  ----------  --------------  -------------------
/workspaces/hands-on-introduction-data-engineering-4395021/airflow/dags/one_task_dag.py                           1           0  0.11s           2025-04-04T15:16:51
================================================================================
[2025-04-04T15:17:21.990+0000] {manager.py:889} INFO - 
================================================================================
DAG File Processing Stats

File Path                                                                                PID    Runtime      # DAGs    # Errors  Last Runtime    Last Run
---------------------------------------------------------------------------------------  -----  ---------  --------  ----------  --------------  -------------------
/workspaces/hands-on-introduction-data-engineering-4395021/airflow/dags/one_task_dag.py                           1           0  0.11s           2025-04-04T15:17:21
================================================================================
[2025-04-04T15:17:52.073+0000] {manager.py:889} INFO - 
================================================================================
DAG File Processing Stats

File Path                                                                                PID    Runtime      # DAGs    # Errors  Last Runtime    Last Run
---------------------------------------------------------------------------------------  -----  ---------  --------  ----------  --------------  -------------------
/workspaces/hands-on-introduction-data-engineering-4395021/airflow/dags/one_task_dag.py                           1           0  0.11s           2025-04-04T15:17:25
================================================================================
[2025-04-04T15:18:22.128+0000] {manager.py:889} INFO - 
================================================================================
DAG File Processing Stats

File Path                                                                                PID    Runtime      # DAGs    # Errors  Last Runtime    Last Run
---------------------------------------------------------------------------------------  -----  ---------  --------  ----------  --------------  -------------------
/workspaces/hands-on-introduction-data-engineering-4395021/airflow/dags/one_task_dag.py                           1           0  0.21s           2025-04-04T15:17:55
================================================================================
[2025-04-04T15:18:52.293+0000] {manager.py:889} INFO - 
================================================================================
DAG File Processing Stats

File Path                                                                                PID    Runtime      # DAGs    # Errors  Last Runtime    Last Run
---------------------------------------------------------------------------------------  -----  ---------  --------  ----------  --------------  -------------------
/workspaces/hands-on-introduction-data-engineering-4395021/airflow/dags/one_task_dag.py                           1           0  0.10s           2025-04-04T15:18:52
================================================================================
[2025-04-04T15:19:22.382+0000] {manager.py:889} INFO - 
================================================================================
DAG File Processing Stats

File Path                                                                                PID    Runtime      # DAGs    # Errors  Last Runtime    Last Run
---------------------------------------------------------------------------------------  -----  ---------  --------  ----------  --------------  -------------------
/workspaces/hands-on-introduction-data-engineering-4395021/airflow/dags/one_task_dag.py                           1           0  0.10s           2025-04-04T15:19:20
================================================================================
[2025-04-04T15:19:52.452+0000] {manager.py:889} INFO - 
================================================================================
DAG File Processing Stats

File Path                                                                                PID    Runtime      # DAGs    # Errors  Last Runtime    Last Run
---------------------------------------------------------------------------------------  -----  ---------  --------  ----------  --------------  -------------------
/workspaces/hands-on-introduction-data-engineering-4395021/airflow/dags/one_task_dag.py                           1           0  0.10s           2025-04-04T15:19:52
================================================================================
[2025-04-04T15:20:22.522+0000] {manager.py:889} INFO - 
================================================================================
DAG File Processing Stats

File Path                                                                                PID    Runtime      # DAGs    # Errors  Last Runtime    Last Run
---------------------------------------------------------------------------------------  -----  ---------  --------  ----------  --------------  -------------------
/workspaces/hands-on-introduction-data-engineering-4395021/airflow/dags/one_task_dag.py                           1           0  0.10s           2025-04-04T15:20:22
================================================================================
[2025-04-04T15:20:52.579+0000] {manager.py:889} INFO - 
================================================================================
DAG File Processing Stats

File Path                                                                                PID    Runtime      # DAGs    # Errors  Last Runtime    Last Run
---------------------------------------------------------------------------------------  -----  ---------  --------  ----------  --------------  -------------------
/workspaces/hands-on-introduction-data-engineering-4395021/airflow/dags/one_task_dag.py                           1           0  0.10s           2025-04-04T15:20:28
================================================================================
[2025-04-04T15:21:18.919+0000] {manager.py:758} INFO - Searching for files in /workspaces/hands-on-introduction-data-engineering-4395021/airflow/dags
[2025-04-04T15:21:18.920+0000] {manager.py:761} INFO - There are 1 files in /workspaces/hands-on-introduction-data-engineering-4395021/airflow/dags
[2025-04-04T15:21:22.633+0000] {manager.py:889} INFO - 
================================================================================
DAG File Processing Stats

File Path                                                                                PID    Runtime      # DAGs    # Errors  Last Runtime    Last Run
---------------------------------------------------------------------------------------  -----  ---------  --------  ----------  --------------  -------------------
/workspaces/hands-on-introduction-data-engineering-4395021/airflow/dags/one_task_dag.py                           1           0  0.10s           2025-04-04T15:20:59
================================================================================
[2025-04-04T15:21:52.691+0000] {manager.py:889} INFO - 
================================================================================
DAG File Processing Stats

File Path                                                                                PID    Runtime      # DAGs    # Errors  Last Runtime    Last Run
---------------------------------------------------------------------------------------  -----  ---------  --------  ----------  --------------  -------------------
/workspaces/hands-on-introduction-data-engineering-4395021/airflow/dags/one_task_dag.py                           1           0  0.10s           2025-04-04T15:21:29
================================================================================
[2025-04-04T15:22:22.766+0000] {manager.py:889} INFO - 
================================================================================
DAG File Processing Stats

File Path                                                                                PID    Runtime      # DAGs    # Errors  Last Runtime    Last Run
---------------------------------------------------------------------------------------  -----  ---------  --------  ----------  --------------  -------------------
/workspaces/hands-on-introduction-data-engineering-4395021/airflow/dags/one_task_dag.py                           1           0  0.10s           2025-04-04T15:21:59
================================================================================
[2025-04-04T15:22:52.822+0000] {manager.py:889} INFO - 
================================================================================
DAG File Processing Stats

File Path                                                                                PID    Runtime      # DAGs    # Errors  Last Runtime    Last Run
---------------------------------------------------------------------------------------  -----  ---------  --------  ----------  --------------  -------------------
/workspaces/hands-on-introduction-data-engineering-4395021/airflow/dags/one_task_dag.py                           1           0  0.10s           2025-04-04T15:22:30
================================================================================
[2025-04-04T15:23:22.877+0000] {manager.py:889} INFO - 
================================================================================
DAG File Processing Stats

File Path                                                                                PID    Runtime      # DAGs    # Errors  Last Runtime    Last Run
---------------------------------------------------------------------------------------  -----  ---------  --------  ----------  --------------  -------------------
/workspaces/hands-on-introduction-data-engineering-4395021/airflow/dags/one_task_dag.py                           0           1  0.10s           2025-04-04T15:23:06
================================================================================
[2025-04-04T15:23:52.933+0000] {manager.py:889} INFO - 
================================================================================
DAG File Processing Stats

File Path                                                                                PID    Runtime      # DAGs    # Errors  Last Runtime    Last Run
---------------------------------------------------------------------------------------  -----  ---------  --------  ----------  --------------  -------------------
/workspaces/hands-on-introduction-data-engineering-4395021/airflow/dags/one_task_dag.py                           0           1  0.10s           2025-04-04T15:23:37
================================================================================
[2025-04-04T15:24:22.987+0000] {manager.py:889} INFO - 
================================================================================
DAG File Processing Stats

File Path                                                                                PID    Runtime      # DAGs    # Errors  Last Runtime    Last Run
---------------------------------------------------------------------------------------  -----  ---------  --------  ----------  --------------  -------------------
/workspaces/hands-on-introduction-data-engineering-4395021/airflow/dags/one_task_dag.py                           1           0  0.10s           2025-04-04T15:24:19
================================================================================
[2025-04-04T15:24:53.046+0000] {manager.py:889} INFO - 
================================================================================
DAG File Processing Stats

File Path                                                                                PID    Runtime      # DAGs    # Errors  Last Runtime    Last Run
---------------------------------------------------------------------------------------  -----  ---------  --------  ----------  --------------  -------------------
/workspaces/hands-on-introduction-data-engineering-4395021/airflow/dags/one_task_dag.py                           1           0  0.10s           2025-04-04T15:24:49
================================================================================
[2025-04-04T15:25:23.102+0000] {manager.py:889} INFO - 
================================================================================
DAG File Processing Stats

File Path                                                                                PID    Runtime      # DAGs    # Errors  Last Runtime    Last Run
---------------------------------------------------------------------------------------  -----  ---------  --------  ----------  --------------  -------------------
/workspaces/hands-on-introduction-data-engineering-4395021/airflow/dags/one_task_dag.py                           1           0  0.10s           2025-04-04T15:25:20
================================================================================
[2025-04-04T15:25:53.156+0000] {manager.py:889} INFO - 
================================================================================
DAG File Processing Stats

File Path                                                                                PID    Runtime      # DAGs    # Errors  Last Runtime    Last Run
---------------------------------------------------------------------------------------  -----  ---------  --------  ----------  --------------  -------------------
/workspaces/hands-on-introduction-data-engineering-4395021/airflow/dags/one_task_dag.py                           1           0  0.10s           2025-04-04T15:25:50
================================================================================
[2025-04-04T15:26:19.465+0000] {manager.py:758} INFO - Searching for files in /workspaces/hands-on-introduction-data-engineering-4395021/airflow/dags
[2025-04-04T15:26:19.466+0000] {manager.py:761} INFO - There are 1 files in /workspaces/hands-on-introduction-data-engineering-4395021/airflow/dags
[2025-04-04T15:26:23.212+0000] {manager.py:889} INFO - 
================================================================================
DAG File Processing Stats

File Path                                                                                PID    Runtime      # DAGs    # Errors  Last Runtime    Last Run
---------------------------------------------------------------------------------------  -----  ---------  --------  ----------  --------------  -------------------
/workspaces/hands-on-introduction-data-engineering-4395021/airflow/dags/one_task_dag.py                           1           0  0.10s           2025-04-04T15:26:20
================================================================================
[2025-04-04T15:26:53.239+0000] {manager.py:889} INFO - 
================================================================================
DAG File Processing Stats

File Path                                                                                PID    Runtime      # DAGs    # Errors  Last Runtime    Last Run
---------------------------------------------------------------------------------------  -----  ---------  --------  ----------  --------------  -------------------
/workspaces/hands-on-introduction-data-engineering-4395021/airflow/dags/one_task_dag.py                           1           0  0.10s           2025-04-04T15:26:51
================================================================================
[2025-04-04T15:27:23.321+0000] {manager.py:889} INFO - 
================================================================================
DAG File Processing Stats

File Path                                                                                PID    Runtime      # DAGs    # Errors  Last Runtime    Last Run
---------------------------------------------------------------------------------------  -----  ---------  --------  ----------  --------------  -------------------
/workspaces/hands-on-introduction-data-engineering-4395021/airflow/dags/one_task_dag.py                           1           0  0.10s           2025-04-04T15:27:21
================================================================================
[2025-04-04T15:27:53.375+0000] {manager.py:889} INFO - 
================================================================================
DAG File Processing Stats

File Path                                                                                PID    Runtime      # DAGs    # Errors  Last Runtime    Last Run
---------------------------------------------------------------------------------------  -----  ---------  --------  ----------  --------------  -------------------
/workspaces/hands-on-introduction-data-engineering-4395021/airflow/dags/one_task_dag.py                           1           0  0.10s           2025-04-04T15:27:51
================================================================================
[2025-04-04T15:28:23.431+0000] {manager.py:889} INFO - 
================================================================================
DAG File Processing Stats

File Path                                                                                PID    Runtime      # DAGs    # Errors  Last Runtime    Last Run
---------------------------------------------------------------------------------------  -----  ---------  --------  ----------  --------------  -------------------
/workspaces/hands-on-introduction-data-engineering-4395021/airflow/dags/one_task_dag.py                           1           0  0.10s           2025-04-04T15:28:22
================================================================================
[2025-04-04T15:28:53.491+0000] {manager.py:889} INFO - 
================================================================================
DAG File Processing Stats

File Path                                                                                PID    Runtime      # DAGs    # Errors  Last Runtime    Last Run
---------------------------------------------------------------------------------------  -----  ---------  --------  ----------  --------------  -------------------
/workspaces/hands-on-introduction-data-engineering-4395021/airflow/dags/one_task_dag.py                           1           0  0.10s           2025-04-04T15:28:52
================================================================================
[2025-04-04T15:29:23.549+0000] {manager.py:889} INFO - 
================================================================================
DAG File Processing Stats

File Path                                                                                PID    Runtime      # DAGs    # Errors  Last Runtime    Last Run
---------------------------------------------------------------------------------------  -----  ---------  --------  ----------  --------------  -------------------
/workspaces/hands-on-introduction-data-engineering-4395021/airflow/dags/one_task_dag.py                           1           0  0.10s           2025-04-04T15:29:22
================================================================================
[2025-04-04T15:29:53.604+0000] {manager.py:889} INFO - 
================================================================================
DAG File Processing Stats

File Path                                                                                PID    Runtime      # DAGs    # Errors  Last Runtime    Last Run
---------------------------------------------------------------------------------------  -----  ---------  --------  ----------  --------------  -------------------
/workspaces/hands-on-introduction-data-engineering-4395021/airflow/dags/one_task_dag.py                           1           0  0.10s           2025-04-04T15:29:52
================================================================================
[2025-04-04T15:30:23.659+0000] {manager.py:889} INFO - 
================================================================================
DAG File Processing Stats

File Path                                                                                PID    Runtime      # DAGs    # Errors  Last Runtime    Last Run
---------------------------------------------------------------------------------------  -----  ---------  --------  ----------  --------------  -------------------
/workspaces/hands-on-introduction-data-engineering-4395021/airflow/dags/one_task_dag.py                           1           0  0.10s           2025-04-04T15:30:23
================================================================================
[2025-04-04T15:30:53.714+0000] {manager.py:889} INFO - 
================================================================================
DAG File Processing Stats

File Path                                                                                PID    Runtime      # DAGs    # Errors  Last Runtime    Last Run
---------------------------------------------------------------------------------------  -----  ---------  --------  ----------  --------------  -------------------
/workspaces/hands-on-introduction-data-engineering-4395021/airflow/dags/one_task_dag.py                           1           0  0.10s           2025-04-04T15:30:53
================================================================================
[2025-04-04T15:31:19.567+0000] {manager.py:758} INFO - Searching for files in /workspaces/hands-on-introduction-data-engineering-4395021/airflow/dags
[2025-04-04T15:31:19.568+0000] {manager.py:761} INFO - There are 1 files in /workspaces/hands-on-introduction-data-engineering-4395021/airflow/dags
[2025-04-04T15:31:23.792+0000] {manager.py:889} INFO - 
================================================================================
DAG File Processing Stats

File Path                                                                                PID    Runtime      # DAGs    # Errors  Last Runtime    Last Run
---------------------------------------------------------------------------------------  -----  ---------  --------  ----------  --------------  -------------------
/workspaces/hands-on-introduction-data-engineering-4395021/airflow/dags/one_task_dag.py                           1           0  0.11s           2025-04-04T15:31:23
================================================================================
[2025-04-04T15:31:53.959+0000] {manager.py:889} INFO - 
================================================================================
DAG File Processing Stats

File Path                                                                                PID    Runtime      # DAGs    # Errors  Last Runtime    Last Run
---------------------------------------------------------------------------------------  -----  ---------  --------  ----------  --------------  -------------------
/workspaces/hands-on-introduction-data-engineering-4395021/airflow/dags/one_task_dag.py                           1           0  0.10s           2025-04-04T15:31:53
================================================================================
[2025-04-04T15:32:24.116+0000] {manager.py:889} INFO - 
================================================================================
DAG File Processing Stats

File Path                                                                                PID    Runtime      # DAGs    # Errors  Last Runtime    Last Run
---------------------------------------------------------------------------------------  -----  ---------  --------  ----------  --------------  -------------------
/workspaces/hands-on-introduction-data-engineering-4395021/airflow/dags/one_task_dag.py                           1           0  0.10s           2025-04-04T15:32:24
================================================================================
[2025-04-04T15:32:54.281+0000] {manager.py:889} INFO - 
================================================================================
DAG File Processing Stats

File Path                                                                                PID    Runtime      # DAGs    # Errors  Last Runtime    Last Run
---------------------------------------------------------------------------------------  -----  ---------  --------  ----------  --------------  -------------------
/workspaces/hands-on-introduction-data-engineering-4395021/airflow/dags/one_task_dag.py                           1           0  0.11s           2025-04-04T15:32:54
================================================================================
[2025-04-04T15:33:24.439+0000] {manager.py:889} INFO - 
================================================================================
DAG File Processing Stats

File Path                                                                                PID    Runtime      # DAGs    # Errors  Last Runtime    Last Run
---------------------------------------------------------------------------------------  -----  ---------  --------  ----------  --------------  -------------------
/workspaces/hands-on-introduction-data-engineering-4395021/airflow/dags/one_task_dag.py                           1           0  0.10s           2025-04-04T15:33:24
================================================================================
[2025-04-04T15:33:54.599+0000] {manager.py:889} INFO - 
================================================================================
DAG File Processing Stats

File Path                                                                                PID    Runtime      # DAGs    # Errors  Last Runtime    Last Run
---------------------------------------------------------------------------------------  -----  ---------  --------  ----------  --------------  -------------------
/workspaces/hands-on-introduction-data-engineering-4395021/airflow/dags/one_task_dag.py                           1           0  0.10s           2025-04-04T15:33:54
================================================================================
[2025-04-04T15:34:24.761+0000] {manager.py:889} INFO - 
================================================================================
DAG File Processing Stats

File Path                                                                                PID    Runtime      # DAGs    # Errors  Last Runtime    Last Run
---------------------------------------------------------------------------------------  -----  ---------  --------  ----------  --------------  -------------------
/workspaces/hands-on-introduction-data-engineering-4395021/airflow/dags/one_task_dag.py                           1           0  0.10s           2025-04-04T15:34:24
================================================================================
[2025-04-04T15:34:54.919+0000] {manager.py:889} INFO - 
================================================================================
DAG File Processing Stats

File Path                                                                                PID    Runtime      # DAGs    # Errors  Last Runtime    Last Run
---------------------------------------------------------------------------------------  -----  ---------  --------  ----------  --------------  -------------------
/workspaces/hands-on-introduction-data-engineering-4395021/airflow/dags/one_task_dag.py                           1           0  0.10s           2025-04-04T15:34:54
================================================================================
[2025-04-04T15:35:25.080+0000] {manager.py:889} INFO - 
================================================================================
DAG File Processing Stats

File Path                                                                                PID    Runtime      # DAGs    # Errors  Last Runtime    Last Run
---------------------------------------------------------------------------------------  -----  ---------  --------  ----------  --------------  -------------------
/workspaces/hands-on-introduction-data-engineering-4395021/airflow/dags/one_task_dag.py                           1           0  0.10s           2025-04-04T15:35:25
================================================================================
[2025-04-04T15:35:55.239+0000] {manager.py:889} INFO - 
================================================================================
DAG File Processing Stats

File Path                                                                                PID    Runtime      # DAGs    # Errors  Last Runtime    Last Run
---------------------------------------------------------------------------------------  -----  ---------  --------  ----------  --------------  -------------------
/workspaces/hands-on-introduction-data-engineering-4395021/airflow/dags/one_task_dag.py                           1           0  0.10s           2025-04-04T15:35:55
================================================================================
[2025-04-04T15:36:19.573+0000] {manager.py:758} INFO - Searching for files in /workspaces/hands-on-introduction-data-engineering-4395021/airflow/dags
[2025-04-04T15:36:19.575+0000] {manager.py:761} INFO - There are 1 files in /workspaces/hands-on-introduction-data-engineering-4395021/airflow/dags
[2025-04-04T15:36:25.383+0000] {manager.py:889} INFO - 
================================================================================
DAG File Processing Stats

File Path                                                                                PID    Runtime      # DAGs    # Errors  Last Runtime    Last Run
---------------------------------------------------------------------------------------  -----  ---------  --------  ----------  --------------  -------------------
/workspaces/hands-on-introduction-data-engineering-4395021/airflow/dags/one_task_dag.py                           1           0  0.10s           2025-04-04T15:36:25
================================================================================
[2025-04-04T15:36:55.547+0000] {manager.py:889} INFO - 
================================================================================
DAG File Processing Stats

File Path                                                                                PID    Runtime      # DAGs    # Errors  Last Runtime    Last Run
---------------------------------------------------------------------------------------  -----  ---------  --------  ----------  --------------  -------------------
/workspaces/hands-on-introduction-data-engineering-4395021/airflow/dags/one_task_dag.py                           1           0  0.10s           2025-04-04T15:36:55
================================================================================
[2025-04-04T15:37:25.705+0000] {manager.py:889} INFO - 
================================================================================
DAG File Processing Stats

File Path                                                                                PID    Runtime      # DAGs    # Errors  Last Runtime    Last Run
---------------------------------------------------------------------------------------  -----  ---------  --------  ----------  --------------  -------------------
/workspaces/hands-on-introduction-data-engineering-4395021/airflow/dags/one_task_dag.py                           1           0  0.10s           2025-04-04T15:37:25
================================================================================
[2025-04-04T15:37:55.863+0000] {manager.py:889} INFO - 
================================================================================
DAG File Processing Stats

File Path                                                                                PID    Runtime      # DAGs    # Errors  Last Runtime    Last Run
---------------------------------------------------------------------------------------  -----  ---------  --------  ----------  --------------  -------------------
/workspaces/hands-on-introduction-data-engineering-4395021/airflow/dags/one_task_dag.py                           1           0  0.10s           2025-04-04T15:37:55
================================================================================
[2025-04-04T15:38:26.022+0000] {manager.py:889} INFO - 
================================================================================
DAG File Processing Stats

File Path                                                                                PID    Runtime      # DAGs    # Errors  Last Runtime    Last Run
---------------------------------------------------------------------------------------  -----  ---------  --------  ----------  --------------  -------------------
/workspaces/hands-on-introduction-data-engineering-4395021/airflow/dags/one_task_dag.py                           1           0  0.10s           2025-04-04T15:38:26
================================================================================
[2025-04-04T15:38:56.181+0000] {manager.py:889} INFO - 
================================================================================
DAG File Processing Stats

File Path                                                                                PID    Runtime      # DAGs    # Errors  Last Runtime    Last Run
---------------------------------------------------------------------------------------  -----  ---------  --------  ----------  --------------  -------------------
/workspaces/hands-on-introduction-data-engineering-4395021/airflow/dags/one_task_dag.py                           1           0  0.10s           2025-04-04T15:38:56
================================================================================
[2025-04-04T15:39:26.340+0000] {manager.py:889} INFO - 
================================================================================
DAG File Processing Stats

File Path                                                                                PID    Runtime      # DAGs    # Errors  Last Runtime    Last Run
---------------------------------------------------------------------------------------  -----  ---------  --------  ----------  --------------  -------------------
/workspaces/hands-on-introduction-data-engineering-4395021/airflow/dags/one_task_dag.py                           1           0  0.10s           2025-04-04T15:39:26
================================================================================
[2025-04-04T15:39:56.502+0000] {manager.py:889} INFO - 
================================================================================
DAG File Processing Stats

File Path                                                                                PID    Runtime      # DAGs    # Errors  Last Runtime    Last Run
---------------------------------------------------------------------------------------  -----  ---------  --------  ----------  --------------  -------------------
/workspaces/hands-on-introduction-data-engineering-4395021/airflow/dags/one_task_dag.py                           1           0  0.11s           2025-04-04T15:39:56
================================================================================
[2025-04-04T15:40:26.665+0000] {manager.py:889} INFO - 
================================================================================
DAG File Processing Stats

File Path                                                                                PID    Runtime      # DAGs    # Errors  Last Runtime    Last Run
---------------------------------------------------------------------------------------  -----  ---------  --------  ----------  --------------  -------------------
/workspaces/hands-on-introduction-data-engineering-4395021/airflow/dags/one_task_dag.py                           1           0  0.10s           2025-04-04T15:40:26
================================================================================
[2025-04-04T15:40:56.822+0000] {manager.py:889} INFO - 
================================================================================
DAG File Processing Stats

File Path                                                                                PID    Runtime      # DAGs    # Errors  Last Runtime    Last Run
---------------------------------------------------------------------------------------  -----  ---------  --------  ----------  --------------  -------------------
/workspaces/hands-on-introduction-data-engineering-4395021/airflow/dags/one_task_dag.py                           1           0  0.10s           2025-04-04T15:40:56
================================================================================
[2025-04-04T15:41:19.852+0000] {manager.py:758} INFO - Searching for files in /workspaces/hands-on-introduction-data-engineering-4395021/airflow/dags
[2025-04-04T15:41:19.853+0000] {manager.py:761} INFO - There are 1 files in /workspaces/hands-on-introduction-data-engineering-4395021/airflow/dags
[2025-04-04T15:41:26.981+0000] {manager.py:889} INFO - 
================================================================================
DAG File Processing Stats

File Path                                                                                PID    Runtime      # DAGs    # Errors  Last Runtime    Last Run
---------------------------------------------------------------------------------------  -----  ---------  --------  ----------  --------------  -------------------
/workspaces/hands-on-introduction-data-engineering-4395021/airflow/dags/one_task_dag.py                           1           0  0.10s           2025-04-04T15:41:26
================================================================================
[2025-04-04T15:41:57.139+0000] {manager.py:889} INFO - 
================================================================================
DAG File Processing Stats

File Path                                                                                PID    Runtime      # DAGs    # Errors  Last Runtime    Last Run
---------------------------------------------------------------------------------------  -----  ---------  --------  ----------  --------------  -------------------
/workspaces/hands-on-introduction-data-engineering-4395021/airflow/dags/one_task_dag.py                           0           1  0.10s           2025-04-04T15:41:47
================================================================================
[2025-04-04T15:42:27.193+0000] {manager.py:889} INFO - 
================================================================================
DAG File Processing Stats

File Path                                                                                PID    Runtime      # DAGs    # Errors  Last Runtime    Last Run
---------------------------------------------------------------------------------------  -----  ---------  --------  ----------  --------------  -------------------
/workspaces/hands-on-introduction-data-engineering-4395021/airflow/dags/one_task_dag.py                           0           1  0.10s           2025-04-04T15:42:19
================================================================================
[2025-04-04T15:42:57.248+0000] {manager.py:889} INFO - 
================================================================================
DAG File Processing Stats

File Path                                                                                PID    Runtime      # DAGs    # Errors  Last Runtime    Last Run
---------------------------------------------------------------------------------------  -----  ---------  --------  ----------  --------------  -------------------
/workspaces/hands-on-introduction-data-engineering-4395021/airflow/dags/one_task_dag.py                           1           0  0.20s           2025-04-04T15:42:48
================================================================================
[2025-04-04T15:43:27.318+0000] {manager.py:889} INFO - 
================================================================================
DAG File Processing Stats

File Path                                                                                PID    Runtime      # DAGs    # Errors  Last Runtime    Last Run
---------------------------------------------------------------------------------------  -----  ---------  --------  ----------  --------------  -------------------
/workspaces/hands-on-introduction-data-engineering-4395021/airflow/dags/one_task_dag.py                           1           0  0.10s           2025-04-04T15:43:18
================================================================================
[2025-04-04T15:43:57.443+0000] {manager.py:889} INFO - 
================================================================================
DAG File Processing Stats

File Path                                                                                PID    Runtime      # DAGs    # Errors  Last Runtime    Last Run
---------------------------------------------------------------------------------------  -----  ---------  --------  ----------  --------------  -------------------
/workspaces/hands-on-introduction-data-engineering-4395021/airflow/dags/one_task_dag.py                           1           0  0.10s           2025-04-04T15:43:48
================================================================================
[2025-04-04T15:44:27.497+0000] {manager.py:889} INFO - 
================================================================================
DAG File Processing Stats

File Path                                                                                PID    Runtime      # DAGs    # Errors  Last Runtime    Last Run
---------------------------------------------------------------------------------------  -----  ---------  --------  ----------  --------------  -------------------
/workspaces/hands-on-introduction-data-engineering-4395021/airflow/dags/one_task_dag.py                           1           0  0.10s           2025-04-04T15:44:19
================================================================================
[2025-04-04T15:44:57.549+0000] {manager.py:889} INFO - 
================================================================================
DAG File Processing Stats

File Path                                                                                PID    Runtime      # DAGs    # Errors  Last Runtime    Last Run
---------------------------------------------------------------------------------------  -----  ---------  --------  ----------  --------------  -------------------
/workspaces/hands-on-introduction-data-engineering-4395021/airflow/dags/one_task_dag.py                           1           0  0.10s           2025-04-04T15:44:49
================================================================================
[2025-04-04T15:45:27.606+0000] {manager.py:889} INFO - 
================================================================================
DAG File Processing Stats

File Path                                                                                PID    Runtime      # DAGs    # Errors  Last Runtime    Last Run
---------------------------------------------------------------------------------------  -----  ---------  --------  ----------  --------------  -------------------
/workspaces/hands-on-introduction-data-engineering-4395021/airflow/dags/one_task_dag.py                           1           0  0.10s           2025-04-04T15:45:19
================================================================================
[2025-04-04T15:45:57.660+0000] {manager.py:889} INFO - 
================================================================================
DAG File Processing Stats

File Path                                                                                PID    Runtime      # DAGs    # Errors  Last Runtime    Last Run
---------------------------------------------------------------------------------------  -----  ---------  --------  ----------  --------------  -------------------
/workspaces/hands-on-introduction-data-engineering-4395021/airflow/dags/one_task_dag.py                           1           0  0.10s           2025-04-04T15:45:49
================================================================================
[2025-04-04T15:46:20.098+0000] {manager.py:758} INFO - Searching for files in /workspaces/hands-on-introduction-data-engineering-4395021/airflow/dags
[2025-04-04T15:46:20.100+0000] {manager.py:761} INFO - There are 2 files in /workspaces/hands-on-introduction-data-engineering-4395021/airflow/dags
[2025-04-04T15:46:27.715+0000] {manager.py:889} INFO - 
================================================================================
DAG File Processing Stats

File Path                                                                                PID    Runtime      # DAGs    # Errors  Last Runtime    Last Run
---------------------------------------------------------------------------------------  -----  ---------  --------  ----------  --------------  -------------------
/workspaces/hands-on-introduction-data-engineering-4395021/airflow/dags/two_task_dag.py                           0           1  0.10s           2025-04-04T15:46:20
/workspaces/hands-on-introduction-data-engineering-4395021/airflow/dags/one_task_dag.py                           1           0  0.11s           2025-04-04T15:46:19
================================================================================
[2025-04-04T15:46:57.768+0000] {manager.py:889} INFO - 
================================================================================
DAG File Processing Stats

File Path                                                                                PID    Runtime      # DAGs    # Errors  Last Runtime    Last Run
---------------------------------------------------------------------------------------  -----  ---------  --------  ----------  --------------  -------------------
/workspaces/hands-on-introduction-data-engineering-4395021/airflow/dags/two_task_dag.py                           0           1  0.10s           2025-04-04T15:46:45
/workspaces/hands-on-introduction-data-engineering-4395021/airflow/dags/one_task_dag.py                           1           0  0.11s           2025-04-04T15:46:50
================================================================================
[2025-04-04T15:47:27.822+0000] {manager.py:889} INFO - 
================================================================================
DAG File Processing Stats

File Path                                                                                PID    Runtime      # DAGs    # Errors  Last Runtime    Last Run
---------------------------------------------------------------------------------------  -----  ---------  --------  ----------  --------------  -------------------
/workspaces/hands-on-introduction-data-engineering-4395021/airflow/dags/two_task_dag.py                           0           1  0.10s           2025-04-04T15:47:17
/workspaces/hands-on-introduction-data-engineering-4395021/airflow/dags/one_task_dag.py                           1           0  0.11s           2025-04-04T15:47:20
================================================================================
[2025-04-04T15:47:57.875+0000] {manager.py:889} INFO - 
================================================================================
DAG File Processing Stats

File Path                                                                                PID    Runtime      # DAGs    # Errors  Last Runtime    Last Run
---------------------------------------------------------------------------------------  -----  ---------  --------  ----------  --------------  -------------------
/workspaces/hands-on-introduction-data-engineering-4395021/airflow/dags/two_task_dag.py                           0           1  0.11s           2025-04-04T15:47:53
/workspaces/hands-on-introduction-data-engineering-4395021/airflow/dags/one_task_dag.py                           1           0  0.10s           2025-04-04T15:47:50
================================================================================
[2025-04-04T15:48:27.932+0000] {manager.py:889} INFO - 
================================================================================
DAG File Processing Stats

File Path                                                                                PID    Runtime      # DAGs    # Errors  Last Runtime    Last Run
---------------------------------------------------------------------------------------  -----  ---------  --------  ----------  --------------  -------------------
/workspaces/hands-on-introduction-data-engineering-4395021/airflow/dags/two_task_dag.py                           0           1  0.10s           2025-04-04T15:48:27
/workspaces/hands-on-introduction-data-engineering-4395021/airflow/dags/one_task_dag.py                           1           0  0.10s           2025-04-04T15:48:21
================================================================================
[2025-04-04T15:48:57.988+0000] {manager.py:889} INFO - 
================================================================================
DAG File Processing Stats

File Path                                                                                PID    Runtime      # DAGs    # Errors  Last Runtime    Last Run
---------------------------------------------------------------------------------------  -----  ---------  --------  ----------  --------------  -------------------
/workspaces/hands-on-introduction-data-engineering-4395021/airflow/dags/two_task_dag.py                           0           1  0.10s           2025-04-04T15:48:33
/workspaces/hands-on-introduction-data-engineering-4395021/airflow/dags/one_task_dag.py                           1           0  0.10s           2025-04-04T15:48:51
================================================================================
[2025-04-04T15:49:28.049+0000] {manager.py:889} INFO - 
================================================================================
DAG File Processing Stats

File Path                                                                                PID    Runtime      # DAGs    # Errors  Last Runtime    Last Run
---------------------------------------------------------------------------------------  -----  ---------  --------  ----------  --------------  -------------------
/workspaces/hands-on-introduction-data-engineering-4395021/airflow/dags/two_task_dag.py                           1           0  0.22s           2025-04-04T15:49:26
/workspaces/hands-on-introduction-data-engineering-4395021/airflow/dags/one_task_dag.py                           1           0  0.11s           2025-04-04T15:49:21
================================================================================
[2025-04-04T15:49:58.101+0000] {manager.py:889} INFO - 
================================================================================
DAG File Processing Stats

File Path                                                                                PID    Runtime      # DAGs    # Errors  Last Runtime    Last Run
---------------------------------------------------------------------------------------  -----  ---------  --------  ----------  --------------  -------------------
/workspaces/hands-on-introduction-data-engineering-4395021/airflow/dags/two_task_dag.py                           1           0  0.10s           2025-04-04T15:49:39
/workspaces/hands-on-introduction-data-engineering-4395021/airflow/dags/one_task_dag.py                           1           0  0.10s           2025-04-04T15:49:52
================================================================================
[2025-04-04T15:50:28.158+0000] {manager.py:889} INFO - 
================================================================================
DAG File Processing Stats

File Path                                                                                PID    Runtime      # DAGs    # Errors  Last Runtime    Last Run
---------------------------------------------------------------------------------------  -----  ---------  --------  ----------  --------------  -------------------
/workspaces/hands-on-introduction-data-engineering-4395021/airflow/dags/two_task_dag.py                           1           0  0.10s           2025-04-04T15:50:09
/workspaces/hands-on-introduction-data-engineering-4395021/airflow/dags/one_task_dag.py                           1           0  0.10s           2025-04-04T15:50:22
================================================================================
[2025-04-04T15:50:58.217+0000] {manager.py:889} INFO - 
================================================================================
DAG File Processing Stats

File Path                                                                                PID    Runtime      # DAGs    # Errors  Last Runtime    Last Run
---------------------------------------------------------------------------------------  -----  ---------  --------  ----------  --------------  -------------------
/workspaces/hands-on-introduction-data-engineering-4395021/airflow/dags/two_task_dag.py                           1           0  0.10s           2025-04-04T15:50:39
/workspaces/hands-on-introduction-data-engineering-4395021/airflow/dags/one_task_dag.py                           1           0  0.10s           2025-04-04T15:50:52
================================================================================
[2025-04-04T15:51:20.460+0000] {manager.py:758} INFO - Searching for files in /workspaces/hands-on-introduction-data-engineering-4395021/airflow/dags
[2025-04-04T15:51:20.461+0000] {manager.py:761} INFO - There are 2 files in /workspaces/hands-on-introduction-data-engineering-4395021/airflow/dags
[2025-04-04T15:51:28.273+0000] {manager.py:889} INFO - 
================================================================================
DAG File Processing Stats

File Path                                                                                PID    Runtime      # DAGs    # Errors  Last Runtime    Last Run
---------------------------------------------------------------------------------------  -----  ---------  --------  ----------  --------------  -------------------
/workspaces/hands-on-introduction-data-engineering-4395021/airflow/dags/two_task_dag.py                           1           0  0.10s           2025-04-04T15:51:09
/workspaces/hands-on-introduction-data-engineering-4395021/airflow/dags/one_task_dag.py                           1           0  0.10s           2025-04-04T15:51:22
================================================================================
[2025-04-04T15:51:58.336+0000] {manager.py:889} INFO - 
================================================================================
DAG File Processing Stats

File Path                                                                                PID    Runtime      # DAGs    # Errors  Last Runtime    Last Run
---------------------------------------------------------------------------------------  -----  ---------  --------  ----------  --------------  -------------------
/workspaces/hands-on-introduction-data-engineering-4395021/airflow/dags/two_task_dag.py                           1           0  0.10s           2025-04-04T15:51:40
/workspaces/hands-on-introduction-data-engineering-4395021/airflow/dags/one_task_dag.py                           1           0  0.10s           2025-04-04T15:51:54
================================================================================
[2025-04-04T15:52:28.390+0000] {manager.py:889} INFO - 
================================================================================
DAG File Processing Stats

File Path                                                                                PID    Runtime      # DAGs    # Errors  Last Runtime    Last Run
---------------------------------------------------------------------------------------  -----  ---------  --------  ----------  --------------  -------------------
/workspaces/hands-on-introduction-data-engineering-4395021/airflow/dags/two_task_dag.py                           1           0  0.10s           2025-04-04T15:52:11
/workspaces/hands-on-introduction-data-engineering-4395021/airflow/dags/one_task_dag.py                           1           0  0.10s           2025-04-04T15:52:25
================================================================================
[2025-04-04T15:52:58.440+0000] {manager.py:889} INFO - 
================================================================================
DAG File Processing Stats

File Path                                                                                PID    Runtime      # DAGs    # Errors  Last Runtime    Last Run
---------------------------------------------------------------------------------------  -----  ---------  --------  ----------  --------------  -------------------
/workspaces/hands-on-introduction-data-engineering-4395021/airflow/dags/two_task_dag.py                           1           0  0.10s           2025-04-04T15:52:41
/workspaces/hands-on-introduction-data-engineering-4395021/airflow/dags/one_task_dag.py                           1           0  0.10s           2025-04-04T15:52:56
================================================================================
[2025-04-04T15:53:28.492+0000] {manager.py:889} INFO - 
================================================================================
DAG File Processing Stats

File Path                                                                                PID    Runtime      # DAGs    # Errors  Last Runtime    Last Run
---------------------------------------------------------------------------------------  -----  ---------  --------  ----------  --------------  -------------------
/workspaces/hands-on-introduction-data-engineering-4395021/airflow/dags/two_task_dag.py                           1           0  0.10s           2025-04-04T15:53:11
/workspaces/hands-on-introduction-data-engineering-4395021/airflow/dags/one_task_dag.py                           1           0  0.10s           2025-04-04T15:53:27
================================================================================
[2025-04-04T15:53:58.548+0000] {manager.py:889} INFO - 
================================================================================
DAG File Processing Stats

File Path                                                                                PID    Runtime      # DAGs    # Errors  Last Runtime    Last Run
---------------------------------------------------------------------------------------  -----  ---------  --------  ----------  --------------  -------------------
/workspaces/hands-on-introduction-data-engineering-4395021/airflow/dags/two_task_dag.py                           1           0  0.10s           2025-04-04T15:53:41
/workspaces/hands-on-introduction-data-engineering-4395021/airflow/dags/one_task_dag.py                           1           0  0.10s           2025-04-04T15:53:58
================================================================================
[2025-04-04T15:54:28.706+0000] {manager.py:889} INFO - 
================================================================================
DAG File Processing Stats

File Path                                                                                PID    Runtime      # DAGs    # Errors  Last Runtime    Last Run
---------------------------------------------------------------------------------------  -----  ---------  --------  ----------  --------------  -------------------
/workspaces/hands-on-introduction-data-engineering-4395021/airflow/dags/two_task_dag.py                           1           0  0.10s           2025-04-04T15:54:11
/workspaces/hands-on-introduction-data-engineering-4395021/airflow/dags/one_task_dag.py                           1           0  0.10s           2025-04-04T15:54:28
================================================================================
[2025-04-04T15:54:58.864+0000] {manager.py:889} INFO - 
================================================================================
DAG File Processing Stats

File Path                                                                                PID    Runtime      # DAGs    # Errors  Last Runtime    Last Run
---------------------------------------------------------------------------------------  -----  ---------  --------  ----------  --------------  -------------------
/workspaces/hands-on-introduction-data-engineering-4395021/airflow/dags/two_task_dag.py                           1           0  0.10s           2025-04-04T15:54:42
/workspaces/hands-on-introduction-data-engineering-4395021/airflow/dags/one_task_dag.py                           1           0  0.10s           2025-04-04T15:54:58
================================================================================
[2025-04-04T15:55:29.027+0000] {manager.py:889} INFO - 
================================================================================
DAG File Processing Stats

File Path                                                                                PID    Runtime      # DAGs    # Errors  Last Runtime    Last Run
---------------------------------------------------------------------------------------  -----  ---------  --------  ----------  --------------  -------------------
/workspaces/hands-on-introduction-data-engineering-4395021/airflow/dags/two_task_dag.py                           1           0  0.10s           2025-04-04T15:55:12
/workspaces/hands-on-introduction-data-engineering-4395021/airflow/dags/one_task_dag.py                           1           0  0.11s           2025-04-04T15:55:29
================================================================================
[2025-04-04T15:55:59.186+0000] {manager.py:889} INFO - 
================================================================================
DAG File Processing Stats

File Path                                                                                PID    Runtime      # DAGs    # Errors  Last Runtime    Last Run
---------------------------------------------------------------------------------------  -----  ---------  --------  ----------  --------------  -------------------
/workspaces/hands-on-introduction-data-engineering-4395021/airflow/dags/two_task_dag.py                           1           0  0.10s           2025-04-04T15:55:42
/workspaces/hands-on-introduction-data-engineering-4395021/airflow/dags/one_task_dag.py                           1           0  0.10s           2025-04-04T15:55:59
================================================================================
[2025-04-04T15:56:20.599+0000] {manager.py:758} INFO - Searching for files in /workspaces/hands-on-introduction-data-engineering-4395021/airflow/dags
[2025-04-04T15:56:20.601+0000] {manager.py:761} INFO - There are 2 files in /workspaces/hands-on-introduction-data-engineering-4395021/airflow/dags
[2025-04-04T15:56:29.345+0000] {manager.py:889} INFO - 
================================================================================
DAG File Processing Stats

File Path                                                                                PID    Runtime      # DAGs    # Errors  Last Runtime    Last Run
---------------------------------------------------------------------------------------  -----  ---------  --------  ----------  --------------  -------------------
/workspaces/hands-on-introduction-data-engineering-4395021/airflow/dags/two_task_dag.py                           1           0  0.10s           2025-04-04T15:56:12
/workspaces/hands-on-introduction-data-engineering-4395021/airflow/dags/one_task_dag.py                           1           0  0.10s           2025-04-04T15:56:29
================================================================================
[2025-04-04T15:56:59.503+0000] {manager.py:889} INFO - 
================================================================================
DAG File Processing Stats

File Path                                                                                PID    Runtime      # DAGs    # Errors  Last Runtime    Last Run
---------------------------------------------------------------------------------------  -----  ---------  --------  ----------  --------------  -------------------
/workspaces/hands-on-introduction-data-engineering-4395021/airflow/dags/two_task_dag.py                           1           0  0.10s           2025-04-04T15:56:42
/workspaces/hands-on-introduction-data-engineering-4395021/airflow/dags/one_task_dag.py                           1           0  0.10s           2025-04-04T15:56:59
================================================================================
[2025-04-04T15:57:29.663+0000] {manager.py:889} INFO - 
================================================================================
DAG File Processing Stats

File Path                                                                                PID    Runtime      # DAGs    # Errors  Last Runtime    Last Run
---------------------------------------------------------------------------------------  -----  ---------  --------  ----------  --------------  -------------------
/workspaces/hands-on-introduction-data-engineering-4395021/airflow/dags/two_task_dag.py                           1           0  0.10s           2025-04-04T15:57:13
/workspaces/hands-on-introduction-data-engineering-4395021/airflow/dags/one_task_dag.py                           1           0  0.10s           2025-04-04T15:57:29
================================================================================
[2025-04-04T15:57:59.825+0000] {manager.py:889} INFO - 
================================================================================
DAG File Processing Stats

File Path                                                                                PID    Runtime      # DAGs    # Errors  Last Runtime    Last Run
---------------------------------------------------------------------------------------  -----  ---------  --------  ----------  --------------  -------------------
/workspaces/hands-on-introduction-data-engineering-4395021/airflow/dags/two_task_dag.py                           1           0  0.21s           2025-04-04T15:57:43
/workspaces/hands-on-introduction-data-engineering-4395021/airflow/dags/one_task_dag.py                           1           0  0.11s           2025-04-04T15:57:59
================================================================================
[2025-04-04T15:58:29.988+0000] {manager.py:889} INFO - 
================================================================================
DAG File Processing Stats

File Path                                                                                PID    Runtime      # DAGs    # Errors  Last Runtime    Last Run
---------------------------------------------------------------------------------------  -----  ---------  --------  ----------  --------------  -------------------
/workspaces/hands-on-introduction-data-engineering-4395021/airflow/dags/two_task_dag.py                           1           0  0.10s           2025-04-04T15:58:14
/workspaces/hands-on-introduction-data-engineering-4395021/airflow/dags/one_task_dag.py                           1           0  0.10s           2025-04-04T15:58:29
================================================================================
[2025-04-04T15:59:00.144+0000] {manager.py:889} INFO - 
================================================================================
DAG File Processing Stats

File Path                                                                                PID    Runtime      # DAGs    # Errors  Last Runtime    Last Run
---------------------------------------------------------------------------------------  -----  ---------  --------  ----------  --------------  -------------------
/workspaces/hands-on-introduction-data-engineering-4395021/airflow/dags/two_task_dag.py                           1           0  0.10s           2025-04-04T15:58:44
/workspaces/hands-on-introduction-data-engineering-4395021/airflow/dags/one_task_dag.py                           1           0  0.10s           2025-04-04T15:59:00
================================================================================
[2025-04-04T15:59:30.310+0000] {manager.py:889} INFO - 
================================================================================
DAG File Processing Stats

File Path                                                                                PID    Runtime      # DAGs    # Errors  Last Runtime    Last Run
---------------------------------------------------------------------------------------  -----  ---------  --------  ----------  --------------  -------------------
/workspaces/hands-on-introduction-data-engineering-4395021/airflow/dags/two_task_dag.py                           1           0  0.10s           2025-04-04T15:59:14
/workspaces/hands-on-introduction-data-engineering-4395021/airflow/dags/one_task_dag.py                           1           0  0.10s           2025-04-04T15:59:30
================================================================================
[2025-04-04T16:00:00.469+0000] {manager.py:889} INFO - 
================================================================================
DAG File Processing Stats

File Path                                                                                PID    Runtime      # DAGs    # Errors  Last Runtime    Last Run
---------------------------------------------------------------------------------------  -----  ---------  --------  ----------  --------------  -------------------
/workspaces/hands-on-introduction-data-engineering-4395021/airflow/dags/two_task_dag.py                           1           0  0.10s           2025-04-04T15:59:45
/workspaces/hands-on-introduction-data-engineering-4395021/airflow/dags/one_task_dag.py                           1           0  0.10s           2025-04-04T16:00:00
================================================================================
[2025-04-04T16:00:30.627+0000] {manager.py:889} INFO - 
================================================================================
DAG File Processing Stats

File Path                                                                                PID    Runtime      # DAGs    # Errors  Last Runtime    Last Run
---------------------------------------------------------------------------------------  -----  ---------  --------  ----------  --------------  -------------------
/workspaces/hands-on-introduction-data-engineering-4395021/airflow/dags/two_task_dag.py                           1           0  0.10s           2025-04-04T16:00:15
/workspaces/hands-on-introduction-data-engineering-4395021/airflow/dags/one_task_dag.py                           1           0  0.10s           2025-04-04T16:00:30
================================================================================
[2025-04-04T16:01:00.788+0000] {manager.py:889} INFO - 
================================================================================
DAG File Processing Stats

File Path                                                                                PID    Runtime      # DAGs    # Errors  Last Runtime    Last Run
---------------------------------------------------------------------------------------  -----  ---------  --------  ----------  --------------  -------------------
/workspaces/hands-on-introduction-data-engineering-4395021/airflow/dags/two_task_dag.py                           1           0  0.10s           2025-04-04T16:00:45
/workspaces/hands-on-introduction-data-engineering-4395021/airflow/dags/one_task_dag.py                           1           0  0.10s           2025-04-04T16:01:00
================================================================================
[2025-04-04T16:01:20.660+0000] {manager.py:758} INFO - Searching for files in /workspaces/hands-on-introduction-data-engineering-4395021/airflow/dags
[2025-04-04T16:01:20.662+0000] {manager.py:761} INFO - There are 2 files in /workspaces/hands-on-introduction-data-engineering-4395021/airflow/dags
[2025-04-04T16:01:30.947+0000] {manager.py:889} INFO - 
================================================================================
DAG File Processing Stats

File Path                                                                                PID    Runtime      # DAGs    # Errors  Last Runtime    Last Run
---------------------------------------------------------------------------------------  -----  ---------  --------  ----------  --------------  -------------------
/workspaces/hands-on-introduction-data-engineering-4395021/airflow/dags/two_task_dag.py                           1           0  0.10s           2025-04-04T16:01:15
/workspaces/hands-on-introduction-data-engineering-4395021/airflow/dags/one_task_dag.py                           1           0  0.10s           2025-04-04T16:01:30
================================================================================
[2025-04-04T16:02:01.106+0000] {manager.py:889} INFO - 
================================================================================
DAG File Processing Stats

File Path                                                                                PID    Runtime      # DAGs    # Errors  Last Runtime    Last Run
---------------------------------------------------------------------------------------  -----  ---------  --------  ----------  --------------  -------------------
/workspaces/hands-on-introduction-data-engineering-4395021/airflow/dags/two_task_dag.py                           1           0  0.10s           2025-04-04T16:01:45
/workspaces/hands-on-introduction-data-engineering-4395021/airflow/dags/one_task_dag.py                           1           0  0.10s           2025-04-04T16:02:01
================================================================================
[2025-04-04T16:02:31.265+0000] {manager.py:889} INFO - 
================================================================================
DAG File Processing Stats

File Path                                                                                PID    Runtime      # DAGs    # Errors  Last Runtime    Last Run
---------------------------------------------------------------------------------------  -----  ---------  --------  ----------  --------------  -------------------
/workspaces/hands-on-introduction-data-engineering-4395021/airflow/dags/two_task_dag.py                           1           0  0.10s           2025-04-04T16:02:16
/workspaces/hands-on-introduction-data-engineering-4395021/airflow/dags/one_task_dag.py                           1           0  0.10s           2025-04-04T16:02:31
================================================================================
[2025-04-04T16:03:01.423+0000] {manager.py:889} INFO - 
================================================================================
DAG File Processing Stats

File Path                                                                                PID    Runtime      # DAGs    # Errors  Last Runtime    Last Run
---------------------------------------------------------------------------------------  -----  ---------  --------  ----------  --------------  -------------------
/workspaces/hands-on-introduction-data-engineering-4395021/airflow/dags/two_task_dag.py                           1           0  0.10s           2025-04-04T16:02:46
/workspaces/hands-on-introduction-data-engineering-4395021/airflow/dags/one_task_dag.py                           1           0  0.10s           2025-04-04T16:03:01
================================================================================
[2025-04-04T16:03:31.581+0000] {manager.py:889} INFO - 
================================================================================
DAG File Processing Stats

File Path                                                                                PID    Runtime      # DAGs    # Errors  Last Runtime    Last Run
---------------------------------------------------------------------------------------  -----  ---------  --------  ----------  --------------  -------------------
/workspaces/hands-on-introduction-data-engineering-4395021/airflow/dags/two_task_dag.py                           1           0  0.10s           2025-04-04T16:03:16
/workspaces/hands-on-introduction-data-engineering-4395021/airflow/dags/one_task_dag.py                           1           0  0.10s           2025-04-04T16:03:31
================================================================================
[2025-04-04T16:04:01.740+0000] {manager.py:889} INFO - 
================================================================================
DAG File Processing Stats

File Path                                                                                PID    Runtime      # DAGs    # Errors  Last Runtime    Last Run
---------------------------------------------------------------------------------------  -----  ---------  --------  ----------  --------------  -------------------
/workspaces/hands-on-introduction-data-engineering-4395021/airflow/dags/two_task_dag.py                           1           0  0.10s           2025-04-04T16:03:46
/workspaces/hands-on-introduction-data-engineering-4395021/airflow/dags/one_task_dag.py                           1           0  0.10s           2025-04-04T16:04:01
================================================================================
[2025-04-04T16:04:31.872+0000] {manager.py:889} INFO - 
================================================================================
DAG File Processing Stats

File Path                                                                                PID    Runtime      # DAGs    # Errors  Last Runtime    Last Run
---------------------------------------------------------------------------------------  -----  ---------  --------  ----------  --------------  -------------------
/workspaces/hands-on-introduction-data-engineering-4395021/airflow/dags/two_task_dag.py                           1           0  0.10s           2025-04-04T16:04:16
/workspaces/hands-on-introduction-data-engineering-4395021/airflow/dags/one_task_dag.py                           1           0  0.10s           2025-04-04T16:04:31
================================================================================
[2025-04-04T16:05:02.062+0000] {manager.py:889} INFO - 
================================================================================
DAG File Processing Stats

File Path                                                                                PID    Runtime      # DAGs    # Errors  Last Runtime    Last Run
---------------------------------------------------------------------------------------  -----  ---------  --------  ----------  --------------  -------------------
/workspaces/hands-on-introduction-data-engineering-4395021/airflow/dags/two_task_dag.py                           1           0  0.10s           2025-04-04T16:04:46
/workspaces/hands-on-introduction-data-engineering-4395021/airflow/dags/one_task_dag.py                           1           0  0.10s           2025-04-04T16:05:02
================================================================================
[2025-04-04T16:05:32.255+0000] {manager.py:889} INFO - 
================================================================================
DAG File Processing Stats

File Path                                                                                PID    Runtime      # DAGs    # Errors  Last Runtime    Last Run
---------------------------------------------------------------------------------------  -----  ---------  --------  ----------  --------------  -------------------
/workspaces/hands-on-introduction-data-engineering-4395021/airflow/dags/two_task_dag.py                           1           0  0.10s           2025-04-04T16:05:17
/workspaces/hands-on-introduction-data-engineering-4395021/airflow/dags/one_task_dag.py                           1           0  0.10s           2025-04-04T16:05:32
================================================================================
[2025-04-04T16:06:02.415+0000] {manager.py:889} INFO - 
================================================================================
DAG File Processing Stats

File Path                                                                                PID    Runtime      # DAGs    # Errors  Last Runtime    Last Run
---------------------------------------------------------------------------------------  -----  ---------  --------  ----------  --------------  -------------------
/workspaces/hands-on-introduction-data-engineering-4395021/airflow/dags/two_task_dag.py                           1           0  0.10s           2025-04-04T16:05:47
/workspaces/hands-on-introduction-data-engineering-4395021/airflow/dags/one_task_dag.py                           1           0  0.10s           2025-04-04T16:06:02
================================================================================
[2025-04-04T16:06:20.877+0000] {manager.py:758} INFO - Searching for files in /workspaces/hands-on-introduction-data-engineering-4395021/airflow/dags
[2025-04-04T16:06:20.878+0000] {manager.py:761} INFO - There are 2 files in /workspaces/hands-on-introduction-data-engineering-4395021/airflow/dags
[2025-04-04T16:06:32.602+0000] {manager.py:889} INFO - 
================================================================================
DAG File Processing Stats

File Path                                                                                PID    Runtime      # DAGs    # Errors  Last Runtime    Last Run
---------------------------------------------------------------------------------------  -----  ---------  --------  ----------  --------------  -------------------
/workspaces/hands-on-introduction-data-engineering-4395021/airflow/dags/two_task_dag.py                           1           0  0.10s           2025-04-04T16:06:17
/workspaces/hands-on-introduction-data-engineering-4395021/airflow/dags/one_task_dag.py                           1           0  0.10s           2025-04-04T16:06:32
================================================================================
[2025-04-04T16:07:02.790+0000] {manager.py:889} INFO - 
================================================================================
DAG File Processing Stats

File Path                                                                                PID    Runtime      # DAGs    # Errors  Last Runtime    Last Run
---------------------------------------------------------------------------------------  -----  ---------  --------  ----------  --------------  -------------------
/workspaces/hands-on-introduction-data-engineering-4395021/airflow/dags/two_task_dag.py                           1           0  0.10s           2025-04-04T16:06:47
/workspaces/hands-on-introduction-data-engineering-4395021/airflow/dags/one_task_dag.py                           1           0  0.10s           2025-04-04T16:07:02
================================================================================
[2025-04-04T16:07:32.980+0000] {manager.py:889} INFO - 
================================================================================
DAG File Processing Stats

File Path                                                                                PID    Runtime      # DAGs    # Errors  Last Runtime    Last Run
---------------------------------------------------------------------------------------  -----  ---------  --------  ----------  --------------  -------------------
/workspaces/hands-on-introduction-data-engineering-4395021/airflow/dags/two_task_dag.py                           1           0  0.10s           2025-04-04T16:07:17
/workspaces/hands-on-introduction-data-engineering-4395021/airflow/dags/one_task_dag.py                           1           0  0.11s           2025-04-04T16:07:32
================================================================================
[2025-04-04T16:08:03.159+0000] {manager.py:889} INFO - 
================================================================================
DAG File Processing Stats

File Path                                                                                PID    Runtime      # DAGs    # Errors  Last Runtime    Last Run
---------------------------------------------------------------------------------------  -----  ---------  --------  ----------  --------------  -------------------
/workspaces/hands-on-introduction-data-engineering-4395021/airflow/dags/two_task_dag.py                           1           0  0.10s           2025-04-04T16:07:48
/workspaces/hands-on-introduction-data-engineering-4395021/airflow/dags/one_task_dag.py                           1           0  0.10s           2025-04-04T16:08:03
================================================================================
[2025-04-04T16:08:33.345+0000] {manager.py:889} INFO - 
================================================================================
DAG File Processing Stats

File Path                                                                                PID    Runtime      # DAGs    # Errors  Last Runtime    Last Run
---------------------------------------------------------------------------------------  -----  ---------  --------  ----------  --------------  -------------------
/workspaces/hands-on-introduction-data-engineering-4395021/airflow/dags/two_task_dag.py                           1           0  0.10s           2025-04-04T16:08:18
/workspaces/hands-on-introduction-data-engineering-4395021/airflow/dags/one_task_dag.py                           1           0  0.10s           2025-04-04T16:08:33
================================================================================
[2025-04-04T16:09:03.530+0000] {manager.py:889} INFO - 
================================================================================
DAG File Processing Stats

File Path                                                                                PID    Runtime      # DAGs    # Errors  Last Runtime    Last Run
---------------------------------------------------------------------------------------  -----  ---------  --------  ----------  --------------  -------------------
/workspaces/hands-on-introduction-data-engineering-4395021/airflow/dags/two_task_dag.py                           1           0  0.10s           2025-04-04T16:08:48
/workspaces/hands-on-introduction-data-engineering-4395021/airflow/dags/one_task_dag.py                           1           0  0.10s           2025-04-04T16:09:03
================================================================================
[2025-04-04T16:09:33.716+0000] {manager.py:889} INFO - 
================================================================================
DAG File Processing Stats

File Path                                                                                PID    Runtime      # DAGs    # Errors  Last Runtime    Last Run
---------------------------------------------------------------------------------------  -----  ---------  --------  ----------  --------------  -------------------
/workspaces/hands-on-introduction-data-engineering-4395021/airflow/dags/two_task_dag.py                           1           0  0.10s           2025-04-04T16:09:18
/workspaces/hands-on-introduction-data-engineering-4395021/airflow/dags/one_task_dag.py                           1           0  0.10s           2025-04-04T16:09:33
================================================================================
[2025-04-04T16:10:03.899+0000] {manager.py:889} INFO - 
================================================================================
DAG File Processing Stats

File Path                                                                                PID    Runtime      # DAGs    # Errors  Last Runtime    Last Run
---------------------------------------------------------------------------------------  -----  ---------  --------  ----------  --------------  -------------------
/workspaces/hands-on-introduction-data-engineering-4395021/airflow/dags/two_task_dag.py                           1           0  0.10s           2025-04-04T16:09:48
/workspaces/hands-on-introduction-data-engineering-4395021/airflow/dags/one_task_dag.py                           1           0  0.10s           2025-04-04T16:10:03
================================================================================
[2025-04-04T16:10:34.087+0000] {manager.py:889} INFO - 
================================================================================
DAG File Processing Stats

File Path                                                                                PID    Runtime      # DAGs    # Errors  Last Runtime    Last Run
---------------------------------------------------------------------------------------  -----  ---------  --------  ----------  --------------  -------------------
/workspaces/hands-on-introduction-data-engineering-4395021/airflow/dags/two_task_dag.py                           1           0  0.10s           2025-04-04T16:10:18
/workspaces/hands-on-introduction-data-engineering-4395021/airflow/dags/one_task_dag.py                           1           0  0.10s           2025-04-04T16:10:34
================================================================================
[2025-04-04T16:11:04.271+0000] {manager.py:889} INFO - 
================================================================================
DAG File Processing Stats

File Path                                                                                PID    Runtime      # DAGs    # Errors  Last Runtime    Last Run
---------------------------------------------------------------------------------------  -----  ---------  --------  ----------  --------------  -------------------
/workspaces/hands-on-introduction-data-engineering-4395021/airflow/dags/two_task_dag.py                           1           0  0.10s           2025-04-04T16:10:49
/workspaces/hands-on-introduction-data-engineering-4395021/airflow/dags/one_task_dag.py                           1           0  0.10s           2025-04-04T16:11:04
================================================================================
[2025-04-04T16:11:21.021+0000] {manager.py:758} INFO - Searching for files in /workspaces/hands-on-introduction-data-engineering-4395021/airflow/dags
[2025-04-04T16:11:21.023+0000] {manager.py:761} INFO - There are 2 files in /workspaces/hands-on-introduction-data-engineering-4395021/airflow/dags
[2025-04-04T16:11:34.458+0000] {manager.py:889} INFO - 
================================================================================
DAG File Processing Stats

File Path                                                                                PID    Runtime      # DAGs    # Errors  Last Runtime    Last Run
---------------------------------------------------------------------------------------  -----  ---------  --------  ----------  --------------  -------------------
/workspaces/hands-on-introduction-data-engineering-4395021/airflow/dags/two_task_dag.py                           1           0  0.10s           2025-04-04T16:11:19
/workspaces/hands-on-introduction-data-engineering-4395021/airflow/dags/one_task_dag.py                           1           0  0.10s           2025-04-04T16:11:34
================================================================================
[2025-04-04T16:12:04.664+0000] {manager.py:889} INFO - 
================================================================================
DAG File Processing Stats

File Path                                                                                PID    Runtime      # DAGs    # Errors  Last Runtime    Last Run
---------------------------------------------------------------------------------------  -----  ---------  --------  ----------  --------------  -------------------
/workspaces/hands-on-introduction-data-engineering-4395021/airflow/dags/two_task_dag.py                           1           0  0.11s           2025-04-04T16:11:49
/workspaces/hands-on-introduction-data-engineering-4395021/airflow/dags/one_task_dag.py                           1           0  0.11s           2025-04-04T16:12:04
================================================================================
[2025-04-04T16:12:34.859+0000] {manager.py:889} INFO - 
================================================================================
DAG File Processing Stats

File Path                                                                                PID    Runtime      # DAGs    # Errors  Last Runtime    Last Run
---------------------------------------------------------------------------------------  -----  ---------  --------  ----------  --------------  -------------------
/workspaces/hands-on-introduction-data-engineering-4395021/airflow/dags/two_task_dag.py                           1           0  0.11s           2025-04-04T16:12:19
/workspaces/hands-on-introduction-data-engineering-4395021/airflow/dags/one_task_dag.py                           1           0  0.10s           2025-04-04T16:12:34
================================================================================
[2025-04-04T16:13:05.059+0000] {manager.py:889} INFO - 
================================================================================
DAG File Processing Stats

File Path                                                                                PID    Runtime      # DAGs    # Errors  Last Runtime    Last Run
---------------------------------------------------------------------------------------  -----  ---------  --------  ----------  --------------  -------------------
/workspaces/hands-on-introduction-data-engineering-4395021/airflow/dags/two_task_dag.py                           1           0  0.10s           2025-04-04T16:12:49
/workspaces/hands-on-introduction-data-engineering-4395021/airflow/dags/one_task_dag.py                           1           0  0.10s           2025-04-04T16:13:05
================================================================================
[2025-04-04T16:13:35.247+0000] {manager.py:889} INFO - 
================================================================================
DAG File Processing Stats

File Path                                                                                PID    Runtime      # DAGs    # Errors  Last Runtime    Last Run
---------------------------------------------------------------------------------------  -----  ---------  --------  ----------  --------------  -------------------
/workspaces/hands-on-introduction-data-engineering-4395021/airflow/dags/two_task_dag.py                           1           0  0.10s           2025-04-04T16:13:20
/workspaces/hands-on-introduction-data-engineering-4395021/airflow/dags/one_task_dag.py                           1           0  0.10s           2025-04-04T16:13:35
================================================================================
[2025-04-04T16:14:05.443+0000] {manager.py:889} INFO - 
================================================================================
DAG File Processing Stats

File Path                                                                                PID    Runtime      # DAGs    # Errors  Last Runtime    Last Run
---------------------------------------------------------------------------------------  -----  ---------  --------  ----------  --------------  -------------------
/workspaces/hands-on-introduction-data-engineering-4395021/airflow/dags/two_task_dag.py                           1           0  0.11s           2025-04-04T16:13:50
/workspaces/hands-on-introduction-data-engineering-4395021/airflow/dags/one_task_dag.py                           1           0  0.10s           2025-04-04T16:14:05
================================================================================
[2025-04-04T16:14:35.634+0000] {manager.py:889} INFO - 
================================================================================
DAG File Processing Stats

File Path                                                                                PID    Runtime      # DAGs    # Errors  Last Runtime    Last Run
---------------------------------------------------------------------------------------  -----  ---------  --------  ----------  --------------  -------------------
/workspaces/hands-on-introduction-data-engineering-4395021/airflow/dags/two_task_dag.py                           1           0  0.10s           2025-04-04T16:14:20
/workspaces/hands-on-introduction-data-engineering-4395021/airflow/dags/one_task_dag.py                           1           0  0.10s           2025-04-04T16:14:35
================================================================================
[2025-04-04T16:15:05.819+0000] {manager.py:889} INFO - 
================================================================================
DAG File Processing Stats

File Path                                                                                PID    Runtime      # DAGs    # Errors  Last Runtime    Last Run
---------------------------------------------------------------------------------------  -----  ---------  --------  ----------  --------------  -------------------
/workspaces/hands-on-introduction-data-engineering-4395021/airflow/dags/two_task_dag.py                           1           0  0.10s           2025-04-04T16:14:50
/workspaces/hands-on-introduction-data-engineering-4395021/airflow/dags/one_task_dag.py                           1           0  0.10s           2025-04-04T16:15:05
================================================================================
[2025-04-04T16:15:36.009+0000] {manager.py:889} INFO - 
================================================================================
DAG File Processing Stats

File Path                                                                                PID    Runtime      # DAGs    # Errors  Last Runtime    Last Run
---------------------------------------------------------------------------------------  -----  ---------  --------  ----------  --------------  -------------------
/workspaces/hands-on-introduction-data-engineering-4395021/airflow/dags/two_task_dag.py                           1           0  0.10s           2025-04-04T16:15:20
/workspaces/hands-on-introduction-data-engineering-4395021/airflow/dags/one_task_dag.py                           1           0  0.11s           2025-04-04T16:15:36
================================================================================
[2025-04-04T16:16:06.189+0000] {manager.py:889} INFO - 
================================================================================
DAG File Processing Stats

File Path                                                                                PID    Runtime      # DAGs    # Errors  Last Runtime    Last Run
---------------------------------------------------------------------------------------  -----  ---------  --------  ----------  --------------  -------------------
/workspaces/hands-on-introduction-data-engineering-4395021/airflow/dags/two_task_dag.py                           1           0  0.10s           2025-04-04T16:15:51
/workspaces/hands-on-introduction-data-engineering-4395021/airflow/dags/one_task_dag.py                           1           0  0.10s           2025-04-04T16:16:06
================================================================================
[2025-04-04T16:16:21.135+0000] {manager.py:758} INFO - Searching for files in /workspaces/hands-on-introduction-data-engineering-4395021/airflow/dags
[2025-04-04T16:16:21.137+0000] {manager.py:761} INFO - There are 2 files in /workspaces/hands-on-introduction-data-engineering-4395021/airflow/dags
[2025-04-04T16:16:36.389+0000] {manager.py:889} INFO - 
================================================================================
DAG File Processing Stats

File Path                                                                                PID    Runtime      # DAGs    # Errors  Last Runtime    Last Run
---------------------------------------------------------------------------------------  -----  ---------  --------  ----------  --------------  -------------------
/workspaces/hands-on-introduction-data-engineering-4395021/airflow/dags/two_task_dag.py                           1           0  0.10s           2025-04-04T16:16:21
/workspaces/hands-on-introduction-data-engineering-4395021/airflow/dags/one_task_dag.py                           1           0  0.10s           2025-04-04T16:16:36
================================================================================
[2025-04-04T16:17:06.570+0000] {manager.py:889} INFO - 
================================================================================
DAG File Processing Stats

File Path                                                                                PID    Runtime      # DAGs    # Errors  Last Runtime    Last Run
---------------------------------------------------------------------------------------  -----  ---------  --------  ----------  --------------  -------------------
/workspaces/hands-on-introduction-data-engineering-4395021/airflow/dags/two_task_dag.py                           1           0  0.10s           2025-04-04T16:16:51
/workspaces/hands-on-introduction-data-engineering-4395021/airflow/dags/one_task_dag.py                           1           0  0.10s           2025-04-04T16:17:06
================================================================================
[2025-04-04T16:17:36.755+0000] {manager.py:889} INFO - 
================================================================================
DAG File Processing Stats

File Path                                                                                PID    Runtime      # DAGs    # Errors  Last Runtime    Last Run
---------------------------------------------------------------------------------------  -----  ---------  --------  ----------  --------------  -------------------
/workspaces/hands-on-introduction-data-engineering-4395021/airflow/dags/two_task_dag.py                           1           0  0.10s           2025-04-04T16:17:21
/workspaces/hands-on-introduction-data-engineering-4395021/airflow/dags/one_task_dag.py                           1           0  0.10s           2025-04-04T16:17:36
================================================================================
[2025-04-04T16:18:06.942+0000] {manager.py:889} INFO - 
================================================================================
DAG File Processing Stats

File Path                                                                                PID    Runtime      # DAGs    # Errors  Last Runtime    Last Run
---------------------------------------------------------------------------------------  -----  ---------  --------  ----------  --------------  -------------------
/workspaces/hands-on-introduction-data-engineering-4395021/airflow/dags/two_task_dag.py                           1           0  0.10s           2025-04-04T16:17:51
/workspaces/hands-on-introduction-data-engineering-4395021/airflow/dags/one_task_dag.py                           1           0  0.11s           2025-04-04T16:18:06
================================================================================
[2025-04-04T16:18:37.131+0000] {manager.py:889} INFO - 
================================================================================
DAG File Processing Stats

File Path                                                                                PID    Runtime      # DAGs    # Errors  Last Runtime    Last Run
---------------------------------------------------------------------------------------  -----  ---------  --------  ----------  --------------  -------------------
/workspaces/hands-on-introduction-data-engineering-4395021/airflow/dags/two_task_dag.py                           1           0  0.10s           2025-04-04T16:18:21
/workspaces/hands-on-introduction-data-engineering-4395021/airflow/dags/one_task_dag.py                           1           0  0.10s           2025-04-04T16:18:37
================================================================================
[2025-04-04T16:19:07.315+0000] {manager.py:889} INFO - 
================================================================================
DAG File Processing Stats

File Path                                                                                PID    Runtime      # DAGs    # Errors  Last Runtime    Last Run
---------------------------------------------------------------------------------------  -----  ---------  --------  ----------  --------------  -------------------
/workspaces/hands-on-introduction-data-engineering-4395021/airflow/dags/two_task_dag.py                           1           0  0.10s           2025-04-04T16:18:52
/workspaces/hands-on-introduction-data-engineering-4395021/airflow/dags/one_task_dag.py                           1           0  0.10s           2025-04-04T16:19:07
================================================================================
[2025-04-04T16:19:37.505+0000] {manager.py:889} INFO - 
================================================================================
DAG File Processing Stats

File Path                                                                                PID    Runtime      # DAGs    # Errors  Last Runtime    Last Run
---------------------------------------------------------------------------------------  -----  ---------  --------  ----------  --------------  -------------------
/workspaces/hands-on-introduction-data-engineering-4395021/airflow/dags/two_task_dag.py                           1           0  0.11s           2025-04-04T16:19:22
/workspaces/hands-on-introduction-data-engineering-4395021/airflow/dags/one_task_dag.py                           1           0  0.10s           2025-04-04T16:19:37
================================================================================
[2025-04-04T16:20:07.689+0000] {manager.py:889} INFO - 
================================================================================
DAG File Processing Stats

File Path                                                                                PID    Runtime      # DAGs    # Errors  Last Runtime    Last Run
---------------------------------------------------------------------------------------  -----  ---------  --------  ----------  --------------  -------------------
/workspaces/hands-on-introduction-data-engineering-4395021/airflow/dags/two_task_dag.py                           1           0  0.10s           2025-04-04T16:19:52
/workspaces/hands-on-introduction-data-engineering-4395021/airflow/dags/one_task_dag.py                           1           0  0.10s           2025-04-04T16:20:07
================================================================================
[2025-04-04T16:20:37.874+0000] {manager.py:889} INFO - 
================================================================================
DAG File Processing Stats

File Path                                                                                PID    Runtime      # DAGs    # Errors  Last Runtime    Last Run
---------------------------------------------------------------------------------------  -----  ---------  --------  ----------  --------------  -------------------
/workspaces/hands-on-introduction-data-engineering-4395021/airflow/dags/two_task_dag.py                           1           0  0.10s           2025-04-04T16:20:22
/workspaces/hands-on-introduction-data-engineering-4395021/airflow/dags/one_task_dag.py                           1           0  0.10s           2025-04-04T16:20:37
================================================================================
[2025-04-04T16:21:08.057+0000] {manager.py:889} INFO - 
================================================================================
DAG File Processing Stats

File Path                                                                                PID    Runtime      # DAGs    # Errors  Last Runtime    Last Run
---------------------------------------------------------------------------------------  -----  ---------  --------  ----------  --------------  -------------------
/workspaces/hands-on-introduction-data-engineering-4395021/airflow/dags/two_task_dag.py                           1           0  0.10s           2025-04-04T16:20:52
/workspaces/hands-on-introduction-data-engineering-4395021/airflow/dags/one_task_dag.py                           1           0  0.10s           2025-04-04T16:21:08
================================================================================
[2025-04-04T16:21:21.401+0000] {manager.py:758} INFO - Searching for files in /workspaces/hands-on-introduction-data-engineering-4395021/airflow/dags
[2025-04-04T16:21:21.402+0000] {manager.py:761} INFO - There are 2 files in /workspaces/hands-on-introduction-data-engineering-4395021/airflow/dags
