[2025-04-04T15:11:18.668+0000] {processor.py:157} INFO - Started process (PID=32507) to work on /workspaces/hands-on-introduction-data-engineering-4395021/airflow/dags/one_task_dag.py
[2025-04-04T15:11:18.669+0000] {processor.py:826} INFO - Processing file /workspaces/hands-on-introduction-data-engineering-4395021/airflow/dags/one_task_dag.py for tasks to queue
[2025-04-04T15:11:18.670+0000] {logging_mixin.py:150} INFO - [2025-04-04T15:11:18.669+0000] {dagbag.py:541} INFO - Filling up the DagBag from /workspaces/hands-on-introduction-data-engineering-4395021/airflow/dags/one_task_dag.py
[2025-04-04T15:11:18.679+0000] {processor.py:836} INFO - DAG(s) dict_keys(['one_task_dag']) retrieved from /workspaces/hands-on-introduction-data-engineering-4395021/airflow/dags/one_task_dag.py
[2025-04-04T15:11:18.752+0000] {logging_mixin.py:150} INFO - [2025-04-04T15:11:18.752+0000] {manager.py:504} INFO - Created Permission View: can edit on DAG:one_task_dag
[2025-04-04T15:11:18.760+0000] {logging_mixin.py:150} INFO - [2025-04-04T15:11:18.759+0000] {manager.py:504} INFO - Created Permission View: can read on DAG:one_task_dag
[2025-04-04T15:11:18.765+0000] {logging_mixin.py:150} INFO - [2025-04-04T15:11:18.765+0000] {manager.py:504} INFO - Created Permission View: can delete on DAG:one_task_dag
[2025-04-04T15:11:18.772+0000] {logging_mixin.py:150} INFO - [2025-04-04T15:11:18.772+0000] {dag.py:2742} INFO - Sync 1 DAGs
[2025-04-04T15:11:18.778+0000] {logging_mixin.py:150} INFO - [2025-04-04T15:11:18.778+0000] {dag.py:2763} INFO - Creating ORM DAG for one_task_dag
[2025-04-04T15:11:18.784+0000] {logging_mixin.py:150} INFO - [2025-04-04T15:11:18.784+0000] {dag.py:3504} INFO - Setting next_dagrun for one_task_dag to None, run_after=None
[2025-04-04T15:11:18.797+0000] {processor.py:179} INFO - Processing /workspaces/hands-on-introduction-data-engineering-4395021/airflow/dags/one_task_dag.py took 0.132 seconds
[2025-04-04T15:11:49.769+0000] {processor.py:157} INFO - Started process (PID=32741) to work on /workspaces/hands-on-introduction-data-engineering-4395021/airflow/dags/one_task_dag.py
[2025-04-04T15:11:49.770+0000] {processor.py:826} INFO - Processing file /workspaces/hands-on-introduction-data-engineering-4395021/airflow/dags/one_task_dag.py for tasks to queue
[2025-04-04T15:11:49.771+0000] {logging_mixin.py:150} INFO - [2025-04-04T15:11:49.770+0000] {dagbag.py:541} INFO - Filling up the DagBag from /workspaces/hands-on-introduction-data-engineering-4395021/airflow/dags/one_task_dag.py
[2025-04-04T15:11:49.779+0000] {processor.py:836} INFO - DAG(s) dict_keys(['one_task_dag']) retrieved from /workspaces/hands-on-introduction-data-engineering-4395021/airflow/dags/one_task_dag.py
[2025-04-04T15:11:49.796+0000] {logging_mixin.py:150} INFO - [2025-04-04T15:11:49.796+0000] {dag.py:2742} INFO - Sync 1 DAGs
[2025-04-04T15:11:49.810+0000] {logging_mixin.py:150} INFO - [2025-04-04T15:11:49.810+0000] {dag.py:3504} INFO - Setting next_dagrun for one_task_dag to None, run_after=None
[2025-04-04T15:11:49.826+0000] {processor.py:179} INFO - Processing /workspaces/hands-on-introduction-data-engineering-4395021/airflow/dags/one_task_dag.py took 0.060 seconds
[2025-04-04T15:12:20.051+0000] {processor.py:157} INFO - Started process (PID=32920) to work on /workspaces/hands-on-introduction-data-engineering-4395021/airflow/dags/one_task_dag.py
[2025-04-04T15:12:20.052+0000] {processor.py:826} INFO - Processing file /workspaces/hands-on-introduction-data-engineering-4395021/airflow/dags/one_task_dag.py for tasks to queue
[2025-04-04T15:12:20.053+0000] {logging_mixin.py:150} INFO - [2025-04-04T15:12:20.053+0000] {dagbag.py:541} INFO - Filling up the DagBag from /workspaces/hands-on-introduction-data-engineering-4395021/airflow/dags/one_task_dag.py
[2025-04-04T15:12:20.061+0000] {processor.py:836} INFO - DAG(s) dict_keys(['one_task_dag']) retrieved from /workspaces/hands-on-introduction-data-engineering-4395021/airflow/dags/one_task_dag.py
[2025-04-04T15:12:20.079+0000] {logging_mixin.py:150} INFO - [2025-04-04T15:12:20.079+0000] {dag.py:2742} INFO - Sync 1 DAGs
[2025-04-04T15:12:20.094+0000] {logging_mixin.py:150} INFO - [2025-04-04T15:12:20.094+0000] {dag.py:3504} INFO - Setting next_dagrun for one_task_dag to None, run_after=None
[2025-04-04T15:12:20.108+0000] {processor.py:179} INFO - Processing /workspaces/hands-on-introduction-data-engineering-4395021/airflow/dags/one_task_dag.py took 0.059 seconds
[2025-04-04T15:12:50.445+0000] {processor.py:157} INFO - Started process (PID=33092) to work on /workspaces/hands-on-introduction-data-engineering-4395021/airflow/dags/one_task_dag.py
[2025-04-04T15:12:50.446+0000] {processor.py:826} INFO - Processing file /workspaces/hands-on-introduction-data-engineering-4395021/airflow/dags/one_task_dag.py for tasks to queue
[2025-04-04T15:12:50.447+0000] {logging_mixin.py:150} INFO - [2025-04-04T15:12:50.446+0000] {dagbag.py:541} INFO - Filling up the DagBag from /workspaces/hands-on-introduction-data-engineering-4395021/airflow/dags/one_task_dag.py
[2025-04-04T15:12:50.456+0000] {processor.py:836} INFO - DAG(s) dict_keys(['one_task_dag']) retrieved from /workspaces/hands-on-introduction-data-engineering-4395021/airflow/dags/one_task_dag.py
[2025-04-04T15:12:50.473+0000] {logging_mixin.py:150} INFO - [2025-04-04T15:12:50.473+0000] {dag.py:2742} INFO - Sync 1 DAGs
[2025-04-04T15:12:50.487+0000] {logging_mixin.py:150} INFO - [2025-04-04T15:12:50.487+0000] {dag.py:3504} INFO - Setting next_dagrun for one_task_dag to None, run_after=None
[2025-04-04T15:12:50.501+0000] {processor.py:179} INFO - Processing /workspaces/hands-on-introduction-data-engineering-4395021/airflow/dags/one_task_dag.py took 0.058 seconds
[2025-04-04T15:13:20.606+0000] {processor.py:157} INFO - Started process (PID=33266) to work on /workspaces/hands-on-introduction-data-engineering-4395021/airflow/dags/one_task_dag.py
[2025-04-04T15:13:20.607+0000] {processor.py:826} INFO - Processing file /workspaces/hands-on-introduction-data-engineering-4395021/airflow/dags/one_task_dag.py for tasks to queue
[2025-04-04T15:13:20.608+0000] {logging_mixin.py:150} INFO - [2025-04-04T15:13:20.607+0000] {dagbag.py:541} INFO - Filling up the DagBag from /workspaces/hands-on-introduction-data-engineering-4395021/airflow/dags/one_task_dag.py
[2025-04-04T15:13:20.616+0000] {processor.py:836} INFO - DAG(s) dict_keys(['one_task_dag']) retrieved from /workspaces/hands-on-introduction-data-engineering-4395021/airflow/dags/one_task_dag.py
[2025-04-04T15:13:20.634+0000] {logging_mixin.py:150} INFO - [2025-04-04T15:13:20.634+0000] {dag.py:2742} INFO - Sync 1 DAGs
[2025-04-04T15:13:20.647+0000] {logging_mixin.py:150} INFO - [2025-04-04T15:13:20.647+0000] {dag.py:3504} INFO - Setting next_dagrun for one_task_dag to None, run_after=None
[2025-04-04T15:13:20.661+0000] {processor.py:179} INFO - Processing /workspaces/hands-on-introduction-data-engineering-4395021/airflow/dags/one_task_dag.py took 0.058 seconds
[2025-04-04T15:13:50.767+0000] {processor.py:157} INFO - Started process (PID=33455) to work on /workspaces/hands-on-introduction-data-engineering-4395021/airflow/dags/one_task_dag.py
[2025-04-04T15:13:50.767+0000] {processor.py:826} INFO - Processing file /workspaces/hands-on-introduction-data-engineering-4395021/airflow/dags/one_task_dag.py for tasks to queue
[2025-04-04T15:13:50.768+0000] {logging_mixin.py:150} INFO - [2025-04-04T15:13:50.768+0000] {dagbag.py:541} INFO - Filling up the DagBag from /workspaces/hands-on-introduction-data-engineering-4395021/airflow/dags/one_task_dag.py
[2025-04-04T15:13:50.777+0000] {processor.py:836} INFO - DAG(s) dict_keys(['one_task_dag']) retrieved from /workspaces/hands-on-introduction-data-engineering-4395021/airflow/dags/one_task_dag.py
[2025-04-04T15:13:50.795+0000] {logging_mixin.py:150} INFO - [2025-04-04T15:13:50.794+0000] {dag.py:2742} INFO - Sync 1 DAGs
[2025-04-04T15:13:50.809+0000] {logging_mixin.py:150} INFO - [2025-04-04T15:13:50.809+0000] {dag.py:3504} INFO - Setting next_dagrun for one_task_dag to None, run_after=None
[2025-04-04T15:13:50.822+0000] {processor.py:179} INFO - Processing /workspaces/hands-on-introduction-data-engineering-4395021/airflow/dags/one_task_dag.py took 0.059 seconds
[2025-04-04T15:14:20.929+0000] {processor.py:157} INFO - Started process (PID=33654) to work on /workspaces/hands-on-introduction-data-engineering-4395021/airflow/dags/one_task_dag.py
[2025-04-04T15:14:20.929+0000] {processor.py:826} INFO - Processing file /workspaces/hands-on-introduction-data-engineering-4395021/airflow/dags/one_task_dag.py for tasks to queue
[2025-04-04T15:14:20.930+0000] {logging_mixin.py:150} INFO - [2025-04-04T15:14:20.930+0000] {dagbag.py:541} INFO - Filling up the DagBag from /workspaces/hands-on-introduction-data-engineering-4395021/airflow/dags/one_task_dag.py
[2025-04-04T15:14:20.938+0000] {processor.py:836} INFO - DAG(s) dict_keys(['one_task_dag']) retrieved from /workspaces/hands-on-introduction-data-engineering-4395021/airflow/dags/one_task_dag.py
[2025-04-04T15:14:20.959+0000] {logging_mixin.py:150} INFO - [2025-04-04T15:14:20.959+0000] {dag.py:2742} INFO - Sync 1 DAGs
[2025-04-04T15:14:20.974+0000] {logging_mixin.py:150} INFO - [2025-04-04T15:14:20.973+0000] {dag.py:3504} INFO - Setting next_dagrun for one_task_dag to None, run_after=None
[2025-04-04T15:14:20.987+0000] {processor.py:179} INFO - Processing /workspaces/hands-on-introduction-data-engineering-4395021/airflow/dags/one_task_dag.py took 0.061 seconds
[2025-04-04T15:14:51.089+0000] {processor.py:157} INFO - Started process (PID=33850) to work on /workspaces/hands-on-introduction-data-engineering-4395021/airflow/dags/one_task_dag.py
[2025-04-04T15:14:51.089+0000] {processor.py:826} INFO - Processing file /workspaces/hands-on-introduction-data-engineering-4395021/airflow/dags/one_task_dag.py for tasks to queue
[2025-04-04T15:14:51.090+0000] {logging_mixin.py:150} INFO - [2025-04-04T15:14:51.090+0000] {dagbag.py:541} INFO - Filling up the DagBag from /workspaces/hands-on-introduction-data-engineering-4395021/airflow/dags/one_task_dag.py
[2025-04-04T15:14:51.098+0000] {processor.py:836} INFO - DAG(s) dict_keys(['one_task_dag']) retrieved from /workspaces/hands-on-introduction-data-engineering-4395021/airflow/dags/one_task_dag.py
[2025-04-04T15:14:51.118+0000] {logging_mixin.py:150} INFO - [2025-04-04T15:14:51.118+0000] {dag.py:2742} INFO - Sync 1 DAGs
[2025-04-04T15:14:51.139+0000] {logging_mixin.py:150} INFO - [2025-04-04T15:14:51.139+0000] {dag.py:3504} INFO - Setting next_dagrun for one_task_dag to None, run_after=None
[2025-04-04T15:14:51.154+0000] {processor.py:179} INFO - Processing /workspaces/hands-on-introduction-data-engineering-4395021/airflow/dags/one_task_dag.py took 0.068 seconds
[2025-04-04T15:15:21.249+0000] {processor.py:157} INFO - Started process (PID=34043) to work on /workspaces/hands-on-introduction-data-engineering-4395021/airflow/dags/one_task_dag.py
[2025-04-04T15:15:21.250+0000] {processor.py:826} INFO - Processing file /workspaces/hands-on-introduction-data-engineering-4395021/airflow/dags/one_task_dag.py for tasks to queue
[2025-04-04T15:15:21.250+0000] {logging_mixin.py:150} INFO - [2025-04-04T15:15:21.250+0000] {dagbag.py:541} INFO - Filling up the DagBag from /workspaces/hands-on-introduction-data-engineering-4395021/airflow/dags/one_task_dag.py
[2025-04-04T15:15:21.259+0000] {processor.py:836} INFO - DAG(s) dict_keys(['one_task_dag']) retrieved from /workspaces/hands-on-introduction-data-engineering-4395021/airflow/dags/one_task_dag.py
[2025-04-04T15:15:21.277+0000] {logging_mixin.py:150} INFO - [2025-04-04T15:15:21.276+0000] {dag.py:2742} INFO - Sync 1 DAGs
[2025-04-04T15:15:21.290+0000] {logging_mixin.py:150} INFO - [2025-04-04T15:15:21.290+0000] {dag.py:3504} INFO - Setting next_dagrun for one_task_dag to None, run_after=None
[2025-04-04T15:15:21.304+0000] {processor.py:179} INFO - Processing /workspaces/hands-on-introduction-data-engineering-4395021/airflow/dags/one_task_dag.py took 0.058 seconds
[2025-04-04T15:15:51.409+0000] {processor.py:157} INFO - Started process (PID=34242) to work on /workspaces/hands-on-introduction-data-engineering-4395021/airflow/dags/one_task_dag.py
[2025-04-04T15:15:51.410+0000] {processor.py:826} INFO - Processing file /workspaces/hands-on-introduction-data-engineering-4395021/airflow/dags/one_task_dag.py for tasks to queue
[2025-04-04T15:15:51.411+0000] {logging_mixin.py:150} INFO - [2025-04-04T15:15:51.410+0000] {dagbag.py:541} INFO - Filling up the DagBag from /workspaces/hands-on-introduction-data-engineering-4395021/airflow/dags/one_task_dag.py
[2025-04-04T15:15:51.419+0000] {processor.py:836} INFO - DAG(s) dict_keys(['one_task_dag']) retrieved from /workspaces/hands-on-introduction-data-engineering-4395021/airflow/dags/one_task_dag.py
[2025-04-04T15:15:51.437+0000] {logging_mixin.py:150} INFO - [2025-04-04T15:15:51.437+0000] {dag.py:2742} INFO - Sync 1 DAGs
[2025-04-04T15:15:51.452+0000] {logging_mixin.py:150} INFO - [2025-04-04T15:15:51.452+0000] {dag.py:3504} INFO - Setting next_dagrun for one_task_dag to None, run_after=None
[2025-04-04T15:15:51.466+0000] {processor.py:179} INFO - Processing /workspaces/hands-on-introduction-data-engineering-4395021/airflow/dags/one_task_dag.py took 0.060 seconds
[2025-04-04T15:16:21.570+0000] {processor.py:157} INFO - Started process (PID=34436) to work on /workspaces/hands-on-introduction-data-engineering-4395021/airflow/dags/one_task_dag.py
[2025-04-04T15:16:21.571+0000] {processor.py:826} INFO - Processing file /workspaces/hands-on-introduction-data-engineering-4395021/airflow/dags/one_task_dag.py for tasks to queue
[2025-04-04T15:16:21.571+0000] {logging_mixin.py:150} INFO - [2025-04-04T15:16:21.571+0000] {dagbag.py:541} INFO - Filling up the DagBag from /workspaces/hands-on-introduction-data-engineering-4395021/airflow/dags/one_task_dag.py
[2025-04-04T15:16:21.580+0000] {processor.py:836} INFO - DAG(s) dict_keys(['one_task_dag']) retrieved from /workspaces/hands-on-introduction-data-engineering-4395021/airflow/dags/one_task_dag.py
[2025-04-04T15:16:21.597+0000] {logging_mixin.py:150} INFO - [2025-04-04T15:16:21.596+0000] {dag.py:2742} INFO - Sync 1 DAGs
[2025-04-04T15:16:21.611+0000] {logging_mixin.py:150} INFO - [2025-04-04T15:16:21.611+0000] {dag.py:3504} INFO - Setting next_dagrun for one_task_dag to None, run_after=None
[2025-04-04T15:16:21.625+0000] {processor.py:179} INFO - Processing /workspaces/hands-on-introduction-data-engineering-4395021/airflow/dags/one_task_dag.py took 0.058 seconds
[2025-04-04T15:16:51.735+0000] {processor.py:157} INFO - Started process (PID=34635) to work on /workspaces/hands-on-introduction-data-engineering-4395021/airflow/dags/one_task_dag.py
[2025-04-04T15:16:51.735+0000] {processor.py:826} INFO - Processing file /workspaces/hands-on-introduction-data-engineering-4395021/airflow/dags/one_task_dag.py for tasks to queue
[2025-04-04T15:16:51.736+0000] {logging_mixin.py:150} INFO - [2025-04-04T15:16:51.736+0000] {dagbag.py:541} INFO - Filling up the DagBag from /workspaces/hands-on-introduction-data-engineering-4395021/airflow/dags/one_task_dag.py
[2025-04-04T15:16:51.745+0000] {processor.py:836} INFO - DAG(s) dict_keys(['one_task_dag']) retrieved from /workspaces/hands-on-introduction-data-engineering-4395021/airflow/dags/one_task_dag.py
[2025-04-04T15:16:51.763+0000] {logging_mixin.py:150} INFO - [2025-04-04T15:16:51.762+0000] {dag.py:2742} INFO - Sync 1 DAGs
[2025-04-04T15:16:51.777+0000] {logging_mixin.py:150} INFO - [2025-04-04T15:16:51.776+0000] {dag.py:3504} INFO - Setting next_dagrun for one_task_dag to None, run_after=None
[2025-04-04T15:16:51.791+0000] {processor.py:179} INFO - Processing /workspaces/hands-on-introduction-data-engineering-4395021/airflow/dags/one_task_dag.py took 0.059 seconds
[2025-04-04T15:17:21.892+0000] {processor.py:157} INFO - Started process (PID=34802) to work on /workspaces/hands-on-introduction-data-engineering-4395021/airflow/dags/one_task_dag.py
[2025-04-04T15:17:21.893+0000] {processor.py:826} INFO - Processing file /workspaces/hands-on-introduction-data-engineering-4395021/airflow/dags/one_task_dag.py for tasks to queue
[2025-04-04T15:17:21.894+0000] {logging_mixin.py:150} INFO - [2025-04-04T15:17:21.893+0000] {dagbag.py:541} INFO - Filling up the DagBag from /workspaces/hands-on-introduction-data-engineering-4395021/airflow/dags/one_task_dag.py
[2025-04-04T15:17:21.902+0000] {processor.py:836} INFO - DAG(s) dict_keys(['one_task_dag']) retrieved from /workspaces/hands-on-introduction-data-engineering-4395021/airflow/dags/one_task_dag.py
[2025-04-04T15:17:21.920+0000] {logging_mixin.py:150} INFO - [2025-04-04T15:17:21.920+0000] {dag.py:2742} INFO - Sync 1 DAGs
[2025-04-04T15:17:21.935+0000] {logging_mixin.py:150} INFO - [2025-04-04T15:17:21.935+0000] {dag.py:3504} INFO - Setting next_dagrun for one_task_dag to None, run_after=None
[2025-04-04T15:17:21.949+0000] {processor.py:179} INFO - Processing /workspaces/hands-on-introduction-data-engineering-4395021/airflow/dags/one_task_dag.py took 0.060 seconds
[2025-04-04T15:17:23.051+0000] {processor.py:157} INFO - Started process (PID=34816) to work on /workspaces/hands-on-introduction-data-engineering-4395021/airflow/dags/one_task_dag.py
[2025-04-04T15:17:23.052+0000] {processor.py:826} INFO - Processing file /workspaces/hands-on-introduction-data-engineering-4395021/airflow/dags/one_task_dag.py for tasks to queue
[2025-04-04T15:17:23.053+0000] {logging_mixin.py:150} INFO - [2025-04-04T15:17:23.053+0000] {dagbag.py:541} INFO - Filling up the DagBag from /workspaces/hands-on-introduction-data-engineering-4395021/airflow/dags/one_task_dag.py
[2025-04-04T15:17:23.062+0000] {processor.py:836} INFO - DAG(s) dict_keys(['one_task_dag']) retrieved from /workspaces/hands-on-introduction-data-engineering-4395021/airflow/dags/one_task_dag.py
[2025-04-04T15:17:23.083+0000] {logging_mixin.py:150} INFO - [2025-04-04T15:17:23.083+0000] {dag.py:2742} INFO - Sync 1 DAGs
[2025-04-04T15:17:23.098+0000] {logging_mixin.py:150} INFO - [2025-04-04T15:17:23.098+0000] {dag.py:3504} INFO - Setting next_dagrun for one_task_dag to None, run_after=None
[2025-04-04T15:17:23.114+0000] {processor.py:179} INFO - Processing /workspaces/hands-on-introduction-data-engineering-4395021/airflow/dags/one_task_dag.py took 0.065 seconds
[2025-04-04T15:17:25.525+0000] {processor.py:157} INFO - Started process (PID=34829) to work on /workspaces/hands-on-introduction-data-engineering-4395021/airflow/dags/one_task_dag.py
[2025-04-04T15:17:25.526+0000] {processor.py:826} INFO - Processing file /workspaces/hands-on-introduction-data-engineering-4395021/airflow/dags/one_task_dag.py for tasks to queue
[2025-04-04T15:17:25.527+0000] {logging_mixin.py:150} INFO - [2025-04-04T15:17:25.526+0000] {dagbag.py:541} INFO - Filling up the DagBag from /workspaces/hands-on-introduction-data-engineering-4395021/airflow/dags/one_task_dag.py
[2025-04-04T15:17:25.539+0000] {processor.py:836} INFO - DAG(s) dict_keys(['one_task_dag']) retrieved from /workspaces/hands-on-introduction-data-engineering-4395021/airflow/dags/one_task_dag.py
[2025-04-04T15:17:25.562+0000] {logging_mixin.py:150} INFO - [2025-04-04T15:17:25.561+0000] {dag.py:2742} INFO - Sync 1 DAGs
[2025-04-04T15:17:25.576+0000] {logging_mixin.py:150} INFO - [2025-04-04T15:17:25.576+0000] {dag.py:3504} INFO - Setting next_dagrun for one_task_dag to None, run_after=None
[2025-04-04T15:17:25.591+0000] {processor.py:179} INFO - Processing /workspaces/hands-on-introduction-data-engineering-4395021/airflow/dags/one_task_dag.py took 0.070 seconds
[2025-04-04T15:17:55.731+0000] {processor.py:157} INFO - Started process (PID=35066) to work on /workspaces/hands-on-introduction-data-engineering-4395021/airflow/dags/one_task_dag.py
[2025-04-04T15:17:55.734+0000] {processor.py:826} INFO - Processing file /workspaces/hands-on-introduction-data-engineering-4395021/airflow/dags/one_task_dag.py for tasks to queue
[2025-04-04T15:17:55.737+0000] {logging_mixin.py:150} INFO - [2025-04-04T15:17:55.736+0000] {dagbag.py:541} INFO - Filling up the DagBag from /workspaces/hands-on-introduction-data-engineering-4395021/airflow/dags/one_task_dag.py
[2025-04-04T15:17:55.753+0000] {processor.py:836} INFO - DAG(s) dict_keys(['one_task_dag']) retrieved from /workspaces/hands-on-introduction-data-engineering-4395021/airflow/dags/one_task_dag.py
[2025-04-04T15:17:55.808+0000] {logging_mixin.py:150} INFO - [2025-04-04T15:17:55.808+0000] {dag.py:2742} INFO - Sync 1 DAGs
[2025-04-04T15:17:55.824+0000] {logging_mixin.py:150} INFO - [2025-04-04T15:17:55.823+0000] {dag.py:3504} INFO - Setting next_dagrun for one_task_dag to None, run_after=None
[2025-04-04T15:17:55.838+0000] {processor.py:179} INFO - Processing /workspaces/hands-on-introduction-data-engineering-4395021/airflow/dags/one_task_dag.py took 0.112 seconds
[2025-04-04T15:18:26.930+0000] {processor.py:157} INFO - Started process (PID=35243) to work on /workspaces/hands-on-introduction-data-engineering-4395021/airflow/dags/one_task_dag.py
[2025-04-04T15:18:26.930+0000] {processor.py:826} INFO - Processing file /workspaces/hands-on-introduction-data-engineering-4395021/airflow/dags/one_task_dag.py for tasks to queue
[2025-04-04T15:18:26.931+0000] {logging_mixin.py:150} INFO - [2025-04-04T15:18:26.931+0000] {dagbag.py:541} INFO - Filling up the DagBag from /workspaces/hands-on-introduction-data-engineering-4395021/airflow/dags/one_task_dag.py
[2025-04-04T15:18:26.943+0000] {processor.py:836} INFO - DAG(s) dict_keys(['one_task_dag']) retrieved from /workspaces/hands-on-introduction-data-engineering-4395021/airflow/dags/one_task_dag.py
[2025-04-04T15:18:26.966+0000] {logging_mixin.py:150} INFO - [2025-04-04T15:18:26.966+0000] {dag.py:2742} INFO - Sync 1 DAGs
[2025-04-04T15:18:26.980+0000] {logging_mixin.py:150} INFO - [2025-04-04T15:18:26.980+0000] {dag.py:3504} INFO - Setting next_dagrun for one_task_dag to None, run_after=None
[2025-04-04T15:18:26.994+0000] {processor.py:179} INFO - Processing /workspaces/hands-on-introduction-data-engineering-4395021/airflow/dags/one_task_dag.py took 0.068 seconds
[2025-04-04T15:18:34.706+0000] {processor.py:157} INFO - Started process (PID=35343) to work on /workspaces/hands-on-introduction-data-engineering-4395021/airflow/dags/one_task_dag.py
[2025-04-04T15:18:34.715+0000] {processor.py:826} INFO - Processing file /workspaces/hands-on-introduction-data-engineering-4395021/airflow/dags/one_task_dag.py for tasks to queue
[2025-04-04T15:18:34.717+0000] {logging_mixin.py:150} INFO - [2025-04-04T15:18:34.716+0000] {dagbag.py:541} INFO - Filling up the DagBag from /workspaces/hands-on-introduction-data-engineering-4395021/airflow/dags/one_task_dag.py
[2025-04-04T15:18:34.741+0000] {processor.py:836} INFO - DAG(s) dict_keys(['one_task_dag']) retrieved from /workspaces/hands-on-introduction-data-engineering-4395021/airflow/dags/one_task_dag.py
[2025-04-04T15:18:34.766+0000] {logging_mixin.py:150} INFO - [2025-04-04T15:18:34.766+0000] {dag.py:2742} INFO - Sync 1 DAGs
[2025-04-04T15:18:34.780+0000] {logging_mixin.py:150} INFO - [2025-04-04T15:18:34.780+0000] {dag.py:3504} INFO - Setting next_dagrun for one_task_dag to None, run_after=None
[2025-04-04T15:18:34.795+0000] {processor.py:179} INFO - Processing /workspaces/hands-on-introduction-data-engineering-4395021/airflow/dags/one_task_dag.py took 0.103 seconds
[2025-04-04T15:18:49.142+0000] {processor.py:157} INFO - Started process (PID=35479) to work on /workspaces/hands-on-introduction-data-engineering-4395021/airflow/dags/one_task_dag.py
[2025-04-04T15:18:49.142+0000] {processor.py:826} INFO - Processing file /workspaces/hands-on-introduction-data-engineering-4395021/airflow/dags/one_task_dag.py for tasks to queue
[2025-04-04T15:18:49.143+0000] {logging_mixin.py:150} INFO - [2025-04-04T15:18:49.143+0000] {dagbag.py:541} INFO - Filling up the DagBag from /workspaces/hands-on-introduction-data-engineering-4395021/airflow/dags/one_task_dag.py
[2025-04-04T15:18:49.146+0000] {logging_mixin.py:150} INFO - [2025-04-04T15:18:49.145+0000] {dagbag.py:350} ERROR - Failed to import: /workspaces/hands-on-introduction-data-engineering-4395021/airflow/dags/one_task_dag.py
Traceback (most recent call last):
  File "/home/vscode/.local/lib/python3.10/site-packages/airflow/models/dagbag.py", line 346, in parse
    loader.exec_module(new_module)
  File "<frozen importlib._bootstrap_external>", line 879, in exec_module
  File "<frozen importlib._bootstrap_external>", line 1017, in get_code
  File "<frozen importlib._bootstrap_external>", line 947, in source_to_code
  File "<frozen importlib._bootstrap>", line 241, in _call_with_frames_removed
  File "/workspaces/hands-on-introduction-data-engineering-4395021/airflow/dags/one_task_dag.py", line 26
    )
    ^
SyntaxError: positional argument follows keyword argument
[2025-04-04T15:18:49.146+0000] {processor.py:838} WARNING - No viable dags retrieved from /workspaces/hands-on-introduction-data-engineering-4395021/airflow/dags/one_task_dag.py
[2025-04-04T15:18:49.160+0000] {processor.py:179} INFO - Processing /workspaces/hands-on-introduction-data-engineering-4395021/airflow/dags/one_task_dag.py took 0.021 seconds
[2025-04-04T15:18:50.081+0000] {processor.py:157} INFO - Started process (PID=35487) to work on /workspaces/hands-on-introduction-data-engineering-4395021/airflow/dags/one_task_dag.py
[2025-04-04T15:18:50.084+0000] {processor.py:826} INFO - Processing file /workspaces/hands-on-introduction-data-engineering-4395021/airflow/dags/one_task_dag.py for tasks to queue
[2025-04-04T15:18:50.085+0000] {logging_mixin.py:150} INFO - [2025-04-04T15:18:50.085+0000] {dagbag.py:541} INFO - Filling up the DagBag from /workspaces/hands-on-introduction-data-engineering-4395021/airflow/dags/one_task_dag.py
[2025-04-04T15:18:50.101+0000] {logging_mixin.py:150} INFO - [2025-04-04T15:18:50.096+0000] {dagbag.py:350} ERROR - Failed to import: /workspaces/hands-on-introduction-data-engineering-4395021/airflow/dags/one_task_dag.py
Traceback (most recent call last):
  File "/home/vscode/.local/lib/python3.10/site-packages/airflow/models/dagbag.py", line 346, in parse
    loader.exec_module(new_module)
  File "<frozen importlib._bootstrap_external>", line 879, in exec_module
  File "<frozen importlib._bootstrap_external>", line 1017, in get_code
  File "<frozen importlib._bootstrap_external>", line 947, in source_to_code
  File "<frozen importlib._bootstrap>", line 241, in _call_with_frames_removed
  File "/workspaces/hands-on-introduction-data-engineering-4395021/airflow/dags/one_task_dag.py", line 26
    )
    ^
SyntaxError: invalid syntax
[2025-04-04T15:18:50.101+0000] {processor.py:838} WARNING - No viable dags retrieved from /workspaces/hands-on-introduction-data-engineering-4395021/airflow/dags/one_task_dag.py
[2025-04-04T15:18:50.181+0000] {processor.py:179} INFO - Processing /workspaces/hands-on-introduction-data-engineering-4395021/airflow/dags/one_task_dag.py took 0.113 seconds
[2025-04-04T15:18:52.196+0000] {processor.py:157} INFO - Started process (PID=35500) to work on /workspaces/hands-on-introduction-data-engineering-4395021/airflow/dags/one_task_dag.py
[2025-04-04T15:18:52.197+0000] {processor.py:826} INFO - Processing file /workspaces/hands-on-introduction-data-engineering-4395021/airflow/dags/one_task_dag.py for tasks to queue
[2025-04-04T15:18:52.198+0000] {logging_mixin.py:150} INFO - [2025-04-04T15:18:52.198+0000] {dagbag.py:541} INFO - Filling up the DagBag from /workspaces/hands-on-introduction-data-engineering-4395021/airflow/dags/one_task_dag.py
[2025-04-04T15:18:52.208+0000] {processor.py:836} INFO - DAG(s) dict_keys(['one_task_dag']) retrieved from /workspaces/hands-on-introduction-data-engineering-4395021/airflow/dags/one_task_dag.py
[2025-04-04T15:18:52.229+0000] {logging_mixin.py:150} INFO - [2025-04-04T15:18:52.229+0000] {dag.py:2742} INFO - Sync 1 DAGs
[2025-04-04T15:18:52.249+0000] {logging_mixin.py:150} INFO - [2025-04-04T15:18:52.249+0000] {dag.py:3504} INFO - Setting next_dagrun for one_task_dag to None, run_after=None
[2025-04-04T15:18:52.285+0000] {processor.py:179} INFO - Processing /workspaces/hands-on-introduction-data-engineering-4395021/airflow/dags/one_task_dag.py took 0.091 seconds
[2025-04-04T15:18:54.727+0000] {processor.py:157} INFO - Started process (PID=35520) to work on /workspaces/hands-on-introduction-data-engineering-4395021/airflow/dags/one_task_dag.py
[2025-04-04T15:18:54.727+0000] {processor.py:826} INFO - Processing file /workspaces/hands-on-introduction-data-engineering-4395021/airflow/dags/one_task_dag.py for tasks to queue
[2025-04-04T15:18:54.728+0000] {logging_mixin.py:150} INFO - [2025-04-04T15:18:54.728+0000] {dagbag.py:541} INFO - Filling up the DagBag from /workspaces/hands-on-introduction-data-engineering-4395021/airflow/dags/one_task_dag.py
[2025-04-04T15:18:54.737+0000] {processor.py:836} INFO - DAG(s) dict_keys(['one_task_dag']) retrieved from /workspaces/hands-on-introduction-data-engineering-4395021/airflow/dags/one_task_dag.py
[2025-04-04T15:18:54.755+0000] {logging_mixin.py:150} INFO - [2025-04-04T15:18:54.755+0000] {dag.py:2742} INFO - Sync 1 DAGs
[2025-04-04T15:18:54.769+0000] {logging_mixin.py:150} INFO - [2025-04-04T15:18:54.769+0000] {dag.py:3504} INFO - Setting next_dagrun for one_task_dag to None, run_after=None
[2025-04-04T15:18:54.784+0000] {processor.py:179} INFO - Processing /workspaces/hands-on-introduction-data-engineering-4395021/airflow/dags/one_task_dag.py took 0.060 seconds
[2025-04-04T15:19:20.480+0000] {processor.py:157} INFO - Started process (PID=35680) to work on /workspaces/hands-on-introduction-data-engineering-4395021/airflow/dags/one_task_dag.py
[2025-04-04T15:19:20.481+0000] {processor.py:826} INFO - Processing file /workspaces/hands-on-introduction-data-engineering-4395021/airflow/dags/one_task_dag.py for tasks to queue
[2025-04-04T15:19:20.482+0000] {logging_mixin.py:150} INFO - [2025-04-04T15:19:20.481+0000] {dagbag.py:541} INFO - Filling up the DagBag from /workspaces/hands-on-introduction-data-engineering-4395021/airflow/dags/one_task_dag.py
[2025-04-04T15:19:20.491+0000] {processor.py:836} INFO - DAG(s) dict_keys(['one_task_dag']) retrieved from /workspaces/hands-on-introduction-data-engineering-4395021/airflow/dags/one_task_dag.py
[2025-04-04T15:19:20.508+0000] {logging_mixin.py:150} INFO - [2025-04-04T15:19:20.508+0000] {dag.py:2742} INFO - Sync 1 DAGs
[2025-04-04T15:19:20.523+0000] {logging_mixin.py:150} INFO - [2025-04-04T15:19:20.523+0000] {dag.py:3504} INFO - Setting next_dagrun for one_task_dag to None, run_after=None
[2025-04-04T15:19:20.538+0000] {processor.py:179} INFO - Processing /workspaces/hands-on-introduction-data-engineering-4395021/airflow/dags/one_task_dag.py took 0.061 seconds
[2025-04-04T15:19:23.432+0000] {processor.py:157} INFO - Started process (PID=35706) to work on /workspaces/hands-on-introduction-data-engineering-4395021/airflow/dags/one_task_dag.py
[2025-04-04T15:19:23.433+0000] {processor.py:826} INFO - Processing file /workspaces/hands-on-introduction-data-engineering-4395021/airflow/dags/one_task_dag.py for tasks to queue
[2025-04-04T15:19:23.434+0000] {logging_mixin.py:150} INFO - [2025-04-04T15:19:23.433+0000] {dagbag.py:541} INFO - Filling up the DagBag from /workspaces/hands-on-introduction-data-engineering-4395021/airflow/dags/one_task_dag.py
[2025-04-04T15:19:23.444+0000] {processor.py:836} INFO - DAG(s) dict_keys(['one_task_dag']) retrieved from /workspaces/hands-on-introduction-data-engineering-4395021/airflow/dags/one_task_dag.py
[2025-04-04T15:19:23.461+0000] {logging_mixin.py:150} INFO - [2025-04-04T15:19:23.461+0000] {dag.py:2742} INFO - Sync 1 DAGs
[2025-04-04T15:19:23.476+0000] {logging_mixin.py:150} INFO - [2025-04-04T15:19:23.476+0000] {dag.py:3504} INFO - Setting next_dagrun for one_task_dag to None, run_after=None
[2025-04-04T15:19:23.491+0000] {processor.py:179} INFO - Processing /workspaces/hands-on-introduction-data-engineering-4395021/airflow/dags/one_task_dag.py took 0.061 seconds
[2025-04-04T15:19:26.652+0000] {processor.py:157} INFO - Started process (PID=35716) to work on /workspaces/hands-on-introduction-data-engineering-4395021/airflow/dags/one_task_dag.py
[2025-04-04T15:19:26.652+0000] {processor.py:826} INFO - Processing file /workspaces/hands-on-introduction-data-engineering-4395021/airflow/dags/one_task_dag.py for tasks to queue
[2025-04-04T15:19:26.653+0000] {logging_mixin.py:150} INFO - [2025-04-04T15:19:26.653+0000] {dagbag.py:541} INFO - Filling up the DagBag from /workspaces/hands-on-introduction-data-engineering-4395021/airflow/dags/one_task_dag.py
[2025-04-04T15:19:26.662+0000] {processor.py:836} INFO - DAG(s) dict_keys(['one_task_dag']) retrieved from /workspaces/hands-on-introduction-data-engineering-4395021/airflow/dags/one_task_dag.py
[2025-04-04T15:19:26.679+0000] {logging_mixin.py:150} INFO - [2025-04-04T15:19:26.679+0000] {dag.py:2742} INFO - Sync 1 DAGs
[2025-04-04T15:19:26.693+0000] {logging_mixin.py:150} INFO - [2025-04-04T15:19:26.693+0000] {dag.py:3504} INFO - Setting next_dagrun for one_task_dag to None, run_after=None
[2025-04-04T15:19:26.709+0000] {processor.py:179} INFO - Processing /workspaces/hands-on-introduction-data-engineering-4395021/airflow/dags/one_task_dag.py took 0.060 seconds
[2025-04-04T15:19:28.811+0000] {processor.py:157} INFO - Started process (PID=35735) to work on /workspaces/hands-on-introduction-data-engineering-4395021/airflow/dags/one_task_dag.py
[2025-04-04T15:19:28.811+0000] {processor.py:826} INFO - Processing file /workspaces/hands-on-introduction-data-engineering-4395021/airflow/dags/one_task_dag.py for tasks to queue
[2025-04-04T15:19:28.812+0000] {logging_mixin.py:150} INFO - [2025-04-04T15:19:28.812+0000] {dagbag.py:541} INFO - Filling up the DagBag from /workspaces/hands-on-introduction-data-engineering-4395021/airflow/dags/one_task_dag.py
[2025-04-04T15:19:28.821+0000] {processor.py:836} INFO - DAG(s) dict_keys(['one_task_dag']) retrieved from /workspaces/hands-on-introduction-data-engineering-4395021/airflow/dags/one_task_dag.py
[2025-04-04T15:19:28.838+0000] {logging_mixin.py:150} INFO - [2025-04-04T15:19:28.838+0000] {dag.py:2742} INFO - Sync 1 DAGs
[2025-04-04T15:19:28.852+0000] {logging_mixin.py:150} INFO - [2025-04-04T15:19:28.852+0000] {dag.py:3504} INFO - Setting next_dagrun for one_task_dag to None, run_after=None
[2025-04-04T15:19:28.867+0000] {processor.py:179} INFO - Processing /workspaces/hands-on-introduction-data-engineering-4395021/airflow/dags/one_task_dag.py took 0.059 seconds
[2025-04-04T15:19:35.683+0000] {processor.py:157} INFO - Started process (PID=35795) to work on /workspaces/hands-on-introduction-data-engineering-4395021/airflow/dags/one_task_dag.py
[2025-04-04T15:19:35.684+0000] {processor.py:826} INFO - Processing file /workspaces/hands-on-introduction-data-engineering-4395021/airflow/dags/one_task_dag.py for tasks to queue
[2025-04-04T15:19:35.685+0000] {logging_mixin.py:150} INFO - [2025-04-04T15:19:35.684+0000] {dagbag.py:541} INFO - Filling up the DagBag from /workspaces/hands-on-introduction-data-engineering-4395021/airflow/dags/one_task_dag.py
[2025-04-04T15:19:35.693+0000] {processor.py:836} INFO - DAG(s) dict_keys(['one_task_dag']) retrieved from /workspaces/hands-on-introduction-data-engineering-4395021/airflow/dags/one_task_dag.py
[2025-04-04T15:19:35.712+0000] {logging_mixin.py:150} INFO - [2025-04-04T15:19:35.712+0000] {dag.py:2742} INFO - Sync 1 DAGs
[2025-04-04T15:19:35.727+0000] {logging_mixin.py:150} INFO - [2025-04-04T15:19:35.727+0000] {dag.py:3504} INFO - Setting next_dagrun for one_task_dag to None, run_after=None
[2025-04-04T15:19:35.742+0000] {processor.py:179} INFO - Processing /workspaces/hands-on-introduction-data-engineering-4395021/airflow/dags/one_task_dag.py took 0.062 seconds
[2025-04-04T15:19:38.461+0000] {processor.py:157} INFO - Started process (PID=35815) to work on /workspaces/hands-on-introduction-data-engineering-4395021/airflow/dags/one_task_dag.py
[2025-04-04T15:19:38.461+0000] {processor.py:826} INFO - Processing file /workspaces/hands-on-introduction-data-engineering-4395021/airflow/dags/one_task_dag.py for tasks to queue
[2025-04-04T15:19:38.462+0000] {logging_mixin.py:150} INFO - [2025-04-04T15:19:38.462+0000] {dagbag.py:541} INFO - Filling up the DagBag from /workspaces/hands-on-introduction-data-engineering-4395021/airflow/dags/one_task_dag.py
[2025-04-04T15:19:38.474+0000] {processor.py:836} INFO - DAG(s) dict_keys(['one_task_dag']) retrieved from /workspaces/hands-on-introduction-data-engineering-4395021/airflow/dags/one_task_dag.py
[2025-04-04T15:19:38.494+0000] {logging_mixin.py:150} INFO - [2025-04-04T15:19:38.494+0000] {dag.py:2742} INFO - Sync 1 DAGs
[2025-04-04T15:19:38.509+0000] {logging_mixin.py:150} INFO - [2025-04-04T15:19:38.509+0000] {dag.py:3504} INFO - Setting next_dagrun for one_task_dag to None, run_after=None
[2025-04-04T15:19:38.528+0000] {processor.py:179} INFO - Processing /workspaces/hands-on-introduction-data-engineering-4395021/airflow/dags/one_task_dag.py took 0.069 seconds
[2025-04-04T15:19:40.631+0000] {processor.py:157} INFO - Started process (PID=35830) to work on /workspaces/hands-on-introduction-data-engineering-4395021/airflow/dags/one_task_dag.py
[2025-04-04T15:19:40.631+0000] {processor.py:826} INFO - Processing file /workspaces/hands-on-introduction-data-engineering-4395021/airflow/dags/one_task_dag.py for tasks to queue
[2025-04-04T15:19:40.632+0000] {logging_mixin.py:150} INFO - [2025-04-04T15:19:40.632+0000] {dagbag.py:541} INFO - Filling up the DagBag from /workspaces/hands-on-introduction-data-engineering-4395021/airflow/dags/one_task_dag.py
[2025-04-04T15:19:40.642+0000] {processor.py:836} INFO - DAG(s) dict_keys(['one_task_dag']) retrieved from /workspaces/hands-on-introduction-data-engineering-4395021/airflow/dags/one_task_dag.py
[2025-04-04T15:19:40.666+0000] {logging_mixin.py:150} INFO - [2025-04-04T15:19:40.665+0000] {dag.py:2742} INFO - Sync 1 DAGs
[2025-04-04T15:19:40.680+0000] {logging_mixin.py:150} INFO - [2025-04-04T15:19:40.680+0000] {dag.py:3504} INFO - Setting next_dagrun for one_task_dag to None, run_after=None
[2025-04-04T15:19:40.695+0000] {processor.py:179} INFO - Processing /workspaces/hands-on-introduction-data-engineering-4395021/airflow/dags/one_task_dag.py took 0.067 seconds
[2025-04-04T15:19:41.853+0000] {processor.py:157} INFO - Started process (PID=35839) to work on /workspaces/hands-on-introduction-data-engineering-4395021/airflow/dags/one_task_dag.py
[2025-04-04T15:19:41.854+0000] {processor.py:826} INFO - Processing file /workspaces/hands-on-introduction-data-engineering-4395021/airflow/dags/one_task_dag.py for tasks to queue
[2025-04-04T15:19:41.854+0000] {logging_mixin.py:150} INFO - [2025-04-04T15:19:41.854+0000] {dagbag.py:541} INFO - Filling up the DagBag from /workspaces/hands-on-introduction-data-engineering-4395021/airflow/dags/one_task_dag.py
[2025-04-04T15:19:41.863+0000] {processor.py:836} INFO - DAG(s) dict_keys(['one_task_dag']) retrieved from /workspaces/hands-on-introduction-data-engineering-4395021/airflow/dags/one_task_dag.py
[2025-04-04T15:19:41.880+0000] {logging_mixin.py:150} INFO - [2025-04-04T15:19:41.880+0000] {dag.py:2742} INFO - Sync 1 DAGs
[2025-04-04T15:19:41.895+0000] {logging_mixin.py:150} INFO - [2025-04-04T15:19:41.895+0000] {dag.py:3504} INFO - Setting next_dagrun for one_task_dag to None, run_after=None
[2025-04-04T15:19:41.914+0000] {processor.py:179} INFO - Processing /workspaces/hands-on-introduction-data-engineering-4395021/airflow/dags/one_task_dag.py took 0.064 seconds
[2025-04-04T15:19:45.854+0000] {processor.py:157} INFO - Started process (PID=35865) to work on /workspaces/hands-on-introduction-data-engineering-4395021/airflow/dags/one_task_dag.py
[2025-04-04T15:19:45.855+0000] {processor.py:826} INFO - Processing file /workspaces/hands-on-introduction-data-engineering-4395021/airflow/dags/one_task_dag.py for tasks to queue
[2025-04-04T15:19:45.855+0000] {logging_mixin.py:150} INFO - [2025-04-04T15:19:45.855+0000] {dagbag.py:541} INFO - Filling up the DagBag from /workspaces/hands-on-introduction-data-engineering-4395021/airflow/dags/one_task_dag.py
[2025-04-04T15:19:45.859+0000] {logging_mixin.py:150} INFO - [2025-04-04T15:19:45.857+0000] {dagbag.py:350} ERROR - Failed to import: /workspaces/hands-on-introduction-data-engineering-4395021/airflow/dags/one_task_dag.py
Traceback (most recent call last):
  File "/home/vscode/.local/lib/python3.10/site-packages/airflow/models/dagbag.py", line 346, in parse
    loader.exec_module(new_module)
  File "<frozen importlib._bootstrap_external>", line 879, in exec_module
  File "<frozen importlib._bootstrap_external>", line 1017, in get_code
  File "<frozen importlib._bootstrap_external>", line 947, in source_to_code
  File "<frozen importlib._bootstrap>", line 241, in _call_with_frames_removed
  File "/workspaces/hands-on-introduction-data-engineering-4395021/airflow/dags/one_task_dag.py", line 23
    task1 = BashOperator(
    ^^^^^
IndentationError: expected an indented block after 'with' statement on line 16
[2025-04-04T15:19:45.859+0000] {processor.py:838} WARNING - No viable dags retrieved from /workspaces/hands-on-introduction-data-engineering-4395021/airflow/dags/one_task_dag.py
[2025-04-04T15:19:45.873+0000] {processor.py:179} INFO - Processing /workspaces/hands-on-introduction-data-engineering-4395021/airflow/dags/one_task_dag.py took 0.022 seconds
[2025-04-04T15:19:52.025+0000] {processor.py:157} INFO - Started process (PID=35907) to work on /workspaces/hands-on-introduction-data-engineering-4395021/airflow/dags/one_task_dag.py
[2025-04-04T15:19:52.026+0000] {processor.py:826} INFO - Processing file /workspaces/hands-on-introduction-data-engineering-4395021/airflow/dags/one_task_dag.py for tasks to queue
[2025-04-04T15:19:52.026+0000] {logging_mixin.py:150} INFO - [2025-04-04T15:19:52.026+0000] {dagbag.py:541} INFO - Filling up the DagBag from /workspaces/hands-on-introduction-data-engineering-4395021/airflow/dags/one_task_dag.py
[2025-04-04T15:19:52.035+0000] {processor.py:836} INFO - DAG(s) dict_keys(['one_task_dag']) retrieved from /workspaces/hands-on-introduction-data-engineering-4395021/airflow/dags/one_task_dag.py
[2025-04-04T15:19:52.052+0000] {logging_mixin.py:150} INFO - [2025-04-04T15:19:52.052+0000] {dag.py:2742} INFO - Sync 1 DAGs
[2025-04-04T15:19:52.066+0000] {logging_mixin.py:150} INFO - [2025-04-04T15:19:52.066+0000] {dag.py:3504} INFO - Setting next_dagrun for one_task_dag to None, run_after=None
[2025-04-04T15:19:52.084+0000] {processor.py:179} INFO - Processing /workspaces/hands-on-introduction-data-engineering-4395021/airflow/dags/one_task_dag.py took 0.061 seconds
[2025-04-04T15:20:03.970+0000] {processor.py:157} INFO - Started process (PID=35980) to work on /workspaces/hands-on-introduction-data-engineering-4395021/airflow/dags/one_task_dag.py
[2025-04-04T15:20:03.971+0000] {processor.py:826} INFO - Processing file /workspaces/hands-on-introduction-data-engineering-4395021/airflow/dags/one_task_dag.py for tasks to queue
[2025-04-04T15:20:03.972+0000] {logging_mixin.py:150} INFO - [2025-04-04T15:20:03.972+0000] {dagbag.py:541} INFO - Filling up the DagBag from /workspaces/hands-on-introduction-data-engineering-4395021/airflow/dags/one_task_dag.py
[2025-04-04T15:20:03.984+0000] {processor.py:836} INFO - DAG(s) dict_keys(['one_task_dag']) retrieved from /workspaces/hands-on-introduction-data-engineering-4395021/airflow/dags/one_task_dag.py
[2025-04-04T15:20:04.008+0000] {logging_mixin.py:150} INFO - [2025-04-04T15:20:04.008+0000] {dag.py:2742} INFO - Sync 1 DAGs
[2025-04-04T15:20:04.028+0000] {logging_mixin.py:150} INFO - [2025-04-04T15:20:04.028+0000] {dag.py:3504} INFO - Setting next_dagrun for one_task_dag to None, run_after=None
[2025-04-04T15:20:04.043+0000] {processor.py:179} INFO - Processing /workspaces/hands-on-introduction-data-engineering-4395021/airflow/dags/one_task_dag.py took 0.076 seconds
[2025-04-04T15:20:20.272+0000] {processor.py:157} INFO - Started process (PID=36087) to work on /workspaces/hands-on-introduction-data-engineering-4395021/airflow/dags/one_task_dag.py
[2025-04-04T15:20:20.272+0000] {processor.py:826} INFO - Processing file /workspaces/hands-on-introduction-data-engineering-4395021/airflow/dags/one_task_dag.py for tasks to queue
[2025-04-04T15:20:20.273+0000] {logging_mixin.py:150} INFO - [2025-04-04T15:20:20.273+0000] {dagbag.py:541} INFO - Filling up the DagBag from /workspaces/hands-on-introduction-data-engineering-4395021/airflow/dags/one_task_dag.py
[2025-04-04T15:20:20.284+0000] {processor.py:836} INFO - DAG(s) dict_keys(['one_task_dag']) retrieved from /workspaces/hands-on-introduction-data-engineering-4395021/airflow/dags/one_task_dag.py
[2025-04-04T15:20:20.317+0000] {logging_mixin.py:150} INFO - [2025-04-04T15:20:20.316+0000] {dag.py:2742} INFO - Sync 1 DAGs
[2025-04-04T15:20:20.340+0000] {logging_mixin.py:150} INFO - [2025-04-04T15:20:20.340+0000] {dag.py:3504} INFO - Setting next_dagrun for one_task_dag to None, run_after=None
[2025-04-04T15:20:20.362+0000] {processor.py:179} INFO - Processing /workspaces/hands-on-introduction-data-engineering-4395021/airflow/dags/one_task_dag.py took 0.093 seconds
[2025-04-04T15:20:22.219+0000] {processor.py:157} INFO - Started process (PID=36102) to work on /workspaces/hands-on-introduction-data-engineering-4395021/airflow/dags/one_task_dag.py
[2025-04-04T15:20:22.220+0000] {processor.py:826} INFO - Processing file /workspaces/hands-on-introduction-data-engineering-4395021/airflow/dags/one_task_dag.py for tasks to queue
[2025-04-04T15:20:22.221+0000] {logging_mixin.py:150} INFO - [2025-04-04T15:20:22.220+0000] {dagbag.py:541} INFO - Filling up the DagBag from /workspaces/hands-on-introduction-data-engineering-4395021/airflow/dags/one_task_dag.py
[2025-04-04T15:20:22.230+0000] {processor.py:836} INFO - DAG(s) dict_keys(['one_task_dag']) retrieved from /workspaces/hands-on-introduction-data-engineering-4395021/airflow/dags/one_task_dag.py
[2025-04-04T15:20:22.247+0000] {logging_mixin.py:150} INFO - [2025-04-04T15:20:22.247+0000] {dag.py:2742} INFO - Sync 1 DAGs
[2025-04-04T15:20:22.263+0000] {logging_mixin.py:150} INFO - [2025-04-04T15:20:22.263+0000] {dag.py:3504} INFO - Setting next_dagrun for one_task_dag to None, run_after=None
[2025-04-04T15:20:22.278+0000] {processor.py:179} INFO - Processing /workspaces/hands-on-introduction-data-engineering-4395021/airflow/dags/one_task_dag.py took 0.062 seconds
[2025-04-04T15:20:23.562+0000] {processor.py:157} INFO - Started process (PID=36110) to work on /workspaces/hands-on-introduction-data-engineering-4395021/airflow/dags/one_task_dag.py
[2025-04-04T15:20:23.563+0000] {processor.py:826} INFO - Processing file /workspaces/hands-on-introduction-data-engineering-4395021/airflow/dags/one_task_dag.py for tasks to queue
[2025-04-04T15:20:23.564+0000] {logging_mixin.py:150} INFO - [2025-04-04T15:20:23.563+0000] {dagbag.py:541} INFO - Filling up the DagBag from /workspaces/hands-on-introduction-data-engineering-4395021/airflow/dags/one_task_dag.py
[2025-04-04T15:20:23.573+0000] {processor.py:836} INFO - DAG(s) dict_keys(['one_task_dag']) retrieved from /workspaces/hands-on-introduction-data-engineering-4395021/airflow/dags/one_task_dag.py
[2025-04-04T15:20:23.590+0000] {logging_mixin.py:150} INFO - [2025-04-04T15:20:23.590+0000] {dag.py:2742} INFO - Sync 1 DAGs
[2025-04-04T15:20:23.604+0000] {logging_mixin.py:150} INFO - [2025-04-04T15:20:23.604+0000] {dag.py:3504} INFO - Setting next_dagrun for one_task_dag to None, run_after=None
[2025-04-04T15:20:23.619+0000] {processor.py:179} INFO - Processing /workspaces/hands-on-introduction-data-engineering-4395021/airflow/dags/one_task_dag.py took 0.060 seconds
[2025-04-04T15:20:28.250+0000] {processor.py:157} INFO - Started process (PID=36138) to work on /workspaces/hands-on-introduction-data-engineering-4395021/airflow/dags/one_task_dag.py
[2025-04-04T15:20:28.251+0000] {processor.py:826} INFO - Processing file /workspaces/hands-on-introduction-data-engineering-4395021/airflow/dags/one_task_dag.py for tasks to queue
[2025-04-04T15:20:28.251+0000] {logging_mixin.py:150} INFO - [2025-04-04T15:20:28.251+0000] {dagbag.py:541} INFO - Filling up the DagBag from /workspaces/hands-on-introduction-data-engineering-4395021/airflow/dags/one_task_dag.py
[2025-04-04T15:20:28.260+0000] {processor.py:836} INFO - DAG(s) dict_keys(['one_task_dag']) retrieved from /workspaces/hands-on-introduction-data-engineering-4395021/airflow/dags/one_task_dag.py
[2025-04-04T15:20:28.277+0000] {logging_mixin.py:150} INFO - [2025-04-04T15:20:28.277+0000] {dag.py:2742} INFO - Sync 1 DAGs
[2025-04-04T15:20:28.292+0000] {logging_mixin.py:150} INFO - [2025-04-04T15:20:28.291+0000] {dag.py:3504} INFO - Setting next_dagrun for one_task_dag to None, run_after=None
[2025-04-04T15:20:28.307+0000] {processor.py:179} INFO - Processing /workspaces/hands-on-introduction-data-engineering-4395021/airflow/dags/one_task_dag.py took 0.060 seconds
[2025-04-04T15:20:58.982+0000] {processor.py:157} INFO - Started process (PID=36368) to work on /workspaces/hands-on-introduction-data-engineering-4395021/airflow/dags/one_task_dag.py
[2025-04-04T15:20:58.983+0000] {processor.py:826} INFO - Processing file /workspaces/hands-on-introduction-data-engineering-4395021/airflow/dags/one_task_dag.py for tasks to queue
[2025-04-04T15:20:58.984+0000] {logging_mixin.py:150} INFO - [2025-04-04T15:20:58.984+0000] {dagbag.py:541} INFO - Filling up the DagBag from /workspaces/hands-on-introduction-data-engineering-4395021/airflow/dags/one_task_dag.py
[2025-04-04T15:20:58.992+0000] {processor.py:836} INFO - DAG(s) dict_keys(['one_task_dag']) retrieved from /workspaces/hands-on-introduction-data-engineering-4395021/airflow/dags/one_task_dag.py
[2025-04-04T15:20:59.010+0000] {logging_mixin.py:150} INFO - [2025-04-04T15:20:59.010+0000] {dag.py:2742} INFO - Sync 1 DAGs
[2025-04-04T15:20:59.024+0000] {logging_mixin.py:150} INFO - [2025-04-04T15:20:59.024+0000] {dag.py:3504} INFO - Setting next_dagrun for one_task_dag to None, run_after=None
[2025-04-04T15:20:59.037+0000] {processor.py:179} INFO - Processing /workspaces/hands-on-introduction-data-engineering-4395021/airflow/dags/one_task_dag.py took 0.058 seconds
[2025-04-04T15:21:29.649+0000] {processor.py:157} INFO - Started process (PID=36543) to work on /workspaces/hands-on-introduction-data-engineering-4395021/airflow/dags/one_task_dag.py
[2025-04-04T15:21:29.650+0000] {processor.py:826} INFO - Processing file /workspaces/hands-on-introduction-data-engineering-4395021/airflow/dags/one_task_dag.py for tasks to queue
[2025-04-04T15:21:29.650+0000] {logging_mixin.py:150} INFO - [2025-04-04T15:21:29.650+0000] {dagbag.py:541} INFO - Filling up the DagBag from /workspaces/hands-on-introduction-data-engineering-4395021/airflow/dags/one_task_dag.py
[2025-04-04T15:21:29.659+0000] {processor.py:836} INFO - DAG(s) dict_keys(['one_task_dag']) retrieved from /workspaces/hands-on-introduction-data-engineering-4395021/airflow/dags/one_task_dag.py
[2025-04-04T15:21:29.675+0000] {logging_mixin.py:150} INFO - [2025-04-04T15:21:29.675+0000] {dag.py:2742} INFO - Sync 1 DAGs
[2025-04-04T15:21:29.688+0000] {logging_mixin.py:150} INFO - [2025-04-04T15:21:29.688+0000] {dag.py:3504} INFO - Setting next_dagrun for one_task_dag to None, run_after=None
[2025-04-04T15:21:29.702+0000] {processor.py:179} INFO - Processing /workspaces/hands-on-introduction-data-engineering-4395021/airflow/dags/one_task_dag.py took 0.056 seconds
[2025-04-04T15:21:59.839+0000] {processor.py:157} INFO - Started process (PID=36750) to work on /workspaces/hands-on-introduction-data-engineering-4395021/airflow/dags/one_task_dag.py
[2025-04-04T15:21:59.840+0000] {processor.py:826} INFO - Processing file /workspaces/hands-on-introduction-data-engineering-4395021/airflow/dags/one_task_dag.py for tasks to queue
[2025-04-04T15:21:59.841+0000] {logging_mixin.py:150} INFO - [2025-04-04T15:21:59.841+0000] {dagbag.py:541} INFO - Filling up the DagBag from /workspaces/hands-on-introduction-data-engineering-4395021/airflow/dags/one_task_dag.py
[2025-04-04T15:21:59.849+0000] {processor.py:836} INFO - DAG(s) dict_keys(['one_task_dag']) retrieved from /workspaces/hands-on-introduction-data-engineering-4395021/airflow/dags/one_task_dag.py
[2025-04-04T15:21:59.866+0000] {logging_mixin.py:150} INFO - [2025-04-04T15:21:59.865+0000] {dag.py:2742} INFO - Sync 1 DAGs
[2025-04-04T15:21:59.879+0000] {logging_mixin.py:150} INFO - [2025-04-04T15:21:59.879+0000] {dag.py:3504} INFO - Setting next_dagrun for one_task_dag to None, run_after=None
[2025-04-04T15:21:59.893+0000] {processor.py:179} INFO - Processing /workspaces/hands-on-introduction-data-engineering-4395021/airflow/dags/one_task_dag.py took 0.056 seconds
[2025-04-04T15:22:30.037+0000] {processor.py:157} INFO - Started process (PID=37043) to work on /workspaces/hands-on-introduction-data-engineering-4395021/airflow/dags/one_task_dag.py
[2025-04-04T15:22:30.038+0000] {processor.py:826} INFO - Processing file /workspaces/hands-on-introduction-data-engineering-4395021/airflow/dags/one_task_dag.py for tasks to queue
[2025-04-04T15:22:30.039+0000] {logging_mixin.py:150} INFO - [2025-04-04T15:22:30.038+0000] {dagbag.py:541} INFO - Filling up the DagBag from /workspaces/hands-on-introduction-data-engineering-4395021/airflow/dags/one_task_dag.py
[2025-04-04T15:22:30.047+0000] {processor.py:836} INFO - DAG(s) dict_keys(['one_task_dag']) retrieved from /workspaces/hands-on-introduction-data-engineering-4395021/airflow/dags/one_task_dag.py
[2025-04-04T15:22:30.064+0000] {logging_mixin.py:150} INFO - [2025-04-04T15:22:30.064+0000] {dag.py:2742} INFO - Sync 1 DAGs
[2025-04-04T15:22:30.078+0000] {logging_mixin.py:150} INFO - [2025-04-04T15:22:30.078+0000] {dag.py:3504} INFO - Setting next_dagrun for one_task_dag to None, run_after=None
[2025-04-04T15:22:30.093+0000] {processor.py:179} INFO - Processing /workspaces/hands-on-introduction-data-engineering-4395021/airflow/dags/one_task_dag.py took 0.058 seconds
[2025-04-04T15:23:00.259+0000] {processor.py:157} INFO - Started process (PID=37243) to work on /workspaces/hands-on-introduction-data-engineering-4395021/airflow/dags/one_task_dag.py
[2025-04-04T15:23:00.259+0000] {processor.py:826} INFO - Processing file /workspaces/hands-on-introduction-data-engineering-4395021/airflow/dags/one_task_dag.py for tasks to queue
[2025-04-04T15:23:00.260+0000] {logging_mixin.py:150} INFO - [2025-04-04T15:23:00.260+0000] {dagbag.py:541} INFO - Filling up the DagBag from /workspaces/hands-on-introduction-data-engineering-4395021/airflow/dags/one_task_dag.py
[2025-04-04T15:23:00.268+0000] {processor.py:836} INFO - DAG(s) dict_keys(['one_task_dag']) retrieved from /workspaces/hands-on-introduction-data-engineering-4395021/airflow/dags/one_task_dag.py
[2025-04-04T15:23:00.285+0000] {logging_mixin.py:150} INFO - [2025-04-04T15:23:00.285+0000] {dag.py:2742} INFO - Sync 1 DAGs
[2025-04-04T15:23:00.299+0000] {logging_mixin.py:150} INFO - [2025-04-04T15:23:00.298+0000] {dag.py:3504} INFO - Setting next_dagrun for one_task_dag to None, run_after=None
[2025-04-04T15:23:00.312+0000] {processor.py:179} INFO - Processing /workspaces/hands-on-introduction-data-engineering-4395021/airflow/dags/one_task_dag.py took 0.056 seconds
[2025-04-04T15:23:06.679+0000] {processor.py:157} INFO - Started process (PID=37284) to work on /workspaces/hands-on-introduction-data-engineering-4395021/airflow/dags/one_task_dag.py
[2025-04-04T15:23:06.680+0000] {processor.py:826} INFO - Processing file /workspaces/hands-on-introduction-data-engineering-4395021/airflow/dags/one_task_dag.py for tasks to queue
[2025-04-04T15:23:06.681+0000] {logging_mixin.py:150} INFO - [2025-04-04T15:23:06.680+0000] {dagbag.py:541} INFO - Filling up the DagBag from /workspaces/hands-on-introduction-data-engineering-4395021/airflow/dags/one_task_dag.py
[2025-04-04T15:23:06.684+0000] {logging_mixin.py:150} INFO - [2025-04-04T15:23:06.683+0000] {dagbag.py:350} ERROR - Failed to import: /workspaces/hands-on-introduction-data-engineering-4395021/airflow/dags/one_task_dag.py
Traceback (most recent call last):
  File "/home/vscode/.local/lib/python3.10/site-packages/airflow/models/dagbag.py", line 346, in parse
    loader.exec_module(new_module)
  File "<frozen importlib._bootstrap_external>", line 883, in exec_module
  File "<frozen importlib._bootstrap>", line 241, in _call_with_frames_removed
  File "/workspaces/hands-on-introduction-data-engineering-4395021/airflow/dags/one_task_dag.py", line 16, in <module>
    with DAG(
TypeError: DAG.__init__() got an unexpected keyword argument 'schedule_'
[2025-04-04T15:23:06.684+0000] {processor.py:838} WARNING - No viable dags retrieved from /workspaces/hands-on-introduction-data-engineering-4395021/airflow/dags/one_task_dag.py
[2025-04-04T15:23:06.698+0000] {processor.py:179} INFO - Processing /workspaces/hands-on-introduction-data-engineering-4395021/airflow/dags/one_task_dag.py took 0.021 seconds
[2025-04-04T15:23:37.427+0000] {processor.py:157} INFO - Started process (PID=37521) to work on /workspaces/hands-on-introduction-data-engineering-4395021/airflow/dags/one_task_dag.py
[2025-04-04T15:23:37.428+0000] {processor.py:826} INFO - Processing file /workspaces/hands-on-introduction-data-engineering-4395021/airflow/dags/one_task_dag.py for tasks to queue
[2025-04-04T15:23:37.428+0000] {logging_mixin.py:150} INFO - [2025-04-04T15:23:37.428+0000] {dagbag.py:541} INFO - Filling up the DagBag from /workspaces/hands-on-introduction-data-engineering-4395021/airflow/dags/one_task_dag.py
[2025-04-04T15:23:37.431+0000] {logging_mixin.py:150} INFO - [2025-04-04T15:23:37.430+0000] {dagbag.py:350} ERROR - Failed to import: /workspaces/hands-on-introduction-data-engineering-4395021/airflow/dags/one_task_dag.py
Traceback (most recent call last):
  File "/home/vscode/.local/lib/python3.10/site-packages/airflow/models/dagbag.py", line 346, in parse
    loader.exec_module(new_module)
  File "<frozen importlib._bootstrap_external>", line 883, in exec_module
  File "<frozen importlib._bootstrap>", line 241, in _call_with_frames_removed
  File "/workspaces/hands-on-introduction-data-engineering-4395021/airflow/dags/one_task_dag.py", line 16, in <module>
    with DAG(
TypeError: DAG.__init__() got an unexpected keyword argument 'schedule_'
[2025-04-04T15:23:37.431+0000] {processor.py:838} WARNING - No viable dags retrieved from /workspaces/hands-on-introduction-data-engineering-4395021/airflow/dags/one_task_dag.py
[2025-04-04T15:23:37.445+0000] {processor.py:179} INFO - Processing /workspaces/hands-on-introduction-data-engineering-4395021/airflow/dags/one_task_dag.py took 0.021 seconds
[2025-04-04T15:23:57.674+0000] {processor.py:157} INFO - Started process (PID=37648) to work on /workspaces/hands-on-introduction-data-engineering-4395021/airflow/dags/one_task_dag.py
[2025-04-04T15:23:57.675+0000] {processor.py:826} INFO - Processing file /workspaces/hands-on-introduction-data-engineering-4395021/airflow/dags/one_task_dag.py for tasks to queue
[2025-04-04T15:23:57.676+0000] {logging_mixin.py:150} INFO - [2025-04-04T15:23:57.675+0000] {dagbag.py:541} INFO - Filling up the DagBag from /workspaces/hands-on-introduction-data-engineering-4395021/airflow/dags/one_task_dag.py
[2025-04-04T15:23:57.683+0000] {processor.py:836} INFO - DAG(s) dict_keys(['one_task_dag']) retrieved from /workspaces/hands-on-introduction-data-engineering-4395021/airflow/dags/one_task_dag.py
[2025-04-04T15:23:57.701+0000] {logging_mixin.py:150} INFO - [2025-04-04T15:23:57.701+0000] {dag.py:2742} INFO - Sync 1 DAGs
[2025-04-04T15:23:57.715+0000] {logging_mixin.py:150} INFO - [2025-04-04T15:23:57.715+0000] {dag.py:3504} INFO - Setting next_dagrun for one_task_dag to None, run_after=None
[2025-04-04T15:23:57.733+0000] {processor.py:179} INFO - Processing /workspaces/hands-on-introduction-data-engineering-4395021/airflow/dags/one_task_dag.py took 0.061 seconds
[2025-04-04T15:24:15.822+0000] {processor.py:157} INFO - Started process (PID=37810) to work on /workspaces/hands-on-introduction-data-engineering-4395021/airflow/dags/one_task_dag.py
[2025-04-04T15:24:15.823+0000] {processor.py:826} INFO - Processing file /workspaces/hands-on-introduction-data-engineering-4395021/airflow/dags/one_task_dag.py for tasks to queue
[2025-04-04T15:24:15.824+0000] {logging_mixin.py:150} INFO - [2025-04-04T15:24:15.823+0000] {dagbag.py:541} INFO - Filling up the DagBag from /workspaces/hands-on-introduction-data-engineering-4395021/airflow/dags/one_task_dag.py
[2025-04-04T15:24:15.832+0000] {processor.py:836} INFO - DAG(s) dict_keys(['one_task_dag']) retrieved from /workspaces/hands-on-introduction-data-engineering-4395021/airflow/dags/one_task_dag.py
[2025-04-04T15:24:15.851+0000] {logging_mixin.py:150} INFO - [2025-04-04T15:24:15.851+0000] {dag.py:2742} INFO - Sync 1 DAGs
[2025-04-04T15:24:15.865+0000] {logging_mixin.py:150} INFO - [2025-04-04T15:24:15.865+0000] {dag.py:3504} INFO - Setting next_dagrun for one_task_dag to None, run_after=None
[2025-04-04T15:24:15.881+0000] {processor.py:179} INFO - Processing /workspaces/hands-on-introduction-data-engineering-4395021/airflow/dags/one_task_dag.py took 0.062 seconds
[2025-04-04T15:24:18.940+0000] {processor.py:157} INFO - Started process (PID=37820) to work on /workspaces/hands-on-introduction-data-engineering-4395021/airflow/dags/one_task_dag.py
[2025-04-04T15:24:18.941+0000] {processor.py:826} INFO - Processing file /workspaces/hands-on-introduction-data-engineering-4395021/airflow/dags/one_task_dag.py for tasks to queue
[2025-04-04T15:24:18.942+0000] {logging_mixin.py:150} INFO - [2025-04-04T15:24:18.941+0000] {dagbag.py:541} INFO - Filling up the DagBag from /workspaces/hands-on-introduction-data-engineering-4395021/airflow/dags/one_task_dag.py
[2025-04-04T15:24:18.950+0000] {processor.py:836} INFO - DAG(s) dict_keys(['one_task_dag']) retrieved from /workspaces/hands-on-introduction-data-engineering-4395021/airflow/dags/one_task_dag.py
[2025-04-04T15:24:18.968+0000] {logging_mixin.py:150} INFO - [2025-04-04T15:24:18.968+0000] {dag.py:2742} INFO - Sync 1 DAGs
[2025-04-04T15:24:18.981+0000] {logging_mixin.py:150} INFO - [2025-04-04T15:24:18.981+0000] {dag.py:3504} INFO - Setting next_dagrun for one_task_dag to None, run_after=None
[2025-04-04T15:24:18.996+0000] {processor.py:179} INFO - Processing /workspaces/hands-on-introduction-data-engineering-4395021/airflow/dags/one_task_dag.py took 0.058 seconds
[2025-04-04T15:24:49.632+0000] {processor.py:157} INFO - Started process (PID=38063) to work on /workspaces/hands-on-introduction-data-engineering-4395021/airflow/dags/one_task_dag.py
[2025-04-04T15:24:49.632+0000] {processor.py:826} INFO - Processing file /workspaces/hands-on-introduction-data-engineering-4395021/airflow/dags/one_task_dag.py for tasks to queue
[2025-04-04T15:24:49.633+0000] {logging_mixin.py:150} INFO - [2025-04-04T15:24:49.633+0000] {dagbag.py:541} INFO - Filling up the DagBag from /workspaces/hands-on-introduction-data-engineering-4395021/airflow/dags/one_task_dag.py
[2025-04-04T15:24:49.640+0000] {processor.py:836} INFO - DAG(s) dict_keys(['one_task_dag']) retrieved from /workspaces/hands-on-introduction-data-engineering-4395021/airflow/dags/one_task_dag.py
[2025-04-04T15:24:49.659+0000] {logging_mixin.py:150} INFO - [2025-04-04T15:24:49.659+0000] {dag.py:2742} INFO - Sync 1 DAGs
[2025-04-04T15:24:49.674+0000] {logging_mixin.py:150} INFO - [2025-04-04T15:24:49.674+0000] {dag.py:3504} INFO - Setting next_dagrun for one_task_dag to None, run_after=None
[2025-04-04T15:24:49.687+0000] {processor.py:179} INFO - Processing /workspaces/hands-on-introduction-data-engineering-4395021/airflow/dags/one_task_dag.py took 0.058 seconds
[2025-04-04T15:25:20.389+0000] {processor.py:157} INFO - Started process (PID=38246) to work on /workspaces/hands-on-introduction-data-engineering-4395021/airflow/dags/one_task_dag.py
[2025-04-04T15:25:20.390+0000] {processor.py:826} INFO - Processing file /workspaces/hands-on-introduction-data-engineering-4395021/airflow/dags/one_task_dag.py for tasks to queue
[2025-04-04T15:25:20.391+0000] {logging_mixin.py:150} INFO - [2025-04-04T15:25:20.391+0000] {dagbag.py:541} INFO - Filling up the DagBag from /workspaces/hands-on-introduction-data-engineering-4395021/airflow/dags/one_task_dag.py
[2025-04-04T15:25:20.399+0000] {processor.py:836} INFO - DAG(s) dict_keys(['one_task_dag']) retrieved from /workspaces/hands-on-introduction-data-engineering-4395021/airflow/dags/one_task_dag.py
[2025-04-04T15:25:20.419+0000] {logging_mixin.py:150} INFO - [2025-04-04T15:25:20.418+0000] {dag.py:2742} INFO - Sync 1 DAGs
[2025-04-04T15:25:20.432+0000] {logging_mixin.py:150} INFO - [2025-04-04T15:25:20.432+0000] {dag.py:3504} INFO - Setting next_dagrun for one_task_dag to None, run_after=None
[2025-04-04T15:25:20.446+0000] {processor.py:179} INFO - Processing /workspaces/hands-on-introduction-data-engineering-4395021/airflow/dags/one_task_dag.py took 0.060 seconds
[2025-04-04T15:25:43.703+0000] {processor.py:157} INFO - Started process (PID=38416) to work on /workspaces/hands-on-introduction-data-engineering-4395021/airflow/dags/one_task_dag.py
[2025-04-04T15:25:43.704+0000] {processor.py:826} INFO - Processing file /workspaces/hands-on-introduction-data-engineering-4395021/airflow/dags/one_task_dag.py for tasks to queue
[2025-04-04T15:25:43.705+0000] {logging_mixin.py:150} INFO - [2025-04-04T15:25:43.705+0000] {dagbag.py:541} INFO - Filling up the DagBag from /workspaces/hands-on-introduction-data-engineering-4395021/airflow/dags/one_task_dag.py
[2025-04-04T15:25:43.714+0000] {processor.py:836} INFO - DAG(s) dict_keys(['one_task_dag']) retrieved from /workspaces/hands-on-introduction-data-engineering-4395021/airflow/dags/one_task_dag.py
[2025-04-04T15:25:43.732+0000] {logging_mixin.py:150} INFO - [2025-04-04T15:25:43.732+0000] {dag.py:2742} INFO - Sync 1 DAGs
[2025-04-04T15:25:43.745+0000] {logging_mixin.py:150} INFO - [2025-04-04T15:25:43.745+0000] {dag.py:3504} INFO - Setting next_dagrun for one_task_dag to None, run_after=None
[2025-04-04T15:25:43.760+0000] {processor.py:179} INFO - Processing /workspaces/hands-on-introduction-data-engineering-4395021/airflow/dags/one_task_dag.py took 0.059 seconds
[2025-04-04T15:25:44.835+0000] {processor.py:157} INFO - Started process (PID=38418) to work on /workspaces/hands-on-introduction-data-engineering-4395021/airflow/dags/one_task_dag.py
[2025-04-04T15:25:44.836+0000] {processor.py:826} INFO - Processing file /workspaces/hands-on-introduction-data-engineering-4395021/airflow/dags/one_task_dag.py for tasks to queue
[2025-04-04T15:25:44.837+0000] {logging_mixin.py:150} INFO - [2025-04-04T15:25:44.836+0000] {dagbag.py:541} INFO - Filling up the DagBag from /workspaces/hands-on-introduction-data-engineering-4395021/airflow/dags/one_task_dag.py
[2025-04-04T15:25:44.845+0000] {processor.py:836} INFO - DAG(s) dict_keys(['one_task_dag']) retrieved from /workspaces/hands-on-introduction-data-engineering-4395021/airflow/dags/one_task_dag.py
[2025-04-04T15:25:44.863+0000] {logging_mixin.py:150} INFO - [2025-04-04T15:25:44.863+0000] {dag.py:2742} INFO - Sync 1 DAGs
[2025-04-04T15:25:44.877+0000] {logging_mixin.py:150} INFO - [2025-04-04T15:25:44.877+0000] {dag.py:3504} INFO - Setting next_dagrun for one_task_dag to None, run_after=None
[2025-04-04T15:25:44.891+0000] {processor.py:179} INFO - Processing /workspaces/hands-on-introduction-data-engineering-4395021/airflow/dags/one_task_dag.py took 0.058 seconds
[2025-04-04T15:25:45.442+0000] {processor.py:157} INFO - Started process (PID=38426) to work on /workspaces/hands-on-introduction-data-engineering-4395021/airflow/dags/one_task_dag.py
[2025-04-04T15:25:45.443+0000] {processor.py:826} INFO - Processing file /workspaces/hands-on-introduction-data-engineering-4395021/airflow/dags/one_task_dag.py for tasks to queue
[2025-04-04T15:25:45.444+0000] {logging_mixin.py:150} INFO - [2025-04-04T15:25:45.444+0000] {dagbag.py:541} INFO - Filling up the DagBag from /workspaces/hands-on-introduction-data-engineering-4395021/airflow/dags/one_task_dag.py
[2025-04-04T15:25:45.452+0000] {processor.py:836} INFO - DAG(s) dict_keys(['one_task_dag']) retrieved from /workspaces/hands-on-introduction-data-engineering-4395021/airflow/dags/one_task_dag.py
[2025-04-04T15:25:45.471+0000] {logging_mixin.py:150} INFO - [2025-04-04T15:25:45.471+0000] {dag.py:2742} INFO - Sync 1 DAGs
[2025-04-04T15:25:45.485+0000] {logging_mixin.py:150} INFO - [2025-04-04T15:25:45.485+0000] {dag.py:3504} INFO - Setting next_dagrun for one_task_dag to None, run_after=None
[2025-04-04T15:25:45.500+0000] {processor.py:179} INFO - Processing /workspaces/hands-on-introduction-data-engineering-4395021/airflow/dags/one_task_dag.py took 0.060 seconds
[2025-04-04T15:25:46.686+0000] {processor.py:157} INFO - Started process (PID=38438) to work on /workspaces/hands-on-introduction-data-engineering-4395021/airflow/dags/one_task_dag.py
[2025-04-04T15:25:46.687+0000] {processor.py:826} INFO - Processing file /workspaces/hands-on-introduction-data-engineering-4395021/airflow/dags/one_task_dag.py for tasks to queue
[2025-04-04T15:25:46.687+0000] {logging_mixin.py:150} INFO - [2025-04-04T15:25:46.687+0000] {dagbag.py:541} INFO - Filling up the DagBag from /workspaces/hands-on-introduction-data-engineering-4395021/airflow/dags/one_task_dag.py
[2025-04-04T15:25:46.695+0000] {processor.py:836} INFO - DAG(s) dict_keys(['one_task_dag']) retrieved from /workspaces/hands-on-introduction-data-engineering-4395021/airflow/dags/one_task_dag.py
[2025-04-04T15:25:46.713+0000] {logging_mixin.py:150} INFO - [2025-04-04T15:25:46.713+0000] {dag.py:2742} INFO - Sync 1 DAGs
[2025-04-04T15:25:46.728+0000] {logging_mixin.py:150} INFO - [2025-04-04T15:25:46.728+0000] {dag.py:3504} INFO - Setting next_dagrun for one_task_dag to None, run_after=None
[2025-04-04T15:25:46.742+0000] {processor.py:179} INFO - Processing /workspaces/hands-on-introduction-data-engineering-4395021/airflow/dags/one_task_dag.py took 0.059 seconds
[2025-04-04T15:25:47.818+0000] {processor.py:157} INFO - Started process (PID=38446) to work on /workspaces/hands-on-introduction-data-engineering-4395021/airflow/dags/one_task_dag.py
[2025-04-04T15:25:47.819+0000] {processor.py:826} INFO - Processing file /workspaces/hands-on-introduction-data-engineering-4395021/airflow/dags/one_task_dag.py for tasks to queue
[2025-04-04T15:25:47.820+0000] {logging_mixin.py:150} INFO - [2025-04-04T15:25:47.819+0000] {dagbag.py:541} INFO - Filling up the DagBag from /workspaces/hands-on-introduction-data-engineering-4395021/airflow/dags/one_task_dag.py
[2025-04-04T15:25:47.828+0000] {processor.py:836} INFO - DAG(s) dict_keys(['one_task_dag']) retrieved from /workspaces/hands-on-introduction-data-engineering-4395021/airflow/dags/one_task_dag.py
[2025-04-04T15:25:47.846+0000] {logging_mixin.py:150} INFO - [2025-04-04T15:25:47.846+0000] {dag.py:2742} INFO - Sync 1 DAGs
[2025-04-04T15:25:47.860+0000] {logging_mixin.py:150} INFO - [2025-04-04T15:25:47.860+0000] {dag.py:3504} INFO - Setting next_dagrun for one_task_dag to None, run_after=None
[2025-04-04T15:25:47.875+0000] {processor.py:179} INFO - Processing /workspaces/hands-on-introduction-data-engineering-4395021/airflow/dags/one_task_dag.py took 0.059 seconds
[2025-04-04T15:25:48.951+0000] {processor.py:157} INFO - Started process (PID=38448) to work on /workspaces/hands-on-introduction-data-engineering-4395021/airflow/dags/one_task_dag.py
[2025-04-04T15:25:48.951+0000] {processor.py:826} INFO - Processing file /workspaces/hands-on-introduction-data-engineering-4395021/airflow/dags/one_task_dag.py for tasks to queue
[2025-04-04T15:25:48.952+0000] {logging_mixin.py:150} INFO - [2025-04-04T15:25:48.952+0000] {dagbag.py:541} INFO - Filling up the DagBag from /workspaces/hands-on-introduction-data-engineering-4395021/airflow/dags/one_task_dag.py
[2025-04-04T15:25:48.960+0000] {processor.py:836} INFO - DAG(s) dict_keys(['one_task_dag']) retrieved from /workspaces/hands-on-introduction-data-engineering-4395021/airflow/dags/one_task_dag.py
[2025-04-04T15:25:48.978+0000] {logging_mixin.py:150} INFO - [2025-04-04T15:25:48.978+0000] {dag.py:2742} INFO - Sync 1 DAGs
[2025-04-04T15:25:48.992+0000] {logging_mixin.py:150} INFO - [2025-04-04T15:25:48.992+0000] {dag.py:3504} INFO - Setting next_dagrun for one_task_dag to None, run_after=None
[2025-04-04T15:25:49.006+0000] {processor.py:179} INFO - Processing /workspaces/hands-on-introduction-data-engineering-4395021/airflow/dags/one_task_dag.py took 0.058 seconds
[2025-04-04T15:25:50.084+0000] {processor.py:157} INFO - Started process (PID=38456) to work on /workspaces/hands-on-introduction-data-engineering-4395021/airflow/dags/one_task_dag.py
[2025-04-04T15:25:50.084+0000] {processor.py:826} INFO - Processing file /workspaces/hands-on-introduction-data-engineering-4395021/airflow/dags/one_task_dag.py for tasks to queue
[2025-04-04T15:25:50.085+0000] {logging_mixin.py:150} INFO - [2025-04-04T15:25:50.085+0000] {dagbag.py:541} INFO - Filling up the DagBag from /workspaces/hands-on-introduction-data-engineering-4395021/airflow/dags/one_task_dag.py
[2025-04-04T15:25:50.093+0000] {processor.py:836} INFO - DAG(s) dict_keys(['one_task_dag']) retrieved from /workspaces/hands-on-introduction-data-engineering-4395021/airflow/dags/one_task_dag.py
[2025-04-04T15:25:50.111+0000] {logging_mixin.py:150} INFO - [2025-04-04T15:25:50.110+0000] {dag.py:2742} INFO - Sync 1 DAGs
[2025-04-04T15:25:50.124+0000] {logging_mixin.py:150} INFO - [2025-04-04T15:25:50.124+0000] {dag.py:3504} INFO - Setting next_dagrun for one_task_dag to None, run_after=None
[2025-04-04T15:25:50.139+0000] {processor.py:179} INFO - Processing /workspaces/hands-on-introduction-data-engineering-4395021/airflow/dags/one_task_dag.py took 0.058 seconds
[2025-04-04T15:26:20.516+0000] {processor.py:157} INFO - Started process (PID=38687) to work on /workspaces/hands-on-introduction-data-engineering-4395021/airflow/dags/one_task_dag.py
[2025-04-04T15:26:20.517+0000] {processor.py:826} INFO - Processing file /workspaces/hands-on-introduction-data-engineering-4395021/airflow/dags/one_task_dag.py for tasks to queue
[2025-04-04T15:26:20.518+0000] {logging_mixin.py:150} INFO - [2025-04-04T15:26:20.517+0000] {dagbag.py:541} INFO - Filling up the DagBag from /workspaces/hands-on-introduction-data-engineering-4395021/airflow/dags/one_task_dag.py
[2025-04-04T15:26:20.526+0000] {processor.py:836} INFO - DAG(s) dict_keys(['one_task_dag']) retrieved from /workspaces/hands-on-introduction-data-engineering-4395021/airflow/dags/one_task_dag.py
[2025-04-04T15:26:20.544+0000] {logging_mixin.py:150} INFO - [2025-04-04T15:26:20.544+0000] {dag.py:2742} INFO - Sync 1 DAGs
[2025-04-04T15:26:20.558+0000] {logging_mixin.py:150} INFO - [2025-04-04T15:26:20.557+0000] {dag.py:3504} INFO - Setting next_dagrun for one_task_dag to None, run_after=None
[2025-04-04T15:26:20.574+0000] {processor.py:179} INFO - Processing /workspaces/hands-on-introduction-data-engineering-4395021/airflow/dags/one_task_dag.py took 0.061 seconds
[2025-04-04T15:26:51.078+0000] {processor.py:157} INFO - Started process (PID=38913) to work on /workspaces/hands-on-introduction-data-engineering-4395021/airflow/dags/one_task_dag.py
[2025-04-04T15:26:51.079+0000] {processor.py:826} INFO - Processing file /workspaces/hands-on-introduction-data-engineering-4395021/airflow/dags/one_task_dag.py for tasks to queue
[2025-04-04T15:26:51.080+0000] {logging_mixin.py:150} INFO - [2025-04-04T15:26:51.080+0000] {dagbag.py:541} INFO - Filling up the DagBag from /workspaces/hands-on-introduction-data-engineering-4395021/airflow/dags/one_task_dag.py
[2025-04-04T15:26:51.088+0000] {processor.py:836} INFO - DAG(s) dict_keys(['one_task_dag']) retrieved from /workspaces/hands-on-introduction-data-engineering-4395021/airflow/dags/one_task_dag.py
[2025-04-04T15:26:51.107+0000] {logging_mixin.py:150} INFO - [2025-04-04T15:26:51.107+0000] {dag.py:2742} INFO - Sync 1 DAGs
[2025-04-04T15:26:51.122+0000] {logging_mixin.py:150} INFO - [2025-04-04T15:26:51.122+0000] {dag.py:3504} INFO - Setting next_dagrun for one_task_dag to None, run_after=None
[2025-04-04T15:26:51.136+0000] {processor.py:179} INFO - Processing /workspaces/hands-on-introduction-data-engineering-4395021/airflow/dags/one_task_dag.py took 0.060 seconds
[2025-04-04T15:27:21.372+0000] {processor.py:157} INFO - Started process (PID=39103) to work on /workspaces/hands-on-introduction-data-engineering-4395021/airflow/dags/one_task_dag.py
[2025-04-04T15:27:21.372+0000] {processor.py:826} INFO - Processing file /workspaces/hands-on-introduction-data-engineering-4395021/airflow/dags/one_task_dag.py for tasks to queue
[2025-04-04T15:27:21.373+0000] {logging_mixin.py:150} INFO - [2025-04-04T15:27:21.373+0000] {dagbag.py:541} INFO - Filling up the DagBag from /workspaces/hands-on-introduction-data-engineering-4395021/airflow/dags/one_task_dag.py
[2025-04-04T15:27:21.381+0000] {processor.py:836} INFO - DAG(s) dict_keys(['one_task_dag']) retrieved from /workspaces/hands-on-introduction-data-engineering-4395021/airflow/dags/one_task_dag.py
[2025-04-04T15:27:21.399+0000] {logging_mixin.py:150} INFO - [2025-04-04T15:27:21.398+0000] {dag.py:2742} INFO - Sync 1 DAGs
[2025-04-04T15:27:21.413+0000] {logging_mixin.py:150} INFO - [2025-04-04T15:27:21.412+0000] {dag.py:3504} INFO - Setting next_dagrun for one_task_dag to None, run_after=None
[2025-04-04T15:27:21.425+0000] {processor.py:179} INFO - Processing /workspaces/hands-on-introduction-data-engineering-4395021/airflow/dags/one_task_dag.py took 0.056 seconds
[2025-04-04T15:27:51.687+0000] {processor.py:157} INFO - Started process (PID=39303) to work on /workspaces/hands-on-introduction-data-engineering-4395021/airflow/dags/one_task_dag.py
[2025-04-04T15:27:51.687+0000] {processor.py:826} INFO - Processing file /workspaces/hands-on-introduction-data-engineering-4395021/airflow/dags/one_task_dag.py for tasks to queue
[2025-04-04T15:27:51.688+0000] {logging_mixin.py:150} INFO - [2025-04-04T15:27:51.688+0000] {dagbag.py:541} INFO - Filling up the DagBag from /workspaces/hands-on-introduction-data-engineering-4395021/airflow/dags/one_task_dag.py
[2025-04-04T15:27:51.695+0000] {processor.py:836} INFO - DAG(s) dict_keys(['one_task_dag']) retrieved from /workspaces/hands-on-introduction-data-engineering-4395021/airflow/dags/one_task_dag.py
[2025-04-04T15:27:51.713+0000] {logging_mixin.py:150} INFO - [2025-04-04T15:27:51.713+0000] {dag.py:2742} INFO - Sync 1 DAGs
[2025-04-04T15:27:51.727+0000] {logging_mixin.py:150} INFO - [2025-04-04T15:27:51.727+0000] {dag.py:3504} INFO - Setting next_dagrun for one_task_dag to None, run_after=None
[2025-04-04T15:27:51.740+0000] {processor.py:179} INFO - Processing /workspaces/hands-on-introduction-data-engineering-4395021/airflow/dags/one_task_dag.py took 0.057 seconds
[2025-04-04T15:28:22.003+0000] {processor.py:157} INFO - Started process (PID=39469) to work on /workspaces/hands-on-introduction-data-engineering-4395021/airflow/dags/one_task_dag.py
[2025-04-04T15:28:22.003+0000] {processor.py:826} INFO - Processing file /workspaces/hands-on-introduction-data-engineering-4395021/airflow/dags/one_task_dag.py for tasks to queue
[2025-04-04T15:28:22.004+0000] {logging_mixin.py:150} INFO - [2025-04-04T15:28:22.004+0000] {dagbag.py:541} INFO - Filling up the DagBag from /workspaces/hands-on-introduction-data-engineering-4395021/airflow/dags/one_task_dag.py
[2025-04-04T15:28:22.011+0000] {processor.py:836} INFO - DAG(s) dict_keys(['one_task_dag']) retrieved from /workspaces/hands-on-introduction-data-engineering-4395021/airflow/dags/one_task_dag.py
[2025-04-04T15:28:22.030+0000] {logging_mixin.py:150} INFO - [2025-04-04T15:28:22.030+0000] {dag.py:2742} INFO - Sync 1 DAGs
[2025-04-04T15:28:22.044+0000] {logging_mixin.py:150} INFO - [2025-04-04T15:28:22.044+0000] {dag.py:3504} INFO - Setting next_dagrun for one_task_dag to None, run_after=None
[2025-04-04T15:28:22.057+0000] {processor.py:179} INFO - Processing /workspaces/hands-on-introduction-data-engineering-4395021/airflow/dags/one_task_dag.py took 0.057 seconds
[2025-04-04T15:28:52.297+0000] {processor.py:157} INFO - Started process (PID=39647) to work on /workspaces/hands-on-introduction-data-engineering-4395021/airflow/dags/one_task_dag.py
[2025-04-04T15:28:52.298+0000] {processor.py:826} INFO - Processing file /workspaces/hands-on-introduction-data-engineering-4395021/airflow/dags/one_task_dag.py for tasks to queue
[2025-04-04T15:28:52.299+0000] {logging_mixin.py:150} INFO - [2025-04-04T15:28:52.298+0000] {dagbag.py:541} INFO - Filling up the DagBag from /workspaces/hands-on-introduction-data-engineering-4395021/airflow/dags/one_task_dag.py
[2025-04-04T15:28:52.307+0000] {processor.py:836} INFO - DAG(s) dict_keys(['one_task_dag']) retrieved from /workspaces/hands-on-introduction-data-engineering-4395021/airflow/dags/one_task_dag.py
[2025-04-04T15:28:52.327+0000] {logging_mixin.py:150} INFO - [2025-04-04T15:28:52.327+0000] {dag.py:2742} INFO - Sync 1 DAGs
[2025-04-04T15:28:52.341+0000] {logging_mixin.py:150} INFO - [2025-04-04T15:28:52.340+0000] {dag.py:3504} INFO - Setting next_dagrun for one_task_dag to None, run_after=None
[2025-04-04T15:28:52.354+0000] {processor.py:179} INFO - Processing /workspaces/hands-on-introduction-data-engineering-4395021/airflow/dags/one_task_dag.py took 0.060 seconds
[2025-04-04T15:29:22.591+0000] {processor.py:157} INFO - Started process (PID=39892) to work on /workspaces/hands-on-introduction-data-engineering-4395021/airflow/dags/one_task_dag.py
[2025-04-04T15:29:22.592+0000] {processor.py:826} INFO - Processing file /workspaces/hands-on-introduction-data-engineering-4395021/airflow/dags/one_task_dag.py for tasks to queue
[2025-04-04T15:29:22.592+0000] {logging_mixin.py:150} INFO - [2025-04-04T15:29:22.592+0000] {dagbag.py:541} INFO - Filling up the DagBag from /workspaces/hands-on-introduction-data-engineering-4395021/airflow/dags/one_task_dag.py
[2025-04-04T15:29:22.600+0000] {processor.py:836} INFO - DAG(s) dict_keys(['one_task_dag']) retrieved from /workspaces/hands-on-introduction-data-engineering-4395021/airflow/dags/one_task_dag.py
[2025-04-04T15:29:22.618+0000] {logging_mixin.py:150} INFO - [2025-04-04T15:29:22.618+0000] {dag.py:2742} INFO - Sync 1 DAGs
[2025-04-04T15:29:22.632+0000] {logging_mixin.py:150} INFO - [2025-04-04T15:29:22.632+0000] {dag.py:3504} INFO - Setting next_dagrun for one_task_dag to None, run_after=None
[2025-04-04T15:29:22.646+0000] {processor.py:179} INFO - Processing /workspaces/hands-on-introduction-data-engineering-4395021/airflow/dags/one_task_dag.py took 0.058 seconds
[2025-04-04T15:29:52.884+0000] {processor.py:157} INFO - Started process (PID=40084) to work on /workspaces/hands-on-introduction-data-engineering-4395021/airflow/dags/one_task_dag.py
[2025-04-04T15:29:52.885+0000] {processor.py:826} INFO - Processing file /workspaces/hands-on-introduction-data-engineering-4395021/airflow/dags/one_task_dag.py for tasks to queue
[2025-04-04T15:29:52.886+0000] {logging_mixin.py:150} INFO - [2025-04-04T15:29:52.885+0000] {dagbag.py:541} INFO - Filling up the DagBag from /workspaces/hands-on-introduction-data-engineering-4395021/airflow/dags/one_task_dag.py
[2025-04-04T15:29:52.893+0000] {processor.py:836} INFO - DAG(s) dict_keys(['one_task_dag']) retrieved from /workspaces/hands-on-introduction-data-engineering-4395021/airflow/dags/one_task_dag.py
[2025-04-04T15:29:52.911+0000] {logging_mixin.py:150} INFO - [2025-04-04T15:29:52.911+0000] {dag.py:2742} INFO - Sync 1 DAGs
[2025-04-04T15:29:52.925+0000] {logging_mixin.py:150} INFO - [2025-04-04T15:29:52.925+0000] {dag.py:3504} INFO - Setting next_dagrun for one_task_dag to None, run_after=None
[2025-04-04T15:29:52.941+0000] {processor.py:179} INFO - Processing /workspaces/hands-on-introduction-data-engineering-4395021/airflow/dags/one_task_dag.py took 0.060 seconds
[2025-04-04T15:30:23.178+0000] {processor.py:157} INFO - Started process (PID=40282) to work on /workspaces/hands-on-introduction-data-engineering-4395021/airflow/dags/one_task_dag.py
[2025-04-04T15:30:23.179+0000] {processor.py:826} INFO - Processing file /workspaces/hands-on-introduction-data-engineering-4395021/airflow/dags/one_task_dag.py for tasks to queue
[2025-04-04T15:30:23.180+0000] {logging_mixin.py:150} INFO - [2025-04-04T15:30:23.179+0000] {dagbag.py:541} INFO - Filling up the DagBag from /workspaces/hands-on-introduction-data-engineering-4395021/airflow/dags/one_task_dag.py
[2025-04-04T15:30:23.188+0000] {processor.py:836} INFO - DAG(s) dict_keys(['one_task_dag']) retrieved from /workspaces/hands-on-introduction-data-engineering-4395021/airflow/dags/one_task_dag.py
[2025-04-04T15:30:23.207+0000] {logging_mixin.py:150} INFO - [2025-04-04T15:30:23.207+0000] {dag.py:2742} INFO - Sync 1 DAGs
[2025-04-04T15:30:23.220+0000] {logging_mixin.py:150} INFO - [2025-04-04T15:30:23.220+0000] {dag.py:3504} INFO - Setting next_dagrun for one_task_dag to None, run_after=None
[2025-04-04T15:30:23.234+0000] {processor.py:179} INFO - Processing /workspaces/hands-on-introduction-data-engineering-4395021/airflow/dags/one_task_dag.py took 0.059 seconds
[2025-04-04T15:30:53.462+0000] {processor.py:157} INFO - Started process (PID=40475) to work on /workspaces/hands-on-introduction-data-engineering-4395021/airflow/dags/one_task_dag.py
[2025-04-04T15:30:53.463+0000] {processor.py:826} INFO - Processing file /workspaces/hands-on-introduction-data-engineering-4395021/airflow/dags/one_task_dag.py for tasks to queue
[2025-04-04T15:30:53.464+0000] {logging_mixin.py:150} INFO - [2025-04-04T15:30:53.463+0000] {dagbag.py:541} INFO - Filling up the DagBag from /workspaces/hands-on-introduction-data-engineering-4395021/airflow/dags/one_task_dag.py
[2025-04-04T15:30:53.471+0000] {processor.py:836} INFO - DAG(s) dict_keys(['one_task_dag']) retrieved from /workspaces/hands-on-introduction-data-engineering-4395021/airflow/dags/one_task_dag.py
[2025-04-04T15:30:53.489+0000] {logging_mixin.py:150} INFO - [2025-04-04T15:30:53.489+0000] {dag.py:2742} INFO - Sync 1 DAGs
[2025-04-04T15:30:53.503+0000] {logging_mixin.py:150} INFO - [2025-04-04T15:30:53.503+0000] {dag.py:3504} INFO - Setting next_dagrun for one_task_dag to None, run_after=None
[2025-04-04T15:30:53.516+0000] {processor.py:179} INFO - Processing /workspaces/hands-on-introduction-data-engineering-4395021/airflow/dags/one_task_dag.py took 0.057 seconds
[2025-04-04T15:31:23.696+0000] {processor.py:157} INFO - Started process (PID=40672) to work on /workspaces/hands-on-introduction-data-engineering-4395021/airflow/dags/one_task_dag.py
[2025-04-04T15:31:23.697+0000] {processor.py:826} INFO - Processing file /workspaces/hands-on-introduction-data-engineering-4395021/airflow/dags/one_task_dag.py for tasks to queue
[2025-04-04T15:31:23.698+0000] {logging_mixin.py:150} INFO - [2025-04-04T15:31:23.698+0000] {dagbag.py:541} INFO - Filling up the DagBag from /workspaces/hands-on-introduction-data-engineering-4395021/airflow/dags/one_task_dag.py
[2025-04-04T15:31:23.708+0000] {processor.py:836} INFO - DAG(s) dict_keys(['one_task_dag']) retrieved from /workspaces/hands-on-introduction-data-engineering-4395021/airflow/dags/one_task_dag.py
[2025-04-04T15:31:23.730+0000] {logging_mixin.py:150} INFO - [2025-04-04T15:31:23.730+0000] {dag.py:2742} INFO - Sync 1 DAGs
[2025-04-04T15:31:23.745+0000] {logging_mixin.py:150} INFO - [2025-04-04T15:31:23.745+0000] {dag.py:3504} INFO - Setting next_dagrun for one_task_dag to None, run_after=None
[2025-04-04T15:31:23.759+0000] {processor.py:179} INFO - Processing /workspaces/hands-on-introduction-data-engineering-4395021/airflow/dags/one_task_dag.py took 0.066 seconds
[2025-04-04T15:31:53.862+0000] {processor.py:157} INFO - Started process (PID=40850) to work on /workspaces/hands-on-introduction-data-engineering-4395021/airflow/dags/one_task_dag.py
[2025-04-04T15:31:53.863+0000] {processor.py:826} INFO - Processing file /workspaces/hands-on-introduction-data-engineering-4395021/airflow/dags/one_task_dag.py for tasks to queue
[2025-04-04T15:31:53.864+0000] {logging_mixin.py:150} INFO - [2025-04-04T15:31:53.863+0000] {dagbag.py:541} INFO - Filling up the DagBag from /workspaces/hands-on-introduction-data-engineering-4395021/airflow/dags/one_task_dag.py
[2025-04-04T15:31:53.871+0000] {processor.py:836} INFO - DAG(s) dict_keys(['one_task_dag']) retrieved from /workspaces/hands-on-introduction-data-engineering-4395021/airflow/dags/one_task_dag.py
[2025-04-04T15:31:53.889+0000] {logging_mixin.py:150} INFO - [2025-04-04T15:31:53.889+0000] {dag.py:2742} INFO - Sync 1 DAGs
[2025-04-04T15:31:53.902+0000] {logging_mixin.py:150} INFO - [2025-04-04T15:31:53.902+0000] {dag.py:3504} INFO - Setting next_dagrun for one_task_dag to None, run_after=None
[2025-04-04T15:31:53.916+0000] {processor.py:179} INFO - Processing /workspaces/hands-on-introduction-data-engineering-4395021/airflow/dags/one_task_dag.py took 0.056 seconds
[2025-04-04T15:32:24.020+0000] {processor.py:157} INFO - Started process (PID=41026) to work on /workspaces/hands-on-introduction-data-engineering-4395021/airflow/dags/one_task_dag.py
[2025-04-04T15:32:24.021+0000] {processor.py:826} INFO - Processing file /workspaces/hands-on-introduction-data-engineering-4395021/airflow/dags/one_task_dag.py for tasks to queue
[2025-04-04T15:32:24.021+0000] {logging_mixin.py:150} INFO - [2025-04-04T15:32:24.021+0000] {dagbag.py:541} INFO - Filling up the DagBag from /workspaces/hands-on-introduction-data-engineering-4395021/airflow/dags/one_task_dag.py
[2025-04-04T15:32:24.029+0000] {processor.py:836} INFO - DAG(s) dict_keys(['one_task_dag']) retrieved from /workspaces/hands-on-introduction-data-engineering-4395021/airflow/dags/one_task_dag.py
[2025-04-04T15:32:24.047+0000] {logging_mixin.py:150} INFO - [2025-04-04T15:32:24.047+0000] {dag.py:2742} INFO - Sync 1 DAGs
[2025-04-04T15:32:24.060+0000] {logging_mixin.py:150} INFO - [2025-04-04T15:32:24.060+0000] {dag.py:3504} INFO - Setting next_dagrun for one_task_dag to None, run_after=None
[2025-04-04T15:32:24.074+0000] {processor.py:179} INFO - Processing /workspaces/hands-on-introduction-data-engineering-4395021/airflow/dags/one_task_dag.py took 0.057 seconds
[2025-04-04T15:32:54.187+0000] {processor.py:157} INFO - Started process (PID=41201) to work on /workspaces/hands-on-introduction-data-engineering-4395021/airflow/dags/one_task_dag.py
[2025-04-04T15:32:54.187+0000] {processor.py:826} INFO - Processing file /workspaces/hands-on-introduction-data-engineering-4395021/airflow/dags/one_task_dag.py for tasks to queue
[2025-04-04T15:32:54.188+0000] {logging_mixin.py:150} INFO - [2025-04-04T15:32:54.188+0000] {dagbag.py:541} INFO - Filling up the DagBag from /workspaces/hands-on-introduction-data-engineering-4395021/airflow/dags/one_task_dag.py
[2025-04-04T15:32:54.195+0000] {processor.py:836} INFO - DAG(s) dict_keys(['one_task_dag']) retrieved from /workspaces/hands-on-introduction-data-engineering-4395021/airflow/dags/one_task_dag.py
[2025-04-04T15:32:54.213+0000] {logging_mixin.py:150} INFO - [2025-04-04T15:32:54.213+0000] {dag.py:2742} INFO - Sync 1 DAGs
[2025-04-04T15:32:54.226+0000] {logging_mixin.py:150} INFO - [2025-04-04T15:32:54.226+0000] {dag.py:3504} INFO - Setting next_dagrun for one_task_dag to None, run_after=None
[2025-04-04T15:32:54.239+0000] {processor.py:179} INFO - Processing /workspaces/hands-on-introduction-data-engineering-4395021/airflow/dags/one_task_dag.py took 0.055 seconds
[2025-04-04T15:33:24.344+0000] {processor.py:157} INFO - Started process (PID=41370) to work on /workspaces/hands-on-introduction-data-engineering-4395021/airflow/dags/one_task_dag.py
[2025-04-04T15:33:24.344+0000] {processor.py:826} INFO - Processing file /workspaces/hands-on-introduction-data-engineering-4395021/airflow/dags/one_task_dag.py for tasks to queue
[2025-04-04T15:33:24.345+0000] {logging_mixin.py:150} INFO - [2025-04-04T15:33:24.345+0000] {dagbag.py:541} INFO - Filling up the DagBag from /workspaces/hands-on-introduction-data-engineering-4395021/airflow/dags/one_task_dag.py
[2025-04-04T15:33:24.353+0000] {processor.py:836} INFO - DAG(s) dict_keys(['one_task_dag']) retrieved from /workspaces/hands-on-introduction-data-engineering-4395021/airflow/dags/one_task_dag.py
[2025-04-04T15:33:24.370+0000] {logging_mixin.py:150} INFO - [2025-04-04T15:33:24.370+0000] {dag.py:2742} INFO - Sync 1 DAGs
[2025-04-04T15:33:24.387+0000] {logging_mixin.py:150} INFO - [2025-04-04T15:33:24.387+0000] {dag.py:3504} INFO - Setting next_dagrun for one_task_dag to None, run_after=None
[2025-04-04T15:33:24.400+0000] {processor.py:179} INFO - Processing /workspaces/hands-on-introduction-data-engineering-4395021/airflow/dags/one_task_dag.py took 0.059 seconds
[2025-04-04T15:33:54.502+0000] {processor.py:157} INFO - Started process (PID=41555) to work on /workspaces/hands-on-introduction-data-engineering-4395021/airflow/dags/one_task_dag.py
[2025-04-04T15:33:54.503+0000] {processor.py:826} INFO - Processing file /workspaces/hands-on-introduction-data-engineering-4395021/airflow/dags/one_task_dag.py for tasks to queue
[2025-04-04T15:33:54.504+0000] {logging_mixin.py:150} INFO - [2025-04-04T15:33:54.504+0000] {dagbag.py:541} INFO - Filling up the DagBag from /workspaces/hands-on-introduction-data-engineering-4395021/airflow/dags/one_task_dag.py
[2025-04-04T15:33:54.511+0000] {processor.py:836} INFO - DAG(s) dict_keys(['one_task_dag']) retrieved from /workspaces/hands-on-introduction-data-engineering-4395021/airflow/dags/one_task_dag.py
[2025-04-04T15:33:54.529+0000] {logging_mixin.py:150} INFO - [2025-04-04T15:33:54.529+0000] {dag.py:2742} INFO - Sync 1 DAGs
[2025-04-04T15:33:54.543+0000] {logging_mixin.py:150} INFO - [2025-04-04T15:33:54.543+0000] {dag.py:3504} INFO - Setting next_dagrun for one_task_dag to None, run_after=None
[2025-04-04T15:33:54.562+0000] {processor.py:179} INFO - Processing /workspaces/hands-on-introduction-data-engineering-4395021/airflow/dags/one_task_dag.py took 0.062 seconds
[2025-04-04T15:34:24.666+0000] {processor.py:157} INFO - Started process (PID=41724) to work on /workspaces/hands-on-introduction-data-engineering-4395021/airflow/dags/one_task_dag.py
[2025-04-04T15:34:24.667+0000] {processor.py:826} INFO - Processing file /workspaces/hands-on-introduction-data-engineering-4395021/airflow/dags/one_task_dag.py for tasks to queue
[2025-04-04T15:34:24.667+0000] {logging_mixin.py:150} INFO - [2025-04-04T15:34:24.667+0000] {dagbag.py:541} INFO - Filling up the DagBag from /workspaces/hands-on-introduction-data-engineering-4395021/airflow/dags/one_task_dag.py
[2025-04-04T15:34:24.675+0000] {processor.py:836} INFO - DAG(s) dict_keys(['one_task_dag']) retrieved from /workspaces/hands-on-introduction-data-engineering-4395021/airflow/dags/one_task_dag.py
[2025-04-04T15:34:24.692+0000] {logging_mixin.py:150} INFO - [2025-04-04T15:34:24.692+0000] {dag.py:2742} INFO - Sync 1 DAGs
[2025-04-04T15:34:24.706+0000] {logging_mixin.py:150} INFO - [2025-04-04T15:34:24.706+0000] {dag.py:3504} INFO - Setting next_dagrun for one_task_dag to None, run_after=None
[2025-04-04T15:34:24.719+0000] {processor.py:179} INFO - Processing /workspaces/hands-on-introduction-data-engineering-4395021/airflow/dags/one_task_dag.py took 0.057 seconds
[2025-04-04T15:34:54.824+0000] {processor.py:157} INFO - Started process (PID=41899) to work on /workspaces/hands-on-introduction-data-engineering-4395021/airflow/dags/one_task_dag.py
[2025-04-04T15:34:54.825+0000] {processor.py:826} INFO - Processing file /workspaces/hands-on-introduction-data-engineering-4395021/airflow/dags/one_task_dag.py for tasks to queue
[2025-04-04T15:34:54.825+0000] {logging_mixin.py:150} INFO - [2025-04-04T15:34:54.825+0000] {dagbag.py:541} INFO - Filling up the DagBag from /workspaces/hands-on-introduction-data-engineering-4395021/airflow/dags/one_task_dag.py
[2025-04-04T15:34:54.833+0000] {processor.py:836} INFO - DAG(s) dict_keys(['one_task_dag']) retrieved from /workspaces/hands-on-introduction-data-engineering-4395021/airflow/dags/one_task_dag.py
[2025-04-04T15:34:54.850+0000] {logging_mixin.py:150} INFO - [2025-04-04T15:34:54.850+0000] {dag.py:2742} INFO - Sync 1 DAGs
[2025-04-04T15:34:54.865+0000] {logging_mixin.py:150} INFO - [2025-04-04T15:34:54.864+0000] {dag.py:3504} INFO - Setting next_dagrun for one_task_dag to None, run_after=None
[2025-04-04T15:34:54.878+0000] {processor.py:179} INFO - Processing /workspaces/hands-on-introduction-data-engineering-4395021/airflow/dags/one_task_dag.py took 0.058 seconds
[2025-04-04T15:35:24.984+0000] {processor.py:157} INFO - Started process (PID=42068) to work on /workspaces/hands-on-introduction-data-engineering-4395021/airflow/dags/one_task_dag.py
[2025-04-04T15:35:24.985+0000] {processor.py:826} INFO - Processing file /workspaces/hands-on-introduction-data-engineering-4395021/airflow/dags/one_task_dag.py for tasks to queue
[2025-04-04T15:35:24.985+0000] {logging_mixin.py:150} INFO - [2025-04-04T15:35:24.985+0000] {dagbag.py:541} INFO - Filling up the DagBag from /workspaces/hands-on-introduction-data-engineering-4395021/airflow/dags/one_task_dag.py
[2025-04-04T15:35:24.993+0000] {processor.py:836} INFO - DAG(s) dict_keys(['one_task_dag']) retrieved from /workspaces/hands-on-introduction-data-engineering-4395021/airflow/dags/one_task_dag.py
[2025-04-04T15:35:25.010+0000] {logging_mixin.py:150} INFO - [2025-04-04T15:35:25.010+0000] {dag.py:2742} INFO - Sync 1 DAGs
[2025-04-04T15:35:25.024+0000] {logging_mixin.py:150} INFO - [2025-04-04T15:35:25.024+0000] {dag.py:3504} INFO - Setting next_dagrun for one_task_dag to None, run_after=None
[2025-04-04T15:35:25.037+0000] {processor.py:179} INFO - Processing /workspaces/hands-on-introduction-data-engineering-4395021/airflow/dags/one_task_dag.py took 0.056 seconds
[2025-04-04T15:35:55.143+0000] {processor.py:157} INFO - Started process (PID=42243) to work on /workspaces/hands-on-introduction-data-engineering-4395021/airflow/dags/one_task_dag.py
[2025-04-04T15:35:55.144+0000] {processor.py:826} INFO - Processing file /workspaces/hands-on-introduction-data-engineering-4395021/airflow/dags/one_task_dag.py for tasks to queue
[2025-04-04T15:35:55.145+0000] {logging_mixin.py:150} INFO - [2025-04-04T15:35:55.144+0000] {dagbag.py:541} INFO - Filling up the DagBag from /workspaces/hands-on-introduction-data-engineering-4395021/airflow/dags/one_task_dag.py
[2025-04-04T15:35:55.152+0000] {processor.py:836} INFO - DAG(s) dict_keys(['one_task_dag']) retrieved from /workspaces/hands-on-introduction-data-engineering-4395021/airflow/dags/one_task_dag.py
[2025-04-04T15:35:55.170+0000] {logging_mixin.py:150} INFO - [2025-04-04T15:35:55.170+0000] {dag.py:2742} INFO - Sync 1 DAGs
[2025-04-04T15:35:55.183+0000] {logging_mixin.py:150} INFO - [2025-04-04T15:35:55.183+0000] {dag.py:3504} INFO - Setting next_dagrun for one_task_dag to None, run_after=None
[2025-04-04T15:35:55.198+0000] {processor.py:179} INFO - Processing /workspaces/hands-on-introduction-data-engineering-4395021/airflow/dags/one_task_dag.py took 0.057 seconds
[2025-04-04T15:36:25.286+0000] {processor.py:157} INFO - Started process (PID=42413) to work on /workspaces/hands-on-introduction-data-engineering-4395021/airflow/dags/one_task_dag.py
[2025-04-04T15:36:25.287+0000] {processor.py:826} INFO - Processing file /workspaces/hands-on-introduction-data-engineering-4395021/airflow/dags/one_task_dag.py for tasks to queue
[2025-04-04T15:36:25.288+0000] {logging_mixin.py:150} INFO - [2025-04-04T15:36:25.287+0000] {dagbag.py:541} INFO - Filling up the DagBag from /workspaces/hands-on-introduction-data-engineering-4395021/airflow/dags/one_task_dag.py
[2025-04-04T15:36:25.295+0000] {processor.py:836} INFO - DAG(s) dict_keys(['one_task_dag']) retrieved from /workspaces/hands-on-introduction-data-engineering-4395021/airflow/dags/one_task_dag.py
[2025-04-04T15:36:25.312+0000] {logging_mixin.py:150} INFO - [2025-04-04T15:36:25.312+0000] {dag.py:2742} INFO - Sync 1 DAGs
[2025-04-04T15:36:25.325+0000] {logging_mixin.py:150} INFO - [2025-04-04T15:36:25.325+0000] {dag.py:3504} INFO - Setting next_dagrun for one_task_dag to None, run_after=None
[2025-04-04T15:36:25.338+0000] {processor.py:179} INFO - Processing /workspaces/hands-on-introduction-data-engineering-4395021/airflow/dags/one_task_dag.py took 0.055 seconds
[2025-04-04T15:36:55.451+0000] {processor.py:157} INFO - Started process (PID=42582) to work on /workspaces/hands-on-introduction-data-engineering-4395021/airflow/dags/one_task_dag.py
[2025-04-04T15:36:55.452+0000] {processor.py:826} INFO - Processing file /workspaces/hands-on-introduction-data-engineering-4395021/airflow/dags/one_task_dag.py for tasks to queue
[2025-04-04T15:36:55.453+0000] {logging_mixin.py:150} INFO - [2025-04-04T15:36:55.452+0000] {dagbag.py:541} INFO - Filling up the DagBag from /workspaces/hands-on-introduction-data-engineering-4395021/airflow/dags/one_task_dag.py
[2025-04-04T15:36:55.459+0000] {processor.py:836} INFO - DAG(s) dict_keys(['one_task_dag']) retrieved from /workspaces/hands-on-introduction-data-engineering-4395021/airflow/dags/one_task_dag.py
[2025-04-04T15:36:55.477+0000] {logging_mixin.py:150} INFO - [2025-04-04T15:36:55.477+0000] {dag.py:2742} INFO - Sync 1 DAGs
[2025-04-04T15:36:55.490+0000] {logging_mixin.py:150} INFO - [2025-04-04T15:36:55.490+0000] {dag.py:3504} INFO - Setting next_dagrun for one_task_dag to None, run_after=None
[2025-04-04T15:36:55.504+0000] {processor.py:179} INFO - Processing /workspaces/hands-on-introduction-data-engineering-4395021/airflow/dags/one_task_dag.py took 0.056 seconds
[2025-04-04T15:37:25.609+0000] {processor.py:157} INFO - Started process (PID=42757) to work on /workspaces/hands-on-introduction-data-engineering-4395021/airflow/dags/one_task_dag.py
[2025-04-04T15:37:25.609+0000] {processor.py:826} INFO - Processing file /workspaces/hands-on-introduction-data-engineering-4395021/airflow/dags/one_task_dag.py for tasks to queue
[2025-04-04T15:37:25.610+0000] {logging_mixin.py:150} INFO - [2025-04-04T15:37:25.610+0000] {dagbag.py:541} INFO - Filling up the DagBag from /workspaces/hands-on-introduction-data-engineering-4395021/airflow/dags/one_task_dag.py
[2025-04-04T15:37:25.617+0000] {processor.py:836} INFO - DAG(s) dict_keys(['one_task_dag']) retrieved from /workspaces/hands-on-introduction-data-engineering-4395021/airflow/dags/one_task_dag.py
[2025-04-04T15:37:25.637+0000] {logging_mixin.py:150} INFO - [2025-04-04T15:37:25.637+0000] {dag.py:2742} INFO - Sync 1 DAGs
[2025-04-04T15:37:25.651+0000] {logging_mixin.py:150} INFO - [2025-04-04T15:37:25.651+0000] {dag.py:3504} INFO - Setting next_dagrun for one_task_dag to None, run_after=None
[2025-04-04T15:37:25.665+0000] {processor.py:179} INFO - Processing /workspaces/hands-on-introduction-data-engineering-4395021/airflow/dags/one_task_dag.py took 0.059 seconds
[2025-04-04T15:37:55.767+0000] {processor.py:157} INFO - Started process (PID=42925) to work on /workspaces/hands-on-introduction-data-engineering-4395021/airflow/dags/one_task_dag.py
[2025-04-04T15:37:55.768+0000] {processor.py:826} INFO - Processing file /workspaces/hands-on-introduction-data-engineering-4395021/airflow/dags/one_task_dag.py for tasks to queue
[2025-04-04T15:37:55.769+0000] {logging_mixin.py:150} INFO - [2025-04-04T15:37:55.768+0000] {dagbag.py:541} INFO - Filling up the DagBag from /workspaces/hands-on-introduction-data-engineering-4395021/airflow/dags/one_task_dag.py
[2025-04-04T15:37:55.776+0000] {processor.py:836} INFO - DAG(s) dict_keys(['one_task_dag']) retrieved from /workspaces/hands-on-introduction-data-engineering-4395021/airflow/dags/one_task_dag.py
[2025-04-04T15:37:55.794+0000] {logging_mixin.py:150} INFO - [2025-04-04T15:37:55.794+0000] {dag.py:2742} INFO - Sync 1 DAGs
[2025-04-04T15:37:55.809+0000] {logging_mixin.py:150} INFO - [2025-04-04T15:37:55.809+0000] {dag.py:3504} INFO - Setting next_dagrun for one_task_dag to None, run_after=None
[2025-04-04T15:37:55.822+0000] {processor.py:179} INFO - Processing /workspaces/hands-on-introduction-data-engineering-4395021/airflow/dags/one_task_dag.py took 0.058 seconds
[2025-04-04T15:38:25.926+0000] {processor.py:157} INFO - Started process (PID=43099) to work on /workspaces/hands-on-introduction-data-engineering-4395021/airflow/dags/one_task_dag.py
[2025-04-04T15:38:25.927+0000] {processor.py:826} INFO - Processing file /workspaces/hands-on-introduction-data-engineering-4395021/airflow/dags/one_task_dag.py for tasks to queue
[2025-04-04T15:38:25.927+0000] {logging_mixin.py:150} INFO - [2025-04-04T15:38:25.927+0000] {dagbag.py:541} INFO - Filling up the DagBag from /workspaces/hands-on-introduction-data-engineering-4395021/airflow/dags/one_task_dag.py
[2025-04-04T15:38:25.935+0000] {processor.py:836} INFO - DAG(s) dict_keys(['one_task_dag']) retrieved from /workspaces/hands-on-introduction-data-engineering-4395021/airflow/dags/one_task_dag.py
[2025-04-04T15:38:25.954+0000] {logging_mixin.py:150} INFO - [2025-04-04T15:38:25.954+0000] {dag.py:2742} INFO - Sync 1 DAGs
[2025-04-04T15:38:25.969+0000] {logging_mixin.py:150} INFO - [2025-04-04T15:38:25.969+0000] {dag.py:3504} INFO - Setting next_dagrun for one_task_dag to None, run_after=None
[2025-04-04T15:38:25.983+0000] {processor.py:179} INFO - Processing /workspaces/hands-on-introduction-data-engineering-4395021/airflow/dags/one_task_dag.py took 0.060 seconds
[2025-04-04T15:38:56.085+0000] {processor.py:157} INFO - Started process (PID=43262) to work on /workspaces/hands-on-introduction-data-engineering-4395021/airflow/dags/one_task_dag.py
[2025-04-04T15:38:56.085+0000] {processor.py:826} INFO - Processing file /workspaces/hands-on-introduction-data-engineering-4395021/airflow/dags/one_task_dag.py for tasks to queue
[2025-04-04T15:38:56.086+0000] {logging_mixin.py:150} INFO - [2025-04-04T15:38:56.086+0000] {dagbag.py:541} INFO - Filling up the DagBag from /workspaces/hands-on-introduction-data-engineering-4395021/airflow/dags/one_task_dag.py
[2025-04-04T15:38:56.093+0000] {processor.py:836} INFO - DAG(s) dict_keys(['one_task_dag']) retrieved from /workspaces/hands-on-introduction-data-engineering-4395021/airflow/dags/one_task_dag.py
[2025-04-04T15:38:56.112+0000] {logging_mixin.py:150} INFO - [2025-04-04T15:38:56.112+0000] {dag.py:2742} INFO - Sync 1 DAGs
[2025-04-04T15:38:56.126+0000] {logging_mixin.py:150} INFO - [2025-04-04T15:38:56.126+0000] {dag.py:3504} INFO - Setting next_dagrun for one_task_dag to None, run_after=None
[2025-04-04T15:38:56.139+0000] {processor.py:179} INFO - Processing /workspaces/hands-on-introduction-data-engineering-4395021/airflow/dags/one_task_dag.py took 0.057 seconds
[2025-04-04T15:39:26.243+0000] {processor.py:157} INFO - Started process (PID=43437) to work on /workspaces/hands-on-introduction-data-engineering-4395021/airflow/dags/one_task_dag.py
[2025-04-04T15:39:26.244+0000] {processor.py:826} INFO - Processing file /workspaces/hands-on-introduction-data-engineering-4395021/airflow/dags/one_task_dag.py for tasks to queue
[2025-04-04T15:39:26.244+0000] {logging_mixin.py:150} INFO - [2025-04-04T15:39:26.244+0000] {dagbag.py:541} INFO - Filling up the DagBag from /workspaces/hands-on-introduction-data-engineering-4395021/airflow/dags/one_task_dag.py
[2025-04-04T15:39:26.252+0000] {processor.py:836} INFO - DAG(s) dict_keys(['one_task_dag']) retrieved from /workspaces/hands-on-introduction-data-engineering-4395021/airflow/dags/one_task_dag.py
[2025-04-04T15:39:26.269+0000] {logging_mixin.py:150} INFO - [2025-04-04T15:39:26.269+0000] {dag.py:2742} INFO - Sync 1 DAGs
[2025-04-04T15:39:26.282+0000] {logging_mixin.py:150} INFO - [2025-04-04T15:39:26.282+0000] {dag.py:3504} INFO - Setting next_dagrun for one_task_dag to None, run_after=None
[2025-04-04T15:39:26.296+0000] {processor.py:179} INFO - Processing /workspaces/hands-on-introduction-data-engineering-4395021/airflow/dags/one_task_dag.py took 0.055 seconds
[2025-04-04T15:39:56.406+0000] {processor.py:157} INFO - Started process (PID=43612) to work on /workspaces/hands-on-introduction-data-engineering-4395021/airflow/dags/one_task_dag.py
[2025-04-04T15:39:56.406+0000] {processor.py:826} INFO - Processing file /workspaces/hands-on-introduction-data-engineering-4395021/airflow/dags/one_task_dag.py for tasks to queue
[2025-04-04T15:39:56.407+0000] {logging_mixin.py:150} INFO - [2025-04-04T15:39:56.407+0000] {dagbag.py:541} INFO - Filling up the DagBag from /workspaces/hands-on-introduction-data-engineering-4395021/airflow/dags/one_task_dag.py
[2025-04-04T15:39:56.414+0000] {processor.py:836} INFO - DAG(s) dict_keys(['one_task_dag']) retrieved from /workspaces/hands-on-introduction-data-engineering-4395021/airflow/dags/one_task_dag.py
[2025-04-04T15:39:56.433+0000] {logging_mixin.py:150} INFO - [2025-04-04T15:39:56.433+0000] {dag.py:2742} INFO - Sync 1 DAGs
[2025-04-04T15:39:56.447+0000] {logging_mixin.py:150} INFO - [2025-04-04T15:39:56.447+0000] {dag.py:3504} INFO - Setting next_dagrun for one_task_dag to None, run_after=None
[2025-04-04T15:39:56.460+0000] {processor.py:179} INFO - Processing /workspaces/hands-on-introduction-data-engineering-4395021/airflow/dags/one_task_dag.py took 0.057 seconds
[2025-04-04T15:40:26.569+0000] {processor.py:157} INFO - Started process (PID=43781) to work on /workspaces/hands-on-introduction-data-engineering-4395021/airflow/dags/one_task_dag.py
[2025-04-04T15:40:26.570+0000] {processor.py:826} INFO - Processing file /workspaces/hands-on-introduction-data-engineering-4395021/airflow/dags/one_task_dag.py for tasks to queue
[2025-04-04T15:40:26.571+0000] {logging_mixin.py:150} INFO - [2025-04-04T15:40:26.571+0000] {dagbag.py:541} INFO - Filling up the DagBag from /workspaces/hands-on-introduction-data-engineering-4395021/airflow/dags/one_task_dag.py
[2025-04-04T15:40:26.578+0000] {processor.py:836} INFO - DAG(s) dict_keys(['one_task_dag']) retrieved from /workspaces/hands-on-introduction-data-engineering-4395021/airflow/dags/one_task_dag.py
[2025-04-04T15:40:26.597+0000] {logging_mixin.py:150} INFO - [2025-04-04T15:40:26.597+0000] {dag.py:2742} INFO - Sync 1 DAGs
[2025-04-04T15:40:26.611+0000] {logging_mixin.py:150} INFO - [2025-04-04T15:40:26.611+0000] {dag.py:3504} INFO - Setting next_dagrun for one_task_dag to None, run_after=None
[2025-04-04T15:40:26.624+0000] {processor.py:179} INFO - Processing /workspaces/hands-on-introduction-data-engineering-4395021/airflow/dags/one_task_dag.py took 0.058 seconds
[2025-04-04T15:40:56.726+0000] {processor.py:157} INFO - Started process (PID=43957) to work on /workspaces/hands-on-introduction-data-engineering-4395021/airflow/dags/one_task_dag.py
[2025-04-04T15:40:56.727+0000] {processor.py:826} INFO - Processing file /workspaces/hands-on-introduction-data-engineering-4395021/airflow/dags/one_task_dag.py for tasks to queue
[2025-04-04T15:40:56.728+0000] {logging_mixin.py:150} INFO - [2025-04-04T15:40:56.727+0000] {dagbag.py:541} INFO - Filling up the DagBag from /workspaces/hands-on-introduction-data-engineering-4395021/airflow/dags/one_task_dag.py
[2025-04-04T15:40:56.735+0000] {processor.py:836} INFO - DAG(s) dict_keys(['one_task_dag']) retrieved from /workspaces/hands-on-introduction-data-engineering-4395021/airflow/dags/one_task_dag.py
[2025-04-04T15:40:56.753+0000] {logging_mixin.py:150} INFO - [2025-04-04T15:40:56.753+0000] {dag.py:2742} INFO - Sync 1 DAGs
[2025-04-04T15:40:56.766+0000] {logging_mixin.py:150} INFO - [2025-04-04T15:40:56.766+0000] {dag.py:3504} INFO - Setting next_dagrun for one_task_dag to None, run_after=None
[2025-04-04T15:40:56.780+0000] {processor.py:179} INFO - Processing /workspaces/hands-on-introduction-data-engineering-4395021/airflow/dags/one_task_dag.py took 0.056 seconds
[2025-04-04T15:41:26.884+0000] {processor.py:157} INFO - Started process (PID=44120) to work on /workspaces/hands-on-introduction-data-engineering-4395021/airflow/dags/one_task_dag.py
[2025-04-04T15:41:26.885+0000] {processor.py:826} INFO - Processing file /workspaces/hands-on-introduction-data-engineering-4395021/airflow/dags/one_task_dag.py for tasks to queue
[2025-04-04T15:41:26.886+0000] {logging_mixin.py:150} INFO - [2025-04-04T15:41:26.886+0000] {dagbag.py:541} INFO - Filling up the DagBag from /workspaces/hands-on-introduction-data-engineering-4395021/airflow/dags/one_task_dag.py
[2025-04-04T15:41:26.893+0000] {processor.py:836} INFO - DAG(s) dict_keys(['one_task_dag']) retrieved from /workspaces/hands-on-introduction-data-engineering-4395021/airflow/dags/one_task_dag.py
[2025-04-04T15:41:26.911+0000] {logging_mixin.py:150} INFO - [2025-04-04T15:41:26.911+0000] {dag.py:2742} INFO - Sync 1 DAGs
[2025-04-04T15:41:26.925+0000] {logging_mixin.py:150} INFO - [2025-04-04T15:41:26.925+0000] {dag.py:3504} INFO - Setting next_dagrun for one_task_dag to None, run_after=None
[2025-04-04T15:41:26.939+0000] {processor.py:179} INFO - Processing /workspaces/hands-on-introduction-data-engineering-4395021/airflow/dags/one_task_dag.py took 0.057 seconds
[2025-04-04T15:41:42.017+0000] {processor.py:157} INFO - Started process (PID=44222) to work on /workspaces/hands-on-introduction-data-engineering-4395021/airflow/dags/one_task_dag.py
[2025-04-04T15:41:42.017+0000] {processor.py:826} INFO - Processing file /workspaces/hands-on-introduction-data-engineering-4395021/airflow/dags/one_task_dag.py for tasks to queue
[2025-04-04T15:41:42.018+0000] {logging_mixin.py:150} INFO - [2025-04-04T15:41:42.018+0000] {dagbag.py:541} INFO - Filling up the DagBag from /workspaces/hands-on-introduction-data-engineering-4395021/airflow/dags/one_task_dag.py
[2025-04-04T15:41:42.021+0000] {logging_mixin.py:150} INFO - [2025-04-04T15:41:42.020+0000] {dagbag.py:350} ERROR - Failed to import: /workspaces/hands-on-introduction-data-engineering-4395021/airflow/dags/one_task_dag.py
Traceback (most recent call last):
  File "/home/vscode/.local/lib/python3.10/site-packages/airflow/models/dagbag.py", line 346, in parse
    loader.exec_module(new_module)
  File "<frozen importlib._bootstrap_external>", line 879, in exec_module
  File "<frozen importlib._bootstrap_external>", line 1017, in get_code
  File "<frozen importlib._bootstrap_external>", line 947, in source_to_code
  File "<frozen importlib._bootstrap>", line 241, in _call_with_frames_removed
  File "/workspaces/hands-on-introduction-data-engineering-4395021/airflow/dags/one_task_dag.py", line 24
    task_id='one_task',
IndentationError: unexpected indent
[2025-04-04T15:41:42.021+0000] {processor.py:838} WARNING - No viable dags retrieved from /workspaces/hands-on-introduction-data-engineering-4395021/airflow/dags/one_task_dag.py
[2025-04-04T15:41:42.034+0000] {processor.py:179} INFO - Processing /workspaces/hands-on-introduction-data-engineering-4395021/airflow/dags/one_task_dag.py took 0.020 seconds
[2025-04-04T15:41:43.794+0000] {processor.py:157} INFO - Started process (PID=44235) to work on /workspaces/hands-on-introduction-data-engineering-4395021/airflow/dags/one_task_dag.py
[2025-04-04T15:41:43.795+0000] {processor.py:826} INFO - Processing file /workspaces/hands-on-introduction-data-engineering-4395021/airflow/dags/one_task_dag.py for tasks to queue
[2025-04-04T15:41:43.796+0000] {logging_mixin.py:150} INFO - [2025-04-04T15:41:43.796+0000] {dagbag.py:541} INFO - Filling up the DagBag from /workspaces/hands-on-introduction-data-engineering-4395021/airflow/dags/one_task_dag.py
[2025-04-04T15:41:43.800+0000] {logging_mixin.py:150} INFO - [2025-04-04T15:41:43.799+0000] {dagbag.py:350} ERROR - Failed to import: /workspaces/hands-on-introduction-data-engineering-4395021/airflow/dags/one_task_dag.py
Traceback (most recent call last):
  File "/home/vscode/.local/lib/python3.10/site-packages/airflow/models/dagbag.py", line 346, in parse
    loader.exec_module(new_module)
  File "<frozen importlib._bootstrap_external>", line 879, in exec_module
  File "<frozen importlib._bootstrap_external>", line 1017, in get_code
  File "<frozen importlib._bootstrap_external>", line 947, in source_to_code
  File "<frozen importlib._bootstrap>", line 241, in _call_with_frames_removed
  File "/workspaces/hands-on-introduction-data-engineering-4395021/airflow/dags/one_task_dag.py", line 25
    bash_command='echo "hello, linkedin learning!" > /workspaces/hands-on-introduction-data-engineering-4395021/lab',dag=dag)
                                                                                                                            ^
SyntaxError: unmatched ')'
[2025-04-04T15:41:43.800+0000] {processor.py:838} WARNING - No viable dags retrieved from /workspaces/hands-on-introduction-data-engineering-4395021/airflow/dags/one_task_dag.py
[2025-04-04T15:41:43.817+0000] {processor.py:179} INFO - Processing /workspaces/hands-on-introduction-data-engineering-4395021/airflow/dags/one_task_dag.py took 0.026 seconds
[2025-04-04T15:41:46.974+0000] {processor.py:157} INFO - Started process (PID=44251) to work on /workspaces/hands-on-introduction-data-engineering-4395021/airflow/dags/one_task_dag.py
[2025-04-04T15:41:46.974+0000] {processor.py:826} INFO - Processing file /workspaces/hands-on-introduction-data-engineering-4395021/airflow/dags/one_task_dag.py for tasks to queue
[2025-04-04T15:41:46.975+0000] {logging_mixin.py:150} INFO - [2025-04-04T15:41:46.975+0000] {dagbag.py:541} INFO - Filling up the DagBag from /workspaces/hands-on-introduction-data-engineering-4395021/airflow/dags/one_task_dag.py
[2025-04-04T15:41:46.978+0000] {logging_mixin.py:150} INFO - [2025-04-04T15:41:46.977+0000] {dagbag.py:350} ERROR - Failed to import: /workspaces/hands-on-introduction-data-engineering-4395021/airflow/dags/one_task_dag.py
Traceback (most recent call last):
  File "/home/vscode/.local/lib/python3.10/site-packages/airflow/models/dagbag.py", line 346, in parse
    loader.exec_module(new_module)
  File "<frozen importlib._bootstrap_external>", line 879, in exec_module
  File "<frozen importlib._bootstrap_external>", line 1017, in get_code
  File "<frozen importlib._bootstrap_external>", line 947, in source_to_code
  File "<frozen importlib._bootstrap>", line 241, in _call_with_frames_removed
  File "/workspaces/hands-on-introduction-data-engineering-4395021/airflow/dags/one_task_dag.py", line 25
    bash_command='echo "hello, linkedin learning!" > /workspaces/hands-on-introduction-data-engineering-4395021/lab',dag=dag)
                                                                                                                            ^
SyntaxError: closing parenthesis ')' does not match opening parenthesis '{' on line 23
[2025-04-04T15:41:46.978+0000] {processor.py:838} WARNING - No viable dags retrieved from /workspaces/hands-on-introduction-data-engineering-4395021/airflow/dags/one_task_dag.py
[2025-04-04T15:41:46.992+0000] {processor.py:179} INFO - Processing /workspaces/hands-on-introduction-data-engineering-4395021/airflow/dags/one_task_dag.py took 0.021 seconds
[2025-04-04T15:41:58.124+0000] {processor.py:157} INFO - Started process (PID=44331) to work on /workspaces/hands-on-introduction-data-engineering-4395021/airflow/dags/one_task_dag.py
[2025-04-04T15:41:58.125+0000] {processor.py:826} INFO - Processing file /workspaces/hands-on-introduction-data-engineering-4395021/airflow/dags/one_task_dag.py for tasks to queue
[2025-04-04T15:41:58.126+0000] {logging_mixin.py:150} INFO - [2025-04-04T15:41:58.125+0000] {dagbag.py:541} INFO - Filling up the DagBag from /workspaces/hands-on-introduction-data-engineering-4395021/airflow/dags/one_task_dag.py
[2025-04-04T15:41:58.128+0000] {logging_mixin.py:150} INFO - [2025-04-04T15:41:58.127+0000] {dagbag.py:350} ERROR - Failed to import: /workspaces/hands-on-introduction-data-engineering-4395021/airflow/dags/one_task_dag.py
Traceback (most recent call last):
  File "/home/vscode/.local/lib/python3.10/site-packages/airflow/models/dagbag.py", line 346, in parse
    loader.exec_module(new_module)
  File "<frozen importlib._bootstrap_external>", line 879, in exec_module
  File "<frozen importlib._bootstrap_external>", line 1017, in get_code
  File "<frozen importlib._bootstrap_external>", line 947, in source_to_code
  File "<frozen importlib._bootstrap>", line 241, in _call_with_frames_removed
  File "/workspaces/hands-on-introduction-data-engineering-4395021/airflow/dags/one_task_dag.py", line 24
    task_id='one_task',
    ^^^^^^^^^^^^^^^^^^
SyntaxError: invalid syntax. Maybe you meant '==' or ':=' instead of '='?
[2025-04-04T15:41:58.128+0000] {processor.py:838} WARNING - No viable dags retrieved from /workspaces/hands-on-introduction-data-engineering-4395021/airflow/dags/one_task_dag.py
[2025-04-04T15:41:58.142+0000] {processor.py:179} INFO - Processing /workspaces/hands-on-introduction-data-engineering-4395021/airflow/dags/one_task_dag.py took 0.021 seconds
[2025-04-04T15:42:19.898+0000] {processor.py:157} INFO - Started process (PID=44498) to work on /workspaces/hands-on-introduction-data-engineering-4395021/airflow/dags/one_task_dag.py
[2025-04-04T15:42:19.898+0000] {processor.py:826} INFO - Processing file /workspaces/hands-on-introduction-data-engineering-4395021/airflow/dags/one_task_dag.py for tasks to queue
[2025-04-04T15:42:19.899+0000] {logging_mixin.py:150} INFO - [2025-04-04T15:42:19.899+0000] {dagbag.py:541} INFO - Filling up the DagBag from /workspaces/hands-on-introduction-data-engineering-4395021/airflow/dags/one_task_dag.py
[2025-04-04T15:42:19.902+0000] {logging_mixin.py:150} INFO - [2025-04-04T15:42:19.901+0000] {dagbag.py:350} ERROR - Failed to import: /workspaces/hands-on-introduction-data-engineering-4395021/airflow/dags/one_task_dag.py
Traceback (most recent call last):
  File "/home/vscode/.local/lib/python3.10/site-packages/airflow/models/dagbag.py", line 346, in parse
    loader.exec_module(new_module)
  File "<frozen importlib._bootstrap_external>", line 879, in exec_module
  File "<frozen importlib._bootstrap_external>", line 1017, in get_code
  File "<frozen importlib._bootstrap_external>", line 947, in source_to_code
  File "<frozen importlib._bootstrap>", line 241, in _call_with_frames_removed
  File "/workspaces/hands-on-introduction-data-engineering-4395021/airflow/dags/one_task_dag.py", line 24
    task_id='one_task',
    ^^^^^^^^^^^^^^^^^^
SyntaxError: invalid syntax. Maybe you meant '==' or ':=' instead of '='?
[2025-04-04T15:42:19.902+0000] {processor.py:838} WARNING - No viable dags retrieved from /workspaces/hands-on-introduction-data-engineering-4395021/airflow/dags/one_task_dag.py
[2025-04-04T15:42:19.916+0000] {processor.py:179} INFO - Processing /workspaces/hands-on-introduction-data-engineering-4395021/airflow/dags/one_task_dag.py took 0.021 seconds
[2025-04-04T15:42:43.188+0000] {processor.py:157} INFO - Started process (PID=44651) to work on /workspaces/hands-on-introduction-data-engineering-4395021/airflow/dags/one_task_dag.py
[2025-04-04T15:42:43.189+0000] {processor.py:826} INFO - Processing file /workspaces/hands-on-introduction-data-engineering-4395021/airflow/dags/one_task_dag.py for tasks to queue
[2025-04-04T15:42:43.192+0000] {logging_mixin.py:150} INFO - [2025-04-04T15:42:43.192+0000] {dagbag.py:541} INFO - Filling up the DagBag from /workspaces/hands-on-introduction-data-engineering-4395021/airflow/dags/one_task_dag.py
[2025-04-04T15:42:43.204+0000] {logging_mixin.py:150} INFO - [2025-04-04T15:42:43.203+0000] {dagbag.py:350} ERROR - Failed to import: /workspaces/hands-on-introduction-data-engineering-4395021/airflow/dags/one_task_dag.py
Traceback (most recent call last):
  File "/home/vscode/.local/lib/python3.10/site-packages/airflow/models/dagbag.py", line 346, in parse
    loader.exec_module(new_module)
  File "<frozen importlib._bootstrap_external>", line 879, in exec_module
  File "<frozen importlib._bootstrap_external>", line 1017, in get_code
  File "<frozen importlib._bootstrap_external>", line 947, in source_to_code
  File "<frozen importlib._bootstrap>", line 241, in _call_with_frames_removed
  File "/workspaces/hands-on-introduction-data-engineering-4395021/airflow/dags/one_task_dag.py", line 24
    task_id='one_task',
IndentationError: unexpected indent
[2025-04-04T15:42:43.206+0000] {processor.py:838} WARNING - No viable dags retrieved from /workspaces/hands-on-introduction-data-engineering-4395021/airflow/dags/one_task_dag.py
[2025-04-04T15:42:43.232+0000] {processor.py:179} INFO - Processing /workspaces/hands-on-introduction-data-engineering-4395021/airflow/dags/one_task_dag.py took 0.061 seconds
[2025-04-04T15:42:44.353+0000] {processor.py:157} INFO - Started process (PID=44663) to work on /workspaces/hands-on-introduction-data-engineering-4395021/airflow/dags/one_task_dag.py
[2025-04-04T15:42:44.354+0000] {processor.py:826} INFO - Processing file /workspaces/hands-on-introduction-data-engineering-4395021/airflow/dags/one_task_dag.py for tasks to queue
[2025-04-04T15:42:44.355+0000] {logging_mixin.py:150} INFO - [2025-04-04T15:42:44.354+0000] {dagbag.py:541} INFO - Filling up the DagBag from /workspaces/hands-on-introduction-data-engineering-4395021/airflow/dags/one_task_dag.py
[2025-04-04T15:42:44.357+0000] {logging_mixin.py:150} INFO - [2025-04-04T15:42:44.357+0000] {dagbag.py:350} ERROR - Failed to import: /workspaces/hands-on-introduction-data-engineering-4395021/airflow/dags/one_task_dag.py
Traceback (most recent call last):
  File "/home/vscode/.local/lib/python3.10/site-packages/airflow/models/dagbag.py", line 346, in parse
    loader.exec_module(new_module)
  File "<frozen importlib._bootstrap_external>", line 879, in exec_module
  File "<frozen importlib._bootstrap_external>", line 1017, in get_code
  File "<frozen importlib._bootstrap_external>", line 947, in source_to_code
  File "<frozen importlib._bootstrap>", line 241, in _call_with_frames_removed
  File "/workspaces/hands-on-introduction-data-engineering-4395021/airflow/dags/one_task_dag.py", line 26
    }
    ^
SyntaxError: closing parenthesis '}' does not match opening parenthesis '(' on line 23
[2025-04-04T15:42:44.357+0000] {processor.py:838} WARNING - No viable dags retrieved from /workspaces/hands-on-introduction-data-engineering-4395021/airflow/dags/one_task_dag.py
[2025-04-04T15:42:44.370+0000] {processor.py:179} INFO - Processing /workspaces/hands-on-introduction-data-engineering-4395021/airflow/dags/one_task_dag.py took 0.020 seconds
[2025-04-04T15:42:46.510+0000] {processor.py:157} INFO - Started process (PID=44672) to work on /workspaces/hands-on-introduction-data-engineering-4395021/airflow/dags/one_task_dag.py
[2025-04-04T15:42:46.511+0000] {processor.py:826} INFO - Processing file /workspaces/hands-on-introduction-data-engineering-4395021/airflow/dags/one_task_dag.py for tasks to queue
[2025-04-04T15:42:46.511+0000] {logging_mixin.py:150} INFO - [2025-04-04T15:42:46.511+0000] {dagbag.py:541} INFO - Filling up the DagBag from /workspaces/hands-on-introduction-data-engineering-4395021/airflow/dags/one_task_dag.py
[2025-04-04T15:42:46.514+0000] {logging_mixin.py:150} INFO - [2025-04-04T15:42:46.513+0000] {dagbag.py:350} ERROR - Failed to import: /workspaces/hands-on-introduction-data-engineering-4395021/airflow/dags/one_task_dag.py
Traceback (most recent call last):
  File "/home/vscode/.local/lib/python3.10/site-packages/airflow/models/dagbag.py", line 346, in parse
    loader.exec_module(new_module)
  File "<frozen importlib._bootstrap_external>", line 879, in exec_module
  File "<frozen importlib._bootstrap_external>", line 1017, in get_code
  File "<frozen importlib._bootstrap_external>", line 947, in source_to_code
  File "<frozen importlib._bootstrap>", line 241, in _call_with_frames_removed
  File "/workspaces/hands-on-introduction-data-engineering-4395021/airflow/dags/one_task_dag.py", line 23
    task1 = BashOperator(
                        ^
SyntaxError: '(' was never closed
[2025-04-04T15:42:46.514+0000] {processor.py:838} WARNING - No viable dags retrieved from /workspaces/hands-on-introduction-data-engineering-4395021/airflow/dags/one_task_dag.py
[2025-04-04T15:42:46.527+0000] {processor.py:179} INFO - Processing /workspaces/hands-on-introduction-data-engineering-4395021/airflow/dags/one_task_dag.py took 0.019 seconds
[2025-04-04T15:42:48.352+0000] {processor.py:157} INFO - Started process (PID=44687) to work on /workspaces/hands-on-introduction-data-engineering-4395021/airflow/dags/one_task_dag.py
[2025-04-04T15:42:48.352+0000] {processor.py:826} INFO - Processing file /workspaces/hands-on-introduction-data-engineering-4395021/airflow/dags/one_task_dag.py for tasks to queue
[2025-04-04T15:42:48.353+0000] {logging_mixin.py:150} INFO - [2025-04-04T15:42:48.353+0000] {dagbag.py:541} INFO - Filling up the DagBag from /workspaces/hands-on-introduction-data-engineering-4395021/airflow/dags/one_task_dag.py
[2025-04-04T15:42:48.361+0000] {processor.py:836} INFO - DAG(s) dict_keys(['one_task_dag']) retrieved from /workspaces/hands-on-introduction-data-engineering-4395021/airflow/dags/one_task_dag.py
[2025-04-04T15:42:48.434+0000] {logging_mixin.py:150} INFO - [2025-04-04T15:42:48.434+0000] {dag.py:2742} INFO - Sync 1 DAGs
[2025-04-04T15:42:48.446+0000] {logging_mixin.py:150} INFO - [2025-04-04T15:42:48.446+0000] {dag.py:3504} INFO - Setting next_dagrun for one_task_dag to None, run_after=None
[2025-04-04T15:42:48.464+0000] {processor.py:179} INFO - Processing /workspaces/hands-on-introduction-data-engineering-4395021/airflow/dags/one_task_dag.py took 0.115 seconds
[2025-04-04T15:43:18.642+0000] {processor.py:157} INFO - Started process (PID=44889) to work on /workspaces/hands-on-introduction-data-engineering-4395021/airflow/dags/one_task_dag.py
[2025-04-04T15:43:18.643+0000] {processor.py:826} INFO - Processing file /workspaces/hands-on-introduction-data-engineering-4395021/airflow/dags/one_task_dag.py for tasks to queue
[2025-04-04T15:43:18.644+0000] {logging_mixin.py:150} INFO - [2025-04-04T15:43:18.643+0000] {dagbag.py:541} INFO - Filling up the DagBag from /workspaces/hands-on-introduction-data-engineering-4395021/airflow/dags/one_task_dag.py
[2025-04-04T15:43:18.651+0000] {processor.py:836} INFO - DAG(s) dict_keys(['one_task_dag']) retrieved from /workspaces/hands-on-introduction-data-engineering-4395021/airflow/dags/one_task_dag.py
[2025-04-04T15:43:18.669+0000] {logging_mixin.py:150} INFO - [2025-04-04T15:43:18.669+0000] {dag.py:2742} INFO - Sync 1 DAGs
[2025-04-04T15:43:18.682+0000] {logging_mixin.py:150} INFO - [2025-04-04T15:43:18.682+0000] {dag.py:3504} INFO - Setting next_dagrun for one_task_dag to None, run_after=None
[2025-04-04T15:43:18.696+0000] {processor.py:179} INFO - Processing /workspaces/hands-on-introduction-data-engineering-4395021/airflow/dags/one_task_dag.py took 0.057 seconds
[2025-04-04T15:43:48.881+0000] {processor.py:157} INFO - Started process (PID=45073) to work on /workspaces/hands-on-introduction-data-engineering-4395021/airflow/dags/one_task_dag.py
[2025-04-04T15:43:48.882+0000] {processor.py:826} INFO - Processing file /workspaces/hands-on-introduction-data-engineering-4395021/airflow/dags/one_task_dag.py for tasks to queue
[2025-04-04T15:43:48.883+0000] {logging_mixin.py:150} INFO - [2025-04-04T15:43:48.882+0000] {dagbag.py:541} INFO - Filling up the DagBag from /workspaces/hands-on-introduction-data-engineering-4395021/airflow/dags/one_task_dag.py
[2025-04-04T15:43:48.894+0000] {processor.py:836} INFO - DAG(s) dict_keys(['one_task_dag']) retrieved from /workspaces/hands-on-introduction-data-engineering-4395021/airflow/dags/one_task_dag.py
[2025-04-04T15:43:48.923+0000] {logging_mixin.py:150} INFO - [2025-04-04T15:43:48.922+0000] {dag.py:2742} INFO - Sync 1 DAGs
[2025-04-04T15:43:48.946+0000] {logging_mixin.py:150} INFO - [2025-04-04T15:43:48.945+0000] {dag.py:3504} INFO - Setting next_dagrun for one_task_dag to None, run_after=None
[2025-04-04T15:43:48.959+0000] {processor.py:179} INFO - Processing /workspaces/hands-on-introduction-data-engineering-4395021/airflow/dags/one_task_dag.py took 0.082 seconds
[2025-04-04T15:44:19.066+0000] {processor.py:157} INFO - Started process (PID=45249) to work on /workspaces/hands-on-introduction-data-engineering-4395021/airflow/dags/one_task_dag.py
[2025-04-04T15:44:19.067+0000] {processor.py:826} INFO - Processing file /workspaces/hands-on-introduction-data-engineering-4395021/airflow/dags/one_task_dag.py for tasks to queue
[2025-04-04T15:44:19.068+0000] {logging_mixin.py:150} INFO - [2025-04-04T15:44:19.067+0000] {dagbag.py:541} INFO - Filling up the DagBag from /workspaces/hands-on-introduction-data-engineering-4395021/airflow/dags/one_task_dag.py
[2025-04-04T15:44:19.075+0000] {processor.py:836} INFO - DAG(s) dict_keys(['one_task_dag']) retrieved from /workspaces/hands-on-introduction-data-engineering-4395021/airflow/dags/one_task_dag.py
[2025-04-04T15:44:19.093+0000] {logging_mixin.py:150} INFO - [2025-04-04T15:44:19.093+0000] {dag.py:2742} INFO - Sync 1 DAGs
[2025-04-04T15:44:19.106+0000] {logging_mixin.py:150} INFO - [2025-04-04T15:44:19.106+0000] {dag.py:3504} INFO - Setting next_dagrun for one_task_dag to None, run_after=None
[2025-04-04T15:44:19.120+0000] {processor.py:179} INFO - Processing /workspaces/hands-on-introduction-data-engineering-4395021/airflow/dags/one_task_dag.py took 0.057 seconds
[2025-04-04T15:44:49.279+0000] {processor.py:157} INFO - Started process (PID=45437) to work on /workspaces/hands-on-introduction-data-engineering-4395021/airflow/dags/one_task_dag.py
[2025-04-04T15:44:49.279+0000] {processor.py:826} INFO - Processing file /workspaces/hands-on-introduction-data-engineering-4395021/airflow/dags/one_task_dag.py for tasks to queue
[2025-04-04T15:44:49.280+0000] {logging_mixin.py:150} INFO - [2025-04-04T15:44:49.280+0000] {dagbag.py:541} INFO - Filling up the DagBag from /workspaces/hands-on-introduction-data-engineering-4395021/airflow/dags/one_task_dag.py
[2025-04-04T15:44:49.288+0000] {processor.py:836} INFO - DAG(s) dict_keys(['one_task_dag']) retrieved from /workspaces/hands-on-introduction-data-engineering-4395021/airflow/dags/one_task_dag.py
[2025-04-04T15:44:49.306+0000] {logging_mixin.py:150} INFO - [2025-04-04T15:44:49.305+0000] {dag.py:2742} INFO - Sync 1 DAGs
[2025-04-04T15:44:49.319+0000] {logging_mixin.py:150} INFO - [2025-04-04T15:44:49.319+0000] {dag.py:3504} INFO - Setting next_dagrun for one_task_dag to None, run_after=None
[2025-04-04T15:44:49.334+0000] {processor.py:179} INFO - Processing /workspaces/hands-on-introduction-data-engineering-4395021/airflow/dags/one_task_dag.py took 0.058 seconds
[2025-04-04T15:45:19.471+0000] {processor.py:157} INFO - Started process (PID=45630) to work on /workspaces/hands-on-introduction-data-engineering-4395021/airflow/dags/one_task_dag.py
[2025-04-04T15:45:19.472+0000] {processor.py:826} INFO - Processing file /workspaces/hands-on-introduction-data-engineering-4395021/airflow/dags/one_task_dag.py for tasks to queue
[2025-04-04T15:45:19.473+0000] {logging_mixin.py:150} INFO - [2025-04-04T15:45:19.472+0000] {dagbag.py:541} INFO - Filling up the DagBag from /workspaces/hands-on-introduction-data-engineering-4395021/airflow/dags/one_task_dag.py
[2025-04-04T15:45:19.480+0000] {processor.py:836} INFO - DAG(s) dict_keys(['one_task_dag']) retrieved from /workspaces/hands-on-introduction-data-engineering-4395021/airflow/dags/one_task_dag.py
[2025-04-04T15:45:19.498+0000] {logging_mixin.py:150} INFO - [2025-04-04T15:45:19.498+0000] {dag.py:2742} INFO - Sync 1 DAGs
[2025-04-04T15:45:19.512+0000] {logging_mixin.py:150} INFO - [2025-04-04T15:45:19.511+0000] {dag.py:3504} INFO - Setting next_dagrun for one_task_dag to None, run_after=None
[2025-04-04T15:45:19.526+0000] {processor.py:179} INFO - Processing /workspaces/hands-on-introduction-data-engineering-4395021/airflow/dags/one_task_dag.py took 0.057 seconds
[2025-04-04T15:45:49.661+0000] {processor.py:157} INFO - Started process (PID=45829) to work on /workspaces/hands-on-introduction-data-engineering-4395021/airflow/dags/one_task_dag.py
[2025-04-04T15:45:49.662+0000] {processor.py:826} INFO - Processing file /workspaces/hands-on-introduction-data-engineering-4395021/airflow/dags/one_task_dag.py for tasks to queue
[2025-04-04T15:45:49.663+0000] {logging_mixin.py:150} INFO - [2025-04-04T15:45:49.662+0000] {dagbag.py:541} INFO - Filling up the DagBag from /workspaces/hands-on-introduction-data-engineering-4395021/airflow/dags/one_task_dag.py
[2025-04-04T15:45:49.670+0000] {processor.py:836} INFO - DAG(s) dict_keys(['one_task_dag']) retrieved from /workspaces/hands-on-introduction-data-engineering-4395021/airflow/dags/one_task_dag.py
[2025-04-04T15:45:49.688+0000] {logging_mixin.py:150} INFO - [2025-04-04T15:45:49.688+0000] {dag.py:2742} INFO - Sync 1 DAGs
[2025-04-04T15:45:49.702+0000] {logging_mixin.py:150} INFO - [2025-04-04T15:45:49.702+0000] {dag.py:3504} INFO - Setting next_dagrun for one_task_dag to None, run_after=None
[2025-04-04T15:45:49.715+0000] {processor.py:179} INFO - Processing /workspaces/hands-on-introduction-data-engineering-4395021/airflow/dags/one_task_dag.py took 0.057 seconds
[2025-04-04T15:46:19.852+0000] {processor.py:157} INFO - Started process (PID=46022) to work on /workspaces/hands-on-introduction-data-engineering-4395021/airflow/dags/one_task_dag.py
[2025-04-04T15:46:19.852+0000] {processor.py:826} INFO - Processing file /workspaces/hands-on-introduction-data-engineering-4395021/airflow/dags/one_task_dag.py for tasks to queue
[2025-04-04T15:46:19.853+0000] {logging_mixin.py:150} INFO - [2025-04-04T15:46:19.853+0000] {dagbag.py:541} INFO - Filling up the DagBag from /workspaces/hands-on-introduction-data-engineering-4395021/airflow/dags/one_task_dag.py
[2025-04-04T15:46:19.860+0000] {processor.py:836} INFO - DAG(s) dict_keys(['one_task_dag']) retrieved from /workspaces/hands-on-introduction-data-engineering-4395021/airflow/dags/one_task_dag.py
[2025-04-04T15:46:19.878+0000] {logging_mixin.py:150} INFO - [2025-04-04T15:46:19.878+0000] {dag.py:2742} INFO - Sync 1 DAGs
[2025-04-04T15:46:19.892+0000] {logging_mixin.py:150} INFO - [2025-04-04T15:46:19.892+0000] {dag.py:3504} INFO - Setting next_dagrun for one_task_dag to None, run_after=None
[2025-04-04T15:46:19.906+0000] {processor.py:179} INFO - Processing /workspaces/hands-on-introduction-data-engineering-4395021/airflow/dags/one_task_dag.py took 0.057 seconds
[2025-04-04T15:46:50.048+0000] {processor.py:157} INFO - Started process (PID=46225) to work on /workspaces/hands-on-introduction-data-engineering-4395021/airflow/dags/one_task_dag.py
[2025-04-04T15:46:50.049+0000] {processor.py:826} INFO - Processing file /workspaces/hands-on-introduction-data-engineering-4395021/airflow/dags/one_task_dag.py for tasks to queue
[2025-04-04T15:46:50.050+0000] {logging_mixin.py:150} INFO - [2025-04-04T15:46:50.049+0000] {dagbag.py:541} INFO - Filling up the DagBag from /workspaces/hands-on-introduction-data-engineering-4395021/airflow/dags/one_task_dag.py
[2025-04-04T15:46:50.057+0000] {processor.py:836} INFO - DAG(s) dict_keys(['one_task_dag']) retrieved from /workspaces/hands-on-introduction-data-engineering-4395021/airflow/dags/one_task_dag.py
[2025-04-04T15:46:50.076+0000] {logging_mixin.py:150} INFO - [2025-04-04T15:46:50.075+0000] {dag.py:2742} INFO - Sync 1 DAGs
[2025-04-04T15:46:50.089+0000] {logging_mixin.py:150} INFO - [2025-04-04T15:46:50.089+0000] {dag.py:3504} INFO - Setting next_dagrun for one_task_dag to None, run_after=None
[2025-04-04T15:46:50.102+0000] {processor.py:179} INFO - Processing /workspaces/hands-on-introduction-data-engineering-4395021/airflow/dags/one_task_dag.py took 0.057 seconds
[2025-04-04T15:47:20.237+0000] {processor.py:157} INFO - Started process (PID=46430) to work on /workspaces/hands-on-introduction-data-engineering-4395021/airflow/dags/one_task_dag.py
[2025-04-04T15:47:20.238+0000] {processor.py:826} INFO - Processing file /workspaces/hands-on-introduction-data-engineering-4395021/airflow/dags/one_task_dag.py for tasks to queue
[2025-04-04T15:47:20.239+0000] {logging_mixin.py:150} INFO - [2025-04-04T15:47:20.239+0000] {dagbag.py:541} INFO - Filling up the DagBag from /workspaces/hands-on-introduction-data-engineering-4395021/airflow/dags/one_task_dag.py
[2025-04-04T15:47:20.247+0000] {processor.py:836} INFO - DAG(s) dict_keys(['one_task_dag']) retrieved from /workspaces/hands-on-introduction-data-engineering-4395021/airflow/dags/one_task_dag.py
[2025-04-04T15:47:20.273+0000] {logging_mixin.py:150} INFO - [2025-04-04T15:47:20.273+0000] {dag.py:2742} INFO - Sync 1 DAGs
[2025-04-04T15:47:20.295+0000] {logging_mixin.py:150} INFO - [2025-04-04T15:47:20.295+0000] {dag.py:3504} INFO - Setting next_dagrun for one_task_dag to None, run_after=None
[2025-04-04T15:47:20.325+0000] {processor.py:179} INFO - Processing /workspaces/hands-on-introduction-data-engineering-4395021/airflow/dags/one_task_dag.py took 0.091 seconds
[2025-04-04T15:47:50.786+0000] {processor.py:157} INFO - Started process (PID=46638) to work on /workspaces/hands-on-introduction-data-engineering-4395021/airflow/dags/one_task_dag.py
[2025-04-04T15:47:50.787+0000] {processor.py:826} INFO - Processing file /workspaces/hands-on-introduction-data-engineering-4395021/airflow/dags/one_task_dag.py for tasks to queue
[2025-04-04T15:47:50.788+0000] {logging_mixin.py:150} INFO - [2025-04-04T15:47:50.787+0000] {dagbag.py:541} INFO - Filling up the DagBag from /workspaces/hands-on-introduction-data-engineering-4395021/airflow/dags/one_task_dag.py
[2025-04-04T15:47:50.795+0000] {processor.py:836} INFO - DAG(s) dict_keys(['one_task_dag']) retrieved from /workspaces/hands-on-introduction-data-engineering-4395021/airflow/dags/one_task_dag.py
[2025-04-04T15:47:50.813+0000] {logging_mixin.py:150} INFO - [2025-04-04T15:47:50.813+0000] {dag.py:2742} INFO - Sync 1 DAGs
[2025-04-04T15:47:50.827+0000] {logging_mixin.py:150} INFO - [2025-04-04T15:47:50.826+0000] {dag.py:3504} INFO - Setting next_dagrun for one_task_dag to None, run_after=None
[2025-04-04T15:47:50.840+0000] {processor.py:179} INFO - Processing /workspaces/hands-on-introduction-data-engineering-4395021/airflow/dags/one_task_dag.py took 0.057 seconds
[2025-04-04T15:48:21.081+0000] {processor.py:157} INFO - Started process (PID=46872) to work on /workspaces/hands-on-introduction-data-engineering-4395021/airflow/dags/one_task_dag.py
[2025-04-04T15:48:21.081+0000] {processor.py:826} INFO - Processing file /workspaces/hands-on-introduction-data-engineering-4395021/airflow/dags/one_task_dag.py for tasks to queue
[2025-04-04T15:48:21.082+0000] {logging_mixin.py:150} INFO - [2025-04-04T15:48:21.082+0000] {dagbag.py:541} INFO - Filling up the DagBag from /workspaces/hands-on-introduction-data-engineering-4395021/airflow/dags/one_task_dag.py
[2025-04-04T15:48:21.089+0000] {processor.py:836} INFO - DAG(s) dict_keys(['one_task_dag']) retrieved from /workspaces/hands-on-introduction-data-engineering-4395021/airflow/dags/one_task_dag.py
[2025-04-04T15:48:21.107+0000] {logging_mixin.py:150} INFO - [2025-04-04T15:48:21.107+0000] {dag.py:2742} INFO - Sync 1 DAGs
[2025-04-04T15:48:21.121+0000] {logging_mixin.py:150} INFO - [2025-04-04T15:48:21.121+0000] {dag.py:3504} INFO - Setting next_dagrun for one_task_dag to None, run_after=None
[2025-04-04T15:48:21.135+0000] {processor.py:179} INFO - Processing /workspaces/hands-on-introduction-data-engineering-4395021/airflow/dags/one_task_dag.py took 0.057 seconds
[2025-04-04T15:48:51.383+0000] {processor.py:157} INFO - Started process (PID=47087) to work on /workspaces/hands-on-introduction-data-engineering-4395021/airflow/dags/one_task_dag.py
[2025-04-04T15:48:51.384+0000] {processor.py:826} INFO - Processing file /workspaces/hands-on-introduction-data-engineering-4395021/airflow/dags/one_task_dag.py for tasks to queue
[2025-04-04T15:48:51.385+0000] {logging_mixin.py:150} INFO - [2025-04-04T15:48:51.385+0000] {dagbag.py:541} INFO - Filling up the DagBag from /workspaces/hands-on-introduction-data-engineering-4395021/airflow/dags/one_task_dag.py
[2025-04-04T15:48:51.392+0000] {processor.py:836} INFO - DAG(s) dict_keys(['one_task_dag']) retrieved from /workspaces/hands-on-introduction-data-engineering-4395021/airflow/dags/one_task_dag.py
[2025-04-04T15:48:51.409+0000] {logging_mixin.py:150} INFO - [2025-04-04T15:48:51.409+0000] {dag.py:2742} INFO - Sync 1 DAGs
[2025-04-04T15:48:51.423+0000] {logging_mixin.py:150} INFO - [2025-04-04T15:48:51.423+0000] {dag.py:3504} INFO - Setting next_dagrun for one_task_dag to None, run_after=None
[2025-04-04T15:48:51.436+0000] {processor.py:179} INFO - Processing /workspaces/hands-on-introduction-data-engineering-4395021/airflow/dags/one_task_dag.py took 0.056 seconds
[2025-04-04T15:49:21.676+0000] {processor.py:157} INFO - Started process (PID=47261) to work on /workspaces/hands-on-introduction-data-engineering-4395021/airflow/dags/one_task_dag.py
[2025-04-04T15:49:21.677+0000] {processor.py:826} INFO - Processing file /workspaces/hands-on-introduction-data-engineering-4395021/airflow/dags/one_task_dag.py for tasks to queue
[2025-04-04T15:49:21.678+0000] {logging_mixin.py:150} INFO - [2025-04-04T15:49:21.677+0000] {dagbag.py:541} INFO - Filling up the DagBag from /workspaces/hands-on-introduction-data-engineering-4395021/airflow/dags/one_task_dag.py
[2025-04-04T15:49:21.687+0000] {processor.py:836} INFO - DAG(s) dict_keys(['one_task_dag']) retrieved from /workspaces/hands-on-introduction-data-engineering-4395021/airflow/dags/one_task_dag.py
[2025-04-04T15:49:21.705+0000] {logging_mixin.py:150} INFO - [2025-04-04T15:49:21.705+0000] {dag.py:2742} INFO - Sync 1 DAGs
[2025-04-04T15:49:21.719+0000] {logging_mixin.py:150} INFO - [2025-04-04T15:49:21.719+0000] {dag.py:3504} INFO - Setting next_dagrun for one_task_dag to None, run_after=None
[2025-04-04T15:49:21.733+0000] {processor.py:179} INFO - Processing /workspaces/hands-on-introduction-data-engineering-4395021/airflow/dags/one_task_dag.py took 0.060 seconds
[2025-04-04T15:49:51.965+0000] {processor.py:157} INFO - Started process (PID=47460) to work on /workspaces/hands-on-introduction-data-engineering-4395021/airflow/dags/one_task_dag.py
[2025-04-04T15:49:51.966+0000] {processor.py:826} INFO - Processing file /workspaces/hands-on-introduction-data-engineering-4395021/airflow/dags/one_task_dag.py for tasks to queue
[2025-04-04T15:49:51.967+0000] {logging_mixin.py:150} INFO - [2025-04-04T15:49:51.966+0000] {dagbag.py:541} INFO - Filling up the DagBag from /workspaces/hands-on-introduction-data-engineering-4395021/airflow/dags/one_task_dag.py
[2025-04-04T15:49:51.973+0000] {processor.py:836} INFO - DAG(s) dict_keys(['one_task_dag']) retrieved from /workspaces/hands-on-introduction-data-engineering-4395021/airflow/dags/one_task_dag.py
[2025-04-04T15:49:51.992+0000] {logging_mixin.py:150} INFO - [2025-04-04T15:49:51.991+0000] {dag.py:2742} INFO - Sync 1 DAGs
[2025-04-04T15:49:52.006+0000] {logging_mixin.py:150} INFO - [2025-04-04T15:49:52.006+0000] {dag.py:3504} INFO - Setting next_dagrun for one_task_dag to None, run_after=None
[2025-04-04T15:49:52.020+0000] {processor.py:179} INFO - Processing /workspaces/hands-on-introduction-data-engineering-4395021/airflow/dags/one_task_dag.py took 0.058 seconds
[2025-04-04T15:50:22.255+0000] {processor.py:157} INFO - Started process (PID=47756) to work on /workspaces/hands-on-introduction-data-engineering-4395021/airflow/dags/one_task_dag.py
[2025-04-04T15:50:22.256+0000] {processor.py:826} INFO - Processing file /workspaces/hands-on-introduction-data-engineering-4395021/airflow/dags/one_task_dag.py for tasks to queue
[2025-04-04T15:50:22.257+0000] {logging_mixin.py:150} INFO - [2025-04-04T15:50:22.256+0000] {dagbag.py:541} INFO - Filling up the DagBag from /workspaces/hands-on-introduction-data-engineering-4395021/airflow/dags/one_task_dag.py
[2025-04-04T15:50:22.265+0000] {processor.py:836} INFO - DAG(s) dict_keys(['one_task_dag']) retrieved from /workspaces/hands-on-introduction-data-engineering-4395021/airflow/dags/one_task_dag.py
[2025-04-04T15:50:22.284+0000] {logging_mixin.py:150} INFO - [2025-04-04T15:50:22.284+0000] {dag.py:2742} INFO - Sync 1 DAGs
[2025-04-04T15:50:22.298+0000] {logging_mixin.py:150} INFO - [2025-04-04T15:50:22.298+0000] {dag.py:3504} INFO - Setting next_dagrun for one_task_dag to None, run_after=None
[2025-04-04T15:50:22.311+0000] {processor.py:179} INFO - Processing /workspaces/hands-on-introduction-data-engineering-4395021/airflow/dags/one_task_dag.py took 0.059 seconds
[2025-04-04T15:50:52.547+0000] {processor.py:157} INFO - Started process (PID=48093) to work on /workspaces/hands-on-introduction-data-engineering-4395021/airflow/dags/one_task_dag.py
[2025-04-04T15:50:52.548+0000] {processor.py:826} INFO - Processing file /workspaces/hands-on-introduction-data-engineering-4395021/airflow/dags/one_task_dag.py for tasks to queue
[2025-04-04T15:50:52.549+0000] {logging_mixin.py:150} INFO - [2025-04-04T15:50:52.549+0000] {dagbag.py:541} INFO - Filling up the DagBag from /workspaces/hands-on-introduction-data-engineering-4395021/airflow/dags/one_task_dag.py
[2025-04-04T15:50:52.557+0000] {processor.py:836} INFO - DAG(s) dict_keys(['one_task_dag']) retrieved from /workspaces/hands-on-introduction-data-engineering-4395021/airflow/dags/one_task_dag.py
[2025-04-04T15:50:52.575+0000] {logging_mixin.py:150} INFO - [2025-04-04T15:50:52.574+0000] {dag.py:2742} INFO - Sync 1 DAGs
[2025-04-04T15:50:52.588+0000] {logging_mixin.py:150} INFO - [2025-04-04T15:50:52.588+0000] {dag.py:3504} INFO - Setting next_dagrun for one_task_dag to None, run_after=None
[2025-04-04T15:50:52.601+0000] {processor.py:179} INFO - Processing /workspaces/hands-on-introduction-data-engineering-4395021/airflow/dags/one_task_dag.py took 0.057 seconds
[2025-04-04T15:51:22.857+0000] {processor.py:157} INFO - Started process (PID=48326) to work on /workspaces/hands-on-introduction-data-engineering-4395021/airflow/dags/one_task_dag.py
[2025-04-04T15:51:22.858+0000] {processor.py:826} INFO - Processing file /workspaces/hands-on-introduction-data-engineering-4395021/airflow/dags/one_task_dag.py for tasks to queue
[2025-04-04T15:51:22.859+0000] {logging_mixin.py:150} INFO - [2025-04-04T15:51:22.859+0000] {dagbag.py:541} INFO - Filling up the DagBag from /workspaces/hands-on-introduction-data-engineering-4395021/airflow/dags/one_task_dag.py
[2025-04-04T15:51:22.867+0000] {processor.py:836} INFO - DAG(s) dict_keys(['one_task_dag']) retrieved from /workspaces/hands-on-introduction-data-engineering-4395021/airflow/dags/one_task_dag.py
[2025-04-04T15:51:22.886+0000] {logging_mixin.py:150} INFO - [2025-04-04T15:51:22.885+0000] {dag.py:2742} INFO - Sync 1 DAGs
[2025-04-04T15:51:22.900+0000] {logging_mixin.py:150} INFO - [2025-04-04T15:51:22.900+0000] {dag.py:3504} INFO - Setting next_dagrun for one_task_dag to None, run_after=None
[2025-04-04T15:51:22.914+0000] {processor.py:179} INFO - Processing /workspaces/hands-on-introduction-data-engineering-4395021/airflow/dags/one_task_dag.py took 0.059 seconds
[2025-04-04T15:51:54.856+0000] {processor.py:157} INFO - Started process (PID=48575) to work on /workspaces/hands-on-introduction-data-engineering-4395021/airflow/dags/one_task_dag.py
[2025-04-04T15:51:54.857+0000] {processor.py:826} INFO - Processing file /workspaces/hands-on-introduction-data-engineering-4395021/airflow/dags/one_task_dag.py for tasks to queue
[2025-04-04T15:51:54.858+0000] {logging_mixin.py:150} INFO - [2025-04-04T15:51:54.857+0000] {dagbag.py:541} INFO - Filling up the DagBag from /workspaces/hands-on-introduction-data-engineering-4395021/airflow/dags/one_task_dag.py
[2025-04-04T15:51:54.865+0000] {processor.py:836} INFO - DAG(s) dict_keys(['one_task_dag']) retrieved from /workspaces/hands-on-introduction-data-engineering-4395021/airflow/dags/one_task_dag.py
[2025-04-04T15:51:54.883+0000] {logging_mixin.py:150} INFO - [2025-04-04T15:51:54.883+0000] {dag.py:2742} INFO - Sync 1 DAGs
[2025-04-04T15:51:54.897+0000] {logging_mixin.py:150} INFO - [2025-04-04T15:51:54.897+0000] {dag.py:3504} INFO - Setting next_dagrun for one_task_dag to None, run_after=None
[2025-04-04T15:51:54.910+0000] {processor.py:179} INFO - Processing /workspaces/hands-on-introduction-data-engineering-4395021/airflow/dags/one_task_dag.py took 0.057 seconds
[2025-04-04T15:52:25.013+0000] {processor.py:157} INFO - Started process (PID=48745) to work on /workspaces/hands-on-introduction-data-engineering-4395021/airflow/dags/one_task_dag.py
[2025-04-04T15:52:25.014+0000] {processor.py:826} INFO - Processing file /workspaces/hands-on-introduction-data-engineering-4395021/airflow/dags/one_task_dag.py for tasks to queue
[2025-04-04T15:52:25.015+0000] {logging_mixin.py:150} INFO - [2025-04-04T15:52:25.014+0000] {dagbag.py:541} INFO - Filling up the DagBag from /workspaces/hands-on-introduction-data-engineering-4395021/airflow/dags/one_task_dag.py
[2025-04-04T15:52:25.022+0000] {processor.py:836} INFO - DAG(s) dict_keys(['one_task_dag']) retrieved from /workspaces/hands-on-introduction-data-engineering-4395021/airflow/dags/one_task_dag.py
[2025-04-04T15:52:25.039+0000] {logging_mixin.py:150} INFO - [2025-04-04T15:52:25.039+0000] {dag.py:2742} INFO - Sync 1 DAGs
[2025-04-04T15:52:25.052+0000] {logging_mixin.py:150} INFO - [2025-04-04T15:52:25.052+0000] {dag.py:3504} INFO - Setting next_dagrun for one_task_dag to None, run_after=None
[2025-04-04T15:52:25.067+0000] {processor.py:179} INFO - Processing /workspaces/hands-on-introduction-data-engineering-4395021/airflow/dags/one_task_dag.py took 0.056 seconds
[2025-04-04T15:52:56.024+0000] {processor.py:157} INFO - Started process (PID=48933) to work on /workspaces/hands-on-introduction-data-engineering-4395021/airflow/dags/one_task_dag.py
[2025-04-04T15:52:56.025+0000] {processor.py:826} INFO - Processing file /workspaces/hands-on-introduction-data-engineering-4395021/airflow/dags/one_task_dag.py for tasks to queue
[2025-04-04T15:52:56.026+0000] {logging_mixin.py:150} INFO - [2025-04-04T15:52:56.026+0000] {dagbag.py:541} INFO - Filling up the DagBag from /workspaces/hands-on-introduction-data-engineering-4395021/airflow/dags/one_task_dag.py
[2025-04-04T15:52:56.033+0000] {processor.py:836} INFO - DAG(s) dict_keys(['one_task_dag']) retrieved from /workspaces/hands-on-introduction-data-engineering-4395021/airflow/dags/one_task_dag.py
[2025-04-04T15:52:56.052+0000] {logging_mixin.py:150} INFO - [2025-04-04T15:52:56.052+0000] {dag.py:2742} INFO - Sync 1 DAGs
[2025-04-04T15:52:56.066+0000] {logging_mixin.py:150} INFO - [2025-04-04T15:52:56.066+0000] {dag.py:3504} INFO - Setting next_dagrun for one_task_dag to None, run_after=None
[2025-04-04T15:52:56.080+0000] {processor.py:179} INFO - Processing /workspaces/hands-on-introduction-data-engineering-4395021/airflow/dags/one_task_dag.py took 0.058 seconds
[2025-04-04T15:53:27.129+0000] {processor.py:157} INFO - Started process (PID=49114) to work on /workspaces/hands-on-introduction-data-engineering-4395021/airflow/dags/one_task_dag.py
[2025-04-04T15:53:27.129+0000] {processor.py:826} INFO - Processing file /workspaces/hands-on-introduction-data-engineering-4395021/airflow/dags/one_task_dag.py for tasks to queue
[2025-04-04T15:53:27.130+0000] {logging_mixin.py:150} INFO - [2025-04-04T15:53:27.130+0000] {dagbag.py:541} INFO - Filling up the DagBag from /workspaces/hands-on-introduction-data-engineering-4395021/airflow/dags/one_task_dag.py
[2025-04-04T15:53:27.137+0000] {processor.py:836} INFO - DAG(s) dict_keys(['one_task_dag']) retrieved from /workspaces/hands-on-introduction-data-engineering-4395021/airflow/dags/one_task_dag.py
[2025-04-04T15:53:27.155+0000] {logging_mixin.py:150} INFO - [2025-04-04T15:53:27.155+0000] {dag.py:2742} INFO - Sync 1 DAGs
[2025-04-04T15:53:27.169+0000] {logging_mixin.py:150} INFO - [2025-04-04T15:53:27.169+0000] {dag.py:3504} INFO - Setting next_dagrun for one_task_dag to None, run_after=None
[2025-04-04T15:53:27.182+0000] {processor.py:179} INFO - Processing /workspaces/hands-on-introduction-data-engineering-4395021/airflow/dags/one_task_dag.py took 0.056 seconds
[2025-04-04T15:53:58.237+0000] {processor.py:157} INFO - Started process (PID=49291) to work on /workspaces/hands-on-introduction-data-engineering-4395021/airflow/dags/one_task_dag.py
[2025-04-04T15:53:58.238+0000] {processor.py:826} INFO - Processing file /workspaces/hands-on-introduction-data-engineering-4395021/airflow/dags/one_task_dag.py for tasks to queue
[2025-04-04T15:53:58.239+0000] {logging_mixin.py:150} INFO - [2025-04-04T15:53:58.238+0000] {dagbag.py:541} INFO - Filling up the DagBag from /workspaces/hands-on-introduction-data-engineering-4395021/airflow/dags/one_task_dag.py
[2025-04-04T15:53:58.246+0000] {processor.py:836} INFO - DAG(s) dict_keys(['one_task_dag']) retrieved from /workspaces/hands-on-introduction-data-engineering-4395021/airflow/dags/one_task_dag.py
[2025-04-04T15:53:58.264+0000] {logging_mixin.py:150} INFO - [2025-04-04T15:53:58.263+0000] {dag.py:2742} INFO - Sync 1 DAGs
[2025-04-04T15:53:58.277+0000] {logging_mixin.py:150} INFO - [2025-04-04T15:53:58.277+0000] {dag.py:3504} INFO - Setting next_dagrun for one_task_dag to None, run_after=None
[2025-04-04T15:53:58.290+0000] {processor.py:179} INFO - Processing /workspaces/hands-on-introduction-data-engineering-4395021/airflow/dags/one_task_dag.py took 0.056 seconds
[2025-04-04T15:54:28.610+0000] {processor.py:157} INFO - Started process (PID=49467) to work on /workspaces/hands-on-introduction-data-engineering-4395021/airflow/dags/one_task_dag.py
[2025-04-04T15:54:28.611+0000] {processor.py:826} INFO - Processing file /workspaces/hands-on-introduction-data-engineering-4395021/airflow/dags/one_task_dag.py for tasks to queue
[2025-04-04T15:54:28.611+0000] {logging_mixin.py:150} INFO - [2025-04-04T15:54:28.611+0000] {dagbag.py:541} INFO - Filling up the DagBag from /workspaces/hands-on-introduction-data-engineering-4395021/airflow/dags/one_task_dag.py
[2025-04-04T15:54:28.619+0000] {processor.py:836} INFO - DAG(s) dict_keys(['one_task_dag']) retrieved from /workspaces/hands-on-introduction-data-engineering-4395021/airflow/dags/one_task_dag.py
[2025-04-04T15:54:28.638+0000] {logging_mixin.py:150} INFO - [2025-04-04T15:54:28.637+0000] {dag.py:2742} INFO - Sync 1 DAGs
[2025-04-04T15:54:28.658+0000] {logging_mixin.py:150} INFO - [2025-04-04T15:54:28.658+0000] {dag.py:3504} INFO - Setting next_dagrun for one_task_dag to None, run_after=None
[2025-04-04T15:54:28.673+0000] {processor.py:179} INFO - Processing /workspaces/hands-on-introduction-data-engineering-4395021/airflow/dags/one_task_dag.py took 0.066 seconds
[2025-04-04T15:54:58.767+0000] {processor.py:157} INFO - Started process (PID=49637) to work on /workspaces/hands-on-introduction-data-engineering-4395021/airflow/dags/one_task_dag.py
[2025-04-04T15:54:58.768+0000] {processor.py:826} INFO - Processing file /workspaces/hands-on-introduction-data-engineering-4395021/airflow/dags/one_task_dag.py for tasks to queue
[2025-04-04T15:54:58.769+0000] {logging_mixin.py:150} INFO - [2025-04-04T15:54:58.768+0000] {dagbag.py:541} INFO - Filling up the DagBag from /workspaces/hands-on-introduction-data-engineering-4395021/airflow/dags/one_task_dag.py
[2025-04-04T15:54:58.776+0000] {processor.py:836} INFO - DAG(s) dict_keys(['one_task_dag']) retrieved from /workspaces/hands-on-introduction-data-engineering-4395021/airflow/dags/one_task_dag.py
[2025-04-04T15:54:58.793+0000] {logging_mixin.py:150} INFO - [2025-04-04T15:54:58.793+0000] {dag.py:2742} INFO - Sync 1 DAGs
[2025-04-04T15:54:58.806+0000] {logging_mixin.py:150} INFO - [2025-04-04T15:54:58.806+0000] {dag.py:3504} INFO - Setting next_dagrun for one_task_dag to None, run_after=None
[2025-04-04T15:54:58.819+0000] {processor.py:179} INFO - Processing /workspaces/hands-on-introduction-data-engineering-4395021/airflow/dags/one_task_dag.py took 0.055 seconds
[2025-04-04T15:55:28.931+0000] {processor.py:157} INFO - Started process (PID=49813) to work on /workspaces/hands-on-introduction-data-engineering-4395021/airflow/dags/one_task_dag.py
[2025-04-04T15:55:28.932+0000] {processor.py:826} INFO - Processing file /workspaces/hands-on-introduction-data-engineering-4395021/airflow/dags/one_task_dag.py for tasks to queue
[2025-04-04T15:55:28.932+0000] {logging_mixin.py:150} INFO - [2025-04-04T15:55:28.932+0000] {dagbag.py:541} INFO - Filling up the DagBag from /workspaces/hands-on-introduction-data-engineering-4395021/airflow/dags/one_task_dag.py
[2025-04-04T15:55:28.940+0000] {processor.py:836} INFO - DAG(s) dict_keys(['one_task_dag']) retrieved from /workspaces/hands-on-introduction-data-engineering-4395021/airflow/dags/one_task_dag.py
[2025-04-04T15:55:28.957+0000] {logging_mixin.py:150} INFO - [2025-04-04T15:55:28.957+0000] {dag.py:2742} INFO - Sync 1 DAGs
[2025-04-04T15:55:28.971+0000] {logging_mixin.py:150} INFO - [2025-04-04T15:55:28.970+0000] {dag.py:3504} INFO - Setting next_dagrun for one_task_dag to None, run_after=None
[2025-04-04T15:55:28.985+0000] {processor.py:179} INFO - Processing /workspaces/hands-on-introduction-data-engineering-4395021/airflow/dags/one_task_dag.py took 0.056 seconds
[2025-04-04T15:55:59.090+0000] {processor.py:157} INFO - Started process (PID=49978) to work on /workspaces/hands-on-introduction-data-engineering-4395021/airflow/dags/one_task_dag.py
[2025-04-04T15:55:59.091+0000] {processor.py:826} INFO - Processing file /workspaces/hands-on-introduction-data-engineering-4395021/airflow/dags/one_task_dag.py for tasks to queue
[2025-04-04T15:55:59.091+0000] {logging_mixin.py:150} INFO - [2025-04-04T15:55:59.091+0000] {dagbag.py:541} INFO - Filling up the DagBag from /workspaces/hands-on-introduction-data-engineering-4395021/airflow/dags/one_task_dag.py
[2025-04-04T15:55:59.099+0000] {processor.py:836} INFO - DAG(s) dict_keys(['one_task_dag']) retrieved from /workspaces/hands-on-introduction-data-engineering-4395021/airflow/dags/one_task_dag.py
[2025-04-04T15:55:59.116+0000] {logging_mixin.py:150} INFO - [2025-04-04T15:55:59.116+0000] {dag.py:2742} INFO - Sync 1 DAGs
[2025-04-04T15:55:59.131+0000] {logging_mixin.py:150} INFO - [2025-04-04T15:55:59.131+0000] {dag.py:3504} INFO - Setting next_dagrun for one_task_dag to None, run_after=None
[2025-04-04T15:55:59.145+0000] {processor.py:179} INFO - Processing /workspaces/hands-on-introduction-data-engineering-4395021/airflow/dags/one_task_dag.py took 0.058 seconds
[2025-04-04T15:56:29.250+0000] {processor.py:157} INFO - Started process (PID=50154) to work on /workspaces/hands-on-introduction-data-engineering-4395021/airflow/dags/one_task_dag.py
[2025-04-04T15:56:29.251+0000] {processor.py:826} INFO - Processing file /workspaces/hands-on-introduction-data-engineering-4395021/airflow/dags/one_task_dag.py for tasks to queue
[2025-04-04T15:56:29.252+0000] {logging_mixin.py:150} INFO - [2025-04-04T15:56:29.252+0000] {dagbag.py:541} INFO - Filling up the DagBag from /workspaces/hands-on-introduction-data-engineering-4395021/airflow/dags/one_task_dag.py
[2025-04-04T15:56:29.260+0000] {processor.py:836} INFO - DAG(s) dict_keys(['one_task_dag']) retrieved from /workspaces/hands-on-introduction-data-engineering-4395021/airflow/dags/one_task_dag.py
[2025-04-04T15:56:29.278+0000] {logging_mixin.py:150} INFO - [2025-04-04T15:56:29.278+0000] {dag.py:2742} INFO - Sync 1 DAGs
[2025-04-04T15:56:29.292+0000] {logging_mixin.py:150} INFO - [2025-04-04T15:56:29.292+0000] {dag.py:3504} INFO - Setting next_dagrun for one_task_dag to None, run_after=None
[2025-04-04T15:56:29.305+0000] {processor.py:179} INFO - Processing /workspaces/hands-on-introduction-data-engineering-4395021/airflow/dags/one_task_dag.py took 0.058 seconds
[2025-04-04T15:56:59.407+0000] {processor.py:157} INFO - Started process (PID=50324) to work on /workspaces/hands-on-introduction-data-engineering-4395021/airflow/dags/one_task_dag.py
[2025-04-04T15:56:59.407+0000] {processor.py:826} INFO - Processing file /workspaces/hands-on-introduction-data-engineering-4395021/airflow/dags/one_task_dag.py for tasks to queue
[2025-04-04T15:56:59.408+0000] {logging_mixin.py:150} INFO - [2025-04-04T15:56:59.408+0000] {dagbag.py:541} INFO - Filling up the DagBag from /workspaces/hands-on-introduction-data-engineering-4395021/airflow/dags/one_task_dag.py
[2025-04-04T15:56:59.416+0000] {processor.py:836} INFO - DAG(s) dict_keys(['one_task_dag']) retrieved from /workspaces/hands-on-introduction-data-engineering-4395021/airflow/dags/one_task_dag.py
[2025-04-04T15:56:59.434+0000] {logging_mixin.py:150} INFO - [2025-04-04T15:56:59.434+0000] {dag.py:2742} INFO - Sync 1 DAGs
[2025-04-04T15:56:59.450+0000] {logging_mixin.py:150} INFO - [2025-04-04T15:56:59.450+0000] {dag.py:3504} INFO - Setting next_dagrun for one_task_dag to None, run_after=None
[2025-04-04T15:56:59.468+0000] {processor.py:179} INFO - Processing /workspaces/hands-on-introduction-data-engineering-4395021/airflow/dags/one_task_dag.py took 0.065 seconds
[2025-04-04T15:57:29.567+0000] {processor.py:157} INFO - Started process (PID=50500) to work on /workspaces/hands-on-introduction-data-engineering-4395021/airflow/dags/one_task_dag.py
[2025-04-04T15:57:29.568+0000] {processor.py:826} INFO - Processing file /workspaces/hands-on-introduction-data-engineering-4395021/airflow/dags/one_task_dag.py for tasks to queue
[2025-04-04T15:57:29.569+0000] {logging_mixin.py:150} INFO - [2025-04-04T15:57:29.568+0000] {dagbag.py:541} INFO - Filling up the DagBag from /workspaces/hands-on-introduction-data-engineering-4395021/airflow/dags/one_task_dag.py
[2025-04-04T15:57:29.576+0000] {processor.py:836} INFO - DAG(s) dict_keys(['one_task_dag']) retrieved from /workspaces/hands-on-introduction-data-engineering-4395021/airflow/dags/one_task_dag.py
[2025-04-04T15:57:29.594+0000] {logging_mixin.py:150} INFO - [2025-04-04T15:57:29.593+0000] {dag.py:2742} INFO - Sync 1 DAGs
[2025-04-04T15:57:29.607+0000] {logging_mixin.py:150} INFO - [2025-04-04T15:57:29.607+0000] {dag.py:3504} INFO - Setting next_dagrun for one_task_dag to None, run_after=None
[2025-04-04T15:57:29.621+0000] {processor.py:179} INFO - Processing /workspaces/hands-on-introduction-data-engineering-4395021/airflow/dags/one_task_dag.py took 0.057 seconds
[2025-04-04T15:57:59.727+0000] {processor.py:157} INFO - Started process (PID=50670) to work on /workspaces/hands-on-introduction-data-engineering-4395021/airflow/dags/one_task_dag.py
[2025-04-04T15:57:59.728+0000] {processor.py:826} INFO - Processing file /workspaces/hands-on-introduction-data-engineering-4395021/airflow/dags/one_task_dag.py for tasks to queue
[2025-04-04T15:57:59.728+0000] {logging_mixin.py:150} INFO - [2025-04-04T15:57:59.728+0000] {dagbag.py:541} INFO - Filling up the DagBag from /workspaces/hands-on-introduction-data-engineering-4395021/airflow/dags/one_task_dag.py
[2025-04-04T15:57:59.736+0000] {processor.py:836} INFO - DAG(s) dict_keys(['one_task_dag']) retrieved from /workspaces/hands-on-introduction-data-engineering-4395021/airflow/dags/one_task_dag.py
[2025-04-04T15:57:59.760+0000] {logging_mixin.py:150} INFO - [2025-04-04T15:57:59.760+0000] {dag.py:2742} INFO - Sync 1 DAGs
[2025-04-04T15:57:59.783+0000] {logging_mixin.py:150} INFO - [2025-04-04T15:57:59.783+0000] {dag.py:3504} INFO - Setting next_dagrun for one_task_dag to None, run_after=None
[2025-04-04T15:57:59.816+0000] {processor.py:179} INFO - Processing /workspaces/hands-on-introduction-data-engineering-4395021/airflow/dags/one_task_dag.py took 0.091 seconds
[2025-04-04T15:58:29.891+0000] {processor.py:157} INFO - Started process (PID=50840) to work on /workspaces/hands-on-introduction-data-engineering-4395021/airflow/dags/one_task_dag.py
[2025-04-04T15:58:29.892+0000] {processor.py:826} INFO - Processing file /workspaces/hands-on-introduction-data-engineering-4395021/airflow/dags/one_task_dag.py for tasks to queue
[2025-04-04T15:58:29.893+0000] {logging_mixin.py:150} INFO - [2025-04-04T15:58:29.892+0000] {dagbag.py:541} INFO - Filling up the DagBag from /workspaces/hands-on-introduction-data-engineering-4395021/airflow/dags/one_task_dag.py
[2025-04-04T15:58:29.900+0000] {processor.py:836} INFO - DAG(s) dict_keys(['one_task_dag']) retrieved from /workspaces/hands-on-introduction-data-engineering-4395021/airflow/dags/one_task_dag.py
[2025-04-04T15:58:29.919+0000] {logging_mixin.py:150} INFO - [2025-04-04T15:58:29.919+0000] {dag.py:2742} INFO - Sync 1 DAGs
[2025-04-04T15:58:29.932+0000] {logging_mixin.py:150} INFO - [2025-04-04T15:58:29.932+0000] {dag.py:3504} INFO - Setting next_dagrun for one_task_dag to None, run_after=None
[2025-04-04T15:58:29.947+0000] {processor.py:179} INFO - Processing /workspaces/hands-on-introduction-data-engineering-4395021/airflow/dags/one_task_dag.py took 0.058 seconds
[2025-04-04T15:59:00.048+0000] {processor.py:157} INFO - Started process (PID=51015) to work on /workspaces/hands-on-introduction-data-engineering-4395021/airflow/dags/one_task_dag.py
[2025-04-04T15:59:00.048+0000] {processor.py:826} INFO - Processing file /workspaces/hands-on-introduction-data-engineering-4395021/airflow/dags/one_task_dag.py for tasks to queue
[2025-04-04T15:59:00.049+0000] {logging_mixin.py:150} INFO - [2025-04-04T15:59:00.049+0000] {dagbag.py:541} INFO - Filling up the DagBag from /workspaces/hands-on-introduction-data-engineering-4395021/airflow/dags/one_task_dag.py
[2025-04-04T15:59:00.057+0000] {processor.py:836} INFO - DAG(s) dict_keys(['one_task_dag']) retrieved from /workspaces/hands-on-introduction-data-engineering-4395021/airflow/dags/one_task_dag.py
[2025-04-04T15:59:00.075+0000] {logging_mixin.py:150} INFO - [2025-04-04T15:59:00.075+0000] {dag.py:2742} INFO - Sync 1 DAGs
[2025-04-04T15:59:00.089+0000] {logging_mixin.py:150} INFO - [2025-04-04T15:59:00.089+0000] {dag.py:3504} INFO - Setting next_dagrun for one_task_dag to None, run_after=None
[2025-04-04T15:59:00.103+0000] {processor.py:179} INFO - Processing /workspaces/hands-on-introduction-data-engineering-4395021/airflow/dags/one_task_dag.py took 0.058 seconds
[2025-04-04T15:59:30.214+0000] {processor.py:157} INFO - Started process (PID=51185) to work on /workspaces/hands-on-introduction-data-engineering-4395021/airflow/dags/one_task_dag.py
[2025-04-04T15:59:30.214+0000] {processor.py:826} INFO - Processing file /workspaces/hands-on-introduction-data-engineering-4395021/airflow/dags/one_task_dag.py for tasks to queue
[2025-04-04T15:59:30.215+0000] {logging_mixin.py:150} INFO - [2025-04-04T15:59:30.215+0000] {dagbag.py:541} INFO - Filling up the DagBag from /workspaces/hands-on-introduction-data-engineering-4395021/airflow/dags/one_task_dag.py
[2025-04-04T15:59:30.223+0000] {processor.py:836} INFO - DAG(s) dict_keys(['one_task_dag']) retrieved from /workspaces/hands-on-introduction-data-engineering-4395021/airflow/dags/one_task_dag.py
[2025-04-04T15:59:30.240+0000] {logging_mixin.py:150} INFO - [2025-04-04T15:59:30.240+0000] {dag.py:2742} INFO - Sync 1 DAGs
[2025-04-04T15:59:30.253+0000] {logging_mixin.py:150} INFO - [2025-04-04T15:59:30.253+0000] {dag.py:3504} INFO - Setting next_dagrun for one_task_dag to None, run_after=None
[2025-04-04T15:59:30.266+0000] {processor.py:179} INFO - Processing /workspaces/hands-on-introduction-data-engineering-4395021/airflow/dags/one_task_dag.py took 0.056 seconds
[2025-04-04T16:00:00.373+0000] {processor.py:157} INFO - Started process (PID=51361) to work on /workspaces/hands-on-introduction-data-engineering-4395021/airflow/dags/one_task_dag.py
[2025-04-04T16:00:00.374+0000] {processor.py:826} INFO - Processing file /workspaces/hands-on-introduction-data-engineering-4395021/airflow/dags/one_task_dag.py for tasks to queue
[2025-04-04T16:00:00.374+0000] {logging_mixin.py:150} INFO - [2025-04-04T16:00:00.374+0000] {dagbag.py:541} INFO - Filling up the DagBag from /workspaces/hands-on-introduction-data-engineering-4395021/airflow/dags/one_task_dag.py
[2025-04-04T16:00:00.382+0000] {processor.py:836} INFO - DAG(s) dict_keys(['one_task_dag']) retrieved from /workspaces/hands-on-introduction-data-engineering-4395021/airflow/dags/one_task_dag.py
[2025-04-04T16:00:00.400+0000] {logging_mixin.py:150} INFO - [2025-04-04T16:00:00.400+0000] {dag.py:2742} INFO - Sync 1 DAGs
[2025-04-04T16:00:00.413+0000] {logging_mixin.py:150} INFO - [2025-04-04T16:00:00.413+0000] {dag.py:3504} INFO - Setting next_dagrun for one_task_dag to None, run_after=None
[2025-04-04T16:00:00.427+0000] {processor.py:179} INFO - Processing /workspaces/hands-on-introduction-data-engineering-4395021/airflow/dags/one_task_dag.py took 0.057 seconds
[2025-04-04T16:00:30.531+0000] {processor.py:157} INFO - Started process (PID=51526) to work on /workspaces/hands-on-introduction-data-engineering-4395021/airflow/dags/one_task_dag.py
[2025-04-04T16:00:30.532+0000] {processor.py:826} INFO - Processing file /workspaces/hands-on-introduction-data-engineering-4395021/airflow/dags/one_task_dag.py for tasks to queue
[2025-04-04T16:00:30.533+0000] {logging_mixin.py:150} INFO - [2025-04-04T16:00:30.533+0000] {dagbag.py:541} INFO - Filling up the DagBag from /workspaces/hands-on-introduction-data-engineering-4395021/airflow/dags/one_task_dag.py
[2025-04-04T16:00:30.541+0000] {processor.py:836} INFO - DAG(s) dict_keys(['one_task_dag']) retrieved from /workspaces/hands-on-introduction-data-engineering-4395021/airflow/dags/one_task_dag.py
[2025-04-04T16:00:30.559+0000] {logging_mixin.py:150} INFO - [2025-04-04T16:00:30.559+0000] {dag.py:2742} INFO - Sync 1 DAGs
[2025-04-04T16:00:30.573+0000] {logging_mixin.py:150} INFO - [2025-04-04T16:00:30.573+0000] {dag.py:3504} INFO - Setting next_dagrun for one_task_dag to None, run_after=None
[2025-04-04T16:00:30.591+0000] {processor.py:179} INFO - Processing /workspaces/hands-on-introduction-data-engineering-4395021/airflow/dags/one_task_dag.py took 0.062 seconds
[2025-04-04T16:01:00.692+0000] {processor.py:157} INFO - Started process (PID=51702) to work on /workspaces/hands-on-introduction-data-engineering-4395021/airflow/dags/one_task_dag.py
[2025-04-04T16:01:00.693+0000] {processor.py:826} INFO - Processing file /workspaces/hands-on-introduction-data-engineering-4395021/airflow/dags/one_task_dag.py for tasks to queue
[2025-04-04T16:01:00.694+0000] {logging_mixin.py:150} INFO - [2025-04-04T16:01:00.693+0000] {dagbag.py:541} INFO - Filling up the DagBag from /workspaces/hands-on-introduction-data-engineering-4395021/airflow/dags/one_task_dag.py
[2025-04-04T16:01:00.701+0000] {processor.py:836} INFO - DAG(s) dict_keys(['one_task_dag']) retrieved from /workspaces/hands-on-introduction-data-engineering-4395021/airflow/dags/one_task_dag.py
[2025-04-04T16:01:00.719+0000] {logging_mixin.py:150} INFO - [2025-04-04T16:01:00.718+0000] {dag.py:2742} INFO - Sync 1 DAGs
[2025-04-04T16:01:00.733+0000] {logging_mixin.py:150} INFO - [2025-04-04T16:01:00.733+0000] {dag.py:3504} INFO - Setting next_dagrun for one_task_dag to None, run_after=None
[2025-04-04T16:01:00.746+0000] {processor.py:179} INFO - Processing /workspaces/hands-on-introduction-data-engineering-4395021/airflow/dags/one_task_dag.py took 0.057 seconds
[2025-04-04T16:01:30.851+0000] {processor.py:157} INFO - Started process (PID=51878) to work on /workspaces/hands-on-introduction-data-engineering-4395021/airflow/dags/one_task_dag.py
[2025-04-04T16:01:30.852+0000] {processor.py:826} INFO - Processing file /workspaces/hands-on-introduction-data-engineering-4395021/airflow/dags/one_task_dag.py for tasks to queue
[2025-04-04T16:01:30.853+0000] {logging_mixin.py:150} INFO - [2025-04-04T16:01:30.852+0000] {dagbag.py:541} INFO - Filling up the DagBag from /workspaces/hands-on-introduction-data-engineering-4395021/airflow/dags/one_task_dag.py
[2025-04-04T16:01:30.860+0000] {processor.py:836} INFO - DAG(s) dict_keys(['one_task_dag']) retrieved from /workspaces/hands-on-introduction-data-engineering-4395021/airflow/dags/one_task_dag.py
[2025-04-04T16:01:30.878+0000] {logging_mixin.py:150} INFO - [2025-04-04T16:01:30.878+0000] {dag.py:2742} INFO - Sync 1 DAGs
[2025-04-04T16:01:30.892+0000] {logging_mixin.py:150} INFO - [2025-04-04T16:01:30.892+0000] {dag.py:3504} INFO - Setting next_dagrun for one_task_dag to None, run_after=None
[2025-04-04T16:01:30.904+0000] {processor.py:179} INFO - Processing /workspaces/hands-on-introduction-data-engineering-4395021/airflow/dags/one_task_dag.py took 0.056 seconds
[2025-04-04T16:02:01.010+0000] {processor.py:157} INFO - Started process (PID=52048) to work on /workspaces/hands-on-introduction-data-engineering-4395021/airflow/dags/one_task_dag.py
[2025-04-04T16:02:01.011+0000] {processor.py:826} INFO - Processing file /workspaces/hands-on-introduction-data-engineering-4395021/airflow/dags/one_task_dag.py for tasks to queue
[2025-04-04T16:02:01.012+0000] {logging_mixin.py:150} INFO - [2025-04-04T16:02:01.011+0000] {dagbag.py:541} INFO - Filling up the DagBag from /workspaces/hands-on-introduction-data-engineering-4395021/airflow/dags/one_task_dag.py
[2025-04-04T16:02:01.019+0000] {processor.py:836} INFO - DAG(s) dict_keys(['one_task_dag']) retrieved from /workspaces/hands-on-introduction-data-engineering-4395021/airflow/dags/one_task_dag.py
[2025-04-04T16:02:01.037+0000] {logging_mixin.py:150} INFO - [2025-04-04T16:02:01.037+0000] {dag.py:2742} INFO - Sync 1 DAGs
[2025-04-04T16:02:01.051+0000] {logging_mixin.py:150} INFO - [2025-04-04T16:02:01.051+0000] {dag.py:3504} INFO - Setting next_dagrun for one_task_dag to None, run_after=None
[2025-04-04T16:02:01.064+0000] {processor.py:179} INFO - Processing /workspaces/hands-on-introduction-data-engineering-4395021/airflow/dags/one_task_dag.py took 0.057 seconds
[2025-04-04T16:02:31.170+0000] {processor.py:157} INFO - Started process (PID=52224) to work on /workspaces/hands-on-introduction-data-engineering-4395021/airflow/dags/one_task_dag.py
[2025-04-04T16:02:31.170+0000] {processor.py:826} INFO - Processing file /workspaces/hands-on-introduction-data-engineering-4395021/airflow/dags/one_task_dag.py for tasks to queue
[2025-04-04T16:02:31.171+0000] {logging_mixin.py:150} INFO - [2025-04-04T16:02:31.171+0000] {dagbag.py:541} INFO - Filling up the DagBag from /workspaces/hands-on-introduction-data-engineering-4395021/airflow/dags/one_task_dag.py
[2025-04-04T16:02:31.178+0000] {processor.py:836} INFO - DAG(s) dict_keys(['one_task_dag']) retrieved from /workspaces/hands-on-introduction-data-engineering-4395021/airflow/dags/one_task_dag.py
[2025-04-04T16:02:31.195+0000] {logging_mixin.py:150} INFO - [2025-04-04T16:02:31.195+0000] {dag.py:2742} INFO - Sync 1 DAGs
[2025-04-04T16:02:31.209+0000] {logging_mixin.py:150} INFO - [2025-04-04T16:02:31.209+0000] {dag.py:3504} INFO - Setting next_dagrun for one_task_dag to None, run_after=None
[2025-04-04T16:02:31.223+0000] {processor.py:179} INFO - Processing /workspaces/hands-on-introduction-data-engineering-4395021/airflow/dags/one_task_dag.py took 0.057 seconds
[2025-04-04T16:03:01.327+0000] {processor.py:157} INFO - Started process (PID=52388) to work on /workspaces/hands-on-introduction-data-engineering-4395021/airflow/dags/one_task_dag.py
[2025-04-04T16:03:01.327+0000] {processor.py:826} INFO - Processing file /workspaces/hands-on-introduction-data-engineering-4395021/airflow/dags/one_task_dag.py for tasks to queue
[2025-04-04T16:03:01.328+0000] {logging_mixin.py:150} INFO - [2025-04-04T16:03:01.328+0000] {dagbag.py:541} INFO - Filling up the DagBag from /workspaces/hands-on-introduction-data-engineering-4395021/airflow/dags/one_task_dag.py
[2025-04-04T16:03:01.336+0000] {processor.py:836} INFO - DAG(s) dict_keys(['one_task_dag']) retrieved from /workspaces/hands-on-introduction-data-engineering-4395021/airflow/dags/one_task_dag.py
[2025-04-04T16:03:01.353+0000] {logging_mixin.py:150} INFO - [2025-04-04T16:03:01.353+0000] {dag.py:2742} INFO - Sync 1 DAGs
[2025-04-04T16:03:01.367+0000] {logging_mixin.py:150} INFO - [2025-04-04T16:03:01.367+0000] {dag.py:3504} INFO - Setting next_dagrun for one_task_dag to None, run_after=None
[2025-04-04T16:03:01.381+0000] {processor.py:179} INFO - Processing /workspaces/hands-on-introduction-data-engineering-4395021/airflow/dags/one_task_dag.py took 0.056 seconds
[2025-04-04T16:03:31.485+0000] {processor.py:157} INFO - Started process (PID=52564) to work on /workspaces/hands-on-introduction-data-engineering-4395021/airflow/dags/one_task_dag.py
[2025-04-04T16:03:31.486+0000] {processor.py:826} INFO - Processing file /workspaces/hands-on-introduction-data-engineering-4395021/airflow/dags/one_task_dag.py for tasks to queue
[2025-04-04T16:03:31.487+0000] {logging_mixin.py:150} INFO - [2025-04-04T16:03:31.486+0000] {dagbag.py:541} INFO - Filling up the DagBag from /workspaces/hands-on-introduction-data-engineering-4395021/airflow/dags/one_task_dag.py
[2025-04-04T16:03:31.494+0000] {processor.py:836} INFO - DAG(s) dict_keys(['one_task_dag']) retrieved from /workspaces/hands-on-introduction-data-engineering-4395021/airflow/dags/one_task_dag.py
[2025-04-04T16:03:31.512+0000] {logging_mixin.py:150} INFO - [2025-04-04T16:03:31.512+0000] {dag.py:2742} INFO - Sync 1 DAGs
[2025-04-04T16:03:31.526+0000] {logging_mixin.py:150} INFO - [2025-04-04T16:03:31.526+0000] {dag.py:3504} INFO - Setting next_dagrun for one_task_dag to None, run_after=None
[2025-04-04T16:03:31.540+0000] {processor.py:179} INFO - Processing /workspaces/hands-on-introduction-data-engineering-4395021/airflow/dags/one_task_dag.py took 0.058 seconds
[2025-04-04T16:04:01.643+0000] {processor.py:157} INFO - Started process (PID=52734) to work on /workspaces/hands-on-introduction-data-engineering-4395021/airflow/dags/one_task_dag.py
[2025-04-04T16:04:01.644+0000] {processor.py:826} INFO - Processing file /workspaces/hands-on-introduction-data-engineering-4395021/airflow/dags/one_task_dag.py for tasks to queue
[2025-04-04T16:04:01.645+0000] {logging_mixin.py:150} INFO - [2025-04-04T16:04:01.644+0000] {dagbag.py:541} INFO - Filling up the DagBag from /workspaces/hands-on-introduction-data-engineering-4395021/airflow/dags/one_task_dag.py
[2025-04-04T16:04:01.652+0000] {processor.py:836} INFO - DAG(s) dict_keys(['one_task_dag']) retrieved from /workspaces/hands-on-introduction-data-engineering-4395021/airflow/dags/one_task_dag.py
[2025-04-04T16:04:01.671+0000] {logging_mixin.py:150} INFO - [2025-04-04T16:04:01.670+0000] {dag.py:2742} INFO - Sync 1 DAGs
[2025-04-04T16:04:01.685+0000] {logging_mixin.py:150} INFO - [2025-04-04T16:04:01.685+0000] {dag.py:3504} INFO - Setting next_dagrun for one_task_dag to None, run_after=None
[2025-04-04T16:04:01.698+0000] {processor.py:179} INFO - Processing /workspaces/hands-on-introduction-data-engineering-4395021/airflow/dags/one_task_dag.py took 0.058 seconds
[2025-04-04T16:04:31.776+0000] {processor.py:157} INFO - Started process (PID=52911) to work on /workspaces/hands-on-introduction-data-engineering-4395021/airflow/dags/one_task_dag.py
[2025-04-04T16:04:31.777+0000] {processor.py:826} INFO - Processing file /workspaces/hands-on-introduction-data-engineering-4395021/airflow/dags/one_task_dag.py for tasks to queue
[2025-04-04T16:04:31.778+0000] {logging_mixin.py:150} INFO - [2025-04-04T16:04:31.777+0000] {dagbag.py:541} INFO - Filling up the DagBag from /workspaces/hands-on-introduction-data-engineering-4395021/airflow/dags/one_task_dag.py
[2025-04-04T16:04:31.785+0000] {processor.py:836} INFO - DAG(s) dict_keys(['one_task_dag']) retrieved from /workspaces/hands-on-introduction-data-engineering-4395021/airflow/dags/one_task_dag.py
[2025-04-04T16:04:31.803+0000] {logging_mixin.py:150} INFO - [2025-04-04T16:04:31.803+0000] {dag.py:2742} INFO - Sync 1 DAGs
[2025-04-04T16:04:31.817+0000] {logging_mixin.py:150} INFO - [2025-04-04T16:04:31.817+0000] {dag.py:3504} INFO - Setting next_dagrun for one_task_dag to None, run_after=None
[2025-04-04T16:04:31.830+0000] {processor.py:179} INFO - Processing /workspaces/hands-on-introduction-data-engineering-4395021/airflow/dags/one_task_dag.py took 0.056 seconds
[2025-04-04T16:05:01.966+0000] {processor.py:157} INFO - Started process (PID=53087) to work on /workspaces/hands-on-introduction-data-engineering-4395021/airflow/dags/one_task_dag.py
[2025-04-04T16:05:01.967+0000] {processor.py:826} INFO - Processing file /workspaces/hands-on-introduction-data-engineering-4395021/airflow/dags/one_task_dag.py for tasks to queue
[2025-04-04T16:05:01.967+0000] {logging_mixin.py:150} INFO - [2025-04-04T16:05:01.967+0000] {dagbag.py:541} INFO - Filling up the DagBag from /workspaces/hands-on-introduction-data-engineering-4395021/airflow/dags/one_task_dag.py
[2025-04-04T16:05:01.975+0000] {processor.py:836} INFO - DAG(s) dict_keys(['one_task_dag']) retrieved from /workspaces/hands-on-introduction-data-engineering-4395021/airflow/dags/one_task_dag.py
[2025-04-04T16:05:01.993+0000] {logging_mixin.py:150} INFO - [2025-04-04T16:05:01.993+0000] {dag.py:2742} INFO - Sync 1 DAGs
[2025-04-04T16:05:02.010+0000] {logging_mixin.py:150} INFO - [2025-04-04T16:05:02.010+0000] {dag.py:3504} INFO - Setting next_dagrun for one_task_dag to None, run_after=None
[2025-04-04T16:05:02.023+0000] {processor.py:179} INFO - Processing /workspaces/hands-on-introduction-data-engineering-4395021/airflow/dags/one_task_dag.py took 0.060 seconds
[2025-04-04T16:05:32.159+0000] {processor.py:157} INFO - Started process (PID=53251) to work on /workspaces/hands-on-introduction-data-engineering-4395021/airflow/dags/one_task_dag.py
[2025-04-04T16:05:32.159+0000] {processor.py:826} INFO - Processing file /workspaces/hands-on-introduction-data-engineering-4395021/airflow/dags/one_task_dag.py for tasks to queue
[2025-04-04T16:05:32.160+0000] {logging_mixin.py:150} INFO - [2025-04-04T16:05:32.160+0000] {dagbag.py:541} INFO - Filling up the DagBag from /workspaces/hands-on-introduction-data-engineering-4395021/airflow/dags/one_task_dag.py
[2025-04-04T16:05:32.167+0000] {processor.py:836} INFO - DAG(s) dict_keys(['one_task_dag']) retrieved from /workspaces/hands-on-introduction-data-engineering-4395021/airflow/dags/one_task_dag.py
[2025-04-04T16:05:32.185+0000] {logging_mixin.py:150} INFO - [2025-04-04T16:05:32.185+0000] {dag.py:2742} INFO - Sync 1 DAGs
[2025-04-04T16:05:32.199+0000] {logging_mixin.py:150} INFO - [2025-04-04T16:05:32.199+0000] {dag.py:3504} INFO - Setting next_dagrun for one_task_dag to None, run_after=None
[2025-04-04T16:05:32.212+0000] {processor.py:179} INFO - Processing /workspaces/hands-on-introduction-data-engineering-4395021/airflow/dags/one_task_dag.py took 0.056 seconds
[2025-04-04T16:06:02.319+0000] {processor.py:157} INFO - Started process (PID=53427) to work on /workspaces/hands-on-introduction-data-engineering-4395021/airflow/dags/one_task_dag.py
[2025-04-04T16:06:02.319+0000] {processor.py:826} INFO - Processing file /workspaces/hands-on-introduction-data-engineering-4395021/airflow/dags/one_task_dag.py for tasks to queue
[2025-04-04T16:06:02.320+0000] {logging_mixin.py:150} INFO - [2025-04-04T16:06:02.320+0000] {dagbag.py:541} INFO - Filling up the DagBag from /workspaces/hands-on-introduction-data-engineering-4395021/airflow/dags/one_task_dag.py
[2025-04-04T16:06:02.328+0000] {processor.py:836} INFO - DAG(s) dict_keys(['one_task_dag']) retrieved from /workspaces/hands-on-introduction-data-engineering-4395021/airflow/dags/one_task_dag.py
[2025-04-04T16:06:02.345+0000] {logging_mixin.py:150} INFO - [2025-04-04T16:06:02.345+0000] {dag.py:2742} INFO - Sync 1 DAGs
[2025-04-04T16:06:02.359+0000] {logging_mixin.py:150} INFO - [2025-04-04T16:06:02.358+0000] {dag.py:3504} INFO - Setting next_dagrun for one_task_dag to None, run_after=None
[2025-04-04T16:06:02.372+0000] {processor.py:179} INFO - Processing /workspaces/hands-on-introduction-data-engineering-4395021/airflow/dags/one_task_dag.py took 0.056 seconds
[2025-04-04T16:06:32.506+0000] {processor.py:157} INFO - Started process (PID=53597) to work on /workspaces/hands-on-introduction-data-engineering-4395021/airflow/dags/one_task_dag.py
[2025-04-04T16:06:32.507+0000] {processor.py:826} INFO - Processing file /workspaces/hands-on-introduction-data-engineering-4395021/airflow/dags/one_task_dag.py for tasks to queue
[2025-04-04T16:06:32.507+0000] {logging_mixin.py:150} INFO - [2025-04-04T16:06:32.507+0000] {dagbag.py:541} INFO - Filling up the DagBag from /workspaces/hands-on-introduction-data-engineering-4395021/airflow/dags/one_task_dag.py
[2025-04-04T16:06:32.515+0000] {processor.py:836} INFO - DAG(s) dict_keys(['one_task_dag']) retrieved from /workspaces/hands-on-introduction-data-engineering-4395021/airflow/dags/one_task_dag.py
[2025-04-04T16:06:32.532+0000] {logging_mixin.py:150} INFO - [2025-04-04T16:06:32.532+0000] {dag.py:2742} INFO - Sync 1 DAGs
[2025-04-04T16:06:32.546+0000] {logging_mixin.py:150} INFO - [2025-04-04T16:06:32.546+0000] {dag.py:3504} INFO - Setting next_dagrun for one_task_dag to None, run_after=None
[2025-04-04T16:06:32.559+0000] {processor.py:179} INFO - Processing /workspaces/hands-on-introduction-data-engineering-4395021/airflow/dags/one_task_dag.py took 0.056 seconds
[2025-04-04T16:07:02.695+0000] {processor.py:157} INFO - Started process (PID=53773) to work on /workspaces/hands-on-introduction-data-engineering-4395021/airflow/dags/one_task_dag.py
[2025-04-04T16:07:02.695+0000] {processor.py:826} INFO - Processing file /workspaces/hands-on-introduction-data-engineering-4395021/airflow/dags/one_task_dag.py for tasks to queue
[2025-04-04T16:07:02.696+0000] {logging_mixin.py:150} INFO - [2025-04-04T16:07:02.696+0000] {dagbag.py:541} INFO - Filling up the DagBag from /workspaces/hands-on-introduction-data-engineering-4395021/airflow/dags/one_task_dag.py
[2025-04-04T16:07:02.703+0000] {processor.py:836} INFO - DAG(s) dict_keys(['one_task_dag']) retrieved from /workspaces/hands-on-introduction-data-engineering-4395021/airflow/dags/one_task_dag.py
[2025-04-04T16:07:02.721+0000] {logging_mixin.py:150} INFO - [2025-04-04T16:07:02.721+0000] {dag.py:2742} INFO - Sync 1 DAGs
[2025-04-04T16:07:02.735+0000] {logging_mixin.py:150} INFO - [2025-04-04T16:07:02.735+0000] {dag.py:3504} INFO - Setting next_dagrun for one_task_dag to None, run_after=None
[2025-04-04T16:07:02.749+0000] {processor.py:179} INFO - Processing /workspaces/hands-on-introduction-data-engineering-4395021/airflow/dags/one_task_dag.py took 0.057 seconds
[2025-04-04T16:07:32.886+0000] {processor.py:157} INFO - Started process (PID=53942) to work on /workspaces/hands-on-introduction-data-engineering-4395021/airflow/dags/one_task_dag.py
[2025-04-04T16:07:32.887+0000] {processor.py:826} INFO - Processing file /workspaces/hands-on-introduction-data-engineering-4395021/airflow/dags/one_task_dag.py for tasks to queue
[2025-04-04T16:07:32.888+0000] {logging_mixin.py:150} INFO - [2025-04-04T16:07:32.887+0000] {dagbag.py:541} INFO - Filling up the DagBag from /workspaces/hands-on-introduction-data-engineering-4395021/airflow/dags/one_task_dag.py
[2025-04-04T16:07:32.898+0000] {processor.py:836} INFO - DAG(s) dict_keys(['one_task_dag']) retrieved from /workspaces/hands-on-introduction-data-engineering-4395021/airflow/dags/one_task_dag.py
[2025-04-04T16:07:32.924+0000] {logging_mixin.py:150} INFO - [2025-04-04T16:07:32.924+0000] {dag.py:2742} INFO - Sync 1 DAGs
[2025-04-04T16:07:32.938+0000] {logging_mixin.py:150} INFO - [2025-04-04T16:07:32.938+0000] {dag.py:3504} INFO - Setting next_dagrun for one_task_dag to None, run_after=None
[2025-04-04T16:07:32.952+0000] {processor.py:179} INFO - Processing /workspaces/hands-on-introduction-data-engineering-4395021/airflow/dags/one_task_dag.py took 0.070 seconds
[2025-04-04T16:08:03.064+0000] {processor.py:157} INFO - Started process (PID=54112) to work on /workspaces/hands-on-introduction-data-engineering-4395021/airflow/dags/one_task_dag.py
[2025-04-04T16:08:03.064+0000] {processor.py:826} INFO - Processing file /workspaces/hands-on-introduction-data-engineering-4395021/airflow/dags/one_task_dag.py for tasks to queue
[2025-04-04T16:08:03.065+0000] {logging_mixin.py:150} INFO - [2025-04-04T16:08:03.065+0000] {dagbag.py:541} INFO - Filling up the DagBag from /workspaces/hands-on-introduction-data-engineering-4395021/airflow/dags/one_task_dag.py
[2025-04-04T16:08:03.072+0000] {processor.py:836} INFO - DAG(s) dict_keys(['one_task_dag']) retrieved from /workspaces/hands-on-introduction-data-engineering-4395021/airflow/dags/one_task_dag.py
[2025-04-04T16:08:03.090+0000] {logging_mixin.py:150} INFO - [2025-04-04T16:08:03.090+0000] {dag.py:2742} INFO - Sync 1 DAGs
[2025-04-04T16:08:03.104+0000] {logging_mixin.py:150} INFO - [2025-04-04T16:08:03.104+0000] {dag.py:3504} INFO - Setting next_dagrun for one_task_dag to None, run_after=None
[2025-04-04T16:08:03.118+0000] {processor.py:179} INFO - Processing /workspaces/hands-on-introduction-data-engineering-4395021/airflow/dags/one_task_dag.py took 0.057 seconds
[2025-04-04T16:08:33.249+0000] {processor.py:157} INFO - Started process (PID=54289) to work on /workspaces/hands-on-introduction-data-engineering-4395021/airflow/dags/one_task_dag.py
[2025-04-04T16:08:33.250+0000] {processor.py:826} INFO - Processing file /workspaces/hands-on-introduction-data-engineering-4395021/airflow/dags/one_task_dag.py for tasks to queue
[2025-04-04T16:08:33.250+0000] {logging_mixin.py:150} INFO - [2025-04-04T16:08:33.250+0000] {dagbag.py:541} INFO - Filling up the DagBag from /workspaces/hands-on-introduction-data-engineering-4395021/airflow/dags/one_task_dag.py
[2025-04-04T16:08:33.257+0000] {processor.py:836} INFO - DAG(s) dict_keys(['one_task_dag']) retrieved from /workspaces/hands-on-introduction-data-engineering-4395021/airflow/dags/one_task_dag.py
[2025-04-04T16:08:33.275+0000] {logging_mixin.py:150} INFO - [2025-04-04T16:08:33.275+0000] {dag.py:2742} INFO - Sync 1 DAGs
[2025-04-04T16:08:33.289+0000] {logging_mixin.py:150} INFO - [2025-04-04T16:08:33.289+0000] {dag.py:3504} INFO - Setting next_dagrun for one_task_dag to None, run_after=None
[2025-04-04T16:08:33.302+0000] {processor.py:179} INFO - Processing /workspaces/hands-on-introduction-data-engineering-4395021/airflow/dags/one_task_dag.py took 0.056 seconds
[2025-04-04T16:09:03.434+0000] {processor.py:157} INFO - Started process (PID=54459) to work on /workspaces/hands-on-introduction-data-engineering-4395021/airflow/dags/one_task_dag.py
[2025-04-04T16:09:03.434+0000] {processor.py:826} INFO - Processing file /workspaces/hands-on-introduction-data-engineering-4395021/airflow/dags/one_task_dag.py for tasks to queue
[2025-04-04T16:09:03.435+0000] {logging_mixin.py:150} INFO - [2025-04-04T16:09:03.435+0000] {dagbag.py:541} INFO - Filling up the DagBag from /workspaces/hands-on-introduction-data-engineering-4395021/airflow/dags/one_task_dag.py
[2025-04-04T16:09:03.442+0000] {processor.py:836} INFO - DAG(s) dict_keys(['one_task_dag']) retrieved from /workspaces/hands-on-introduction-data-engineering-4395021/airflow/dags/one_task_dag.py
[2025-04-04T16:09:03.460+0000] {logging_mixin.py:150} INFO - [2025-04-04T16:09:03.460+0000] {dag.py:2742} INFO - Sync 1 DAGs
[2025-04-04T16:09:03.474+0000] {logging_mixin.py:150} INFO - [2025-04-04T16:09:03.474+0000] {dag.py:3504} INFO - Setting next_dagrun for one_task_dag to None, run_after=None
[2025-04-04T16:09:03.488+0000] {processor.py:179} INFO - Processing /workspaces/hands-on-introduction-data-engineering-4395021/airflow/dags/one_task_dag.py took 0.057 seconds
[2025-04-04T16:09:33.620+0000] {processor.py:157} INFO - Started process (PID=54634) to work on /workspaces/hands-on-introduction-data-engineering-4395021/airflow/dags/one_task_dag.py
[2025-04-04T16:09:33.621+0000] {processor.py:826} INFO - Processing file /workspaces/hands-on-introduction-data-engineering-4395021/airflow/dags/one_task_dag.py for tasks to queue
[2025-04-04T16:09:33.622+0000] {logging_mixin.py:150} INFO - [2025-04-04T16:09:33.621+0000] {dagbag.py:541} INFO - Filling up the DagBag from /workspaces/hands-on-introduction-data-engineering-4395021/airflow/dags/one_task_dag.py
[2025-04-04T16:09:33.629+0000] {processor.py:836} INFO - DAG(s) dict_keys(['one_task_dag']) retrieved from /workspaces/hands-on-introduction-data-engineering-4395021/airflow/dags/one_task_dag.py
[2025-04-04T16:09:33.646+0000] {logging_mixin.py:150} INFO - [2025-04-04T16:09:33.646+0000] {dag.py:2742} INFO - Sync 1 DAGs
[2025-04-04T16:09:33.660+0000] {logging_mixin.py:150} INFO - [2025-04-04T16:09:33.660+0000] {dag.py:3504} INFO - Setting next_dagrun for one_task_dag to None, run_after=None
[2025-04-04T16:09:33.673+0000] {processor.py:179} INFO - Processing /workspaces/hands-on-introduction-data-engineering-4395021/airflow/dags/one_task_dag.py took 0.056 seconds
[2025-04-04T16:10:03.803+0000] {processor.py:157} INFO - Started process (PID=54804) to work on /workspaces/hands-on-introduction-data-engineering-4395021/airflow/dags/one_task_dag.py
[2025-04-04T16:10:03.804+0000] {processor.py:826} INFO - Processing file /workspaces/hands-on-introduction-data-engineering-4395021/airflow/dags/one_task_dag.py for tasks to queue
[2025-04-04T16:10:03.804+0000] {logging_mixin.py:150} INFO - [2025-04-04T16:10:03.804+0000] {dagbag.py:541} INFO - Filling up the DagBag from /workspaces/hands-on-introduction-data-engineering-4395021/airflow/dags/one_task_dag.py
[2025-04-04T16:10:03.812+0000] {processor.py:836} INFO - DAG(s) dict_keys(['one_task_dag']) retrieved from /workspaces/hands-on-introduction-data-engineering-4395021/airflow/dags/one_task_dag.py
[2025-04-04T16:10:03.830+0000] {logging_mixin.py:150} INFO - [2025-04-04T16:10:03.830+0000] {dag.py:2742} INFO - Sync 1 DAGs
[2025-04-04T16:10:03.844+0000] {logging_mixin.py:150} INFO - [2025-04-04T16:10:03.844+0000] {dag.py:3504} INFO - Setting next_dagrun for one_task_dag to None, run_after=None
[2025-04-04T16:10:03.857+0000] {processor.py:179} INFO - Processing /workspaces/hands-on-introduction-data-engineering-4395021/airflow/dags/one_task_dag.py took 0.057 seconds
[2025-04-04T16:10:33.991+0000] {processor.py:157} INFO - Started process (PID=54974) to work on /workspaces/hands-on-introduction-data-engineering-4395021/airflow/dags/one_task_dag.py
[2025-04-04T16:10:33.992+0000] {processor.py:826} INFO - Processing file /workspaces/hands-on-introduction-data-engineering-4395021/airflow/dags/one_task_dag.py for tasks to queue
[2025-04-04T16:10:33.992+0000] {logging_mixin.py:150} INFO - [2025-04-04T16:10:33.992+0000] {dagbag.py:541} INFO - Filling up the DagBag from /workspaces/hands-on-introduction-data-engineering-4395021/airflow/dags/one_task_dag.py
[2025-04-04T16:10:34.000+0000] {processor.py:836} INFO - DAG(s) dict_keys(['one_task_dag']) retrieved from /workspaces/hands-on-introduction-data-engineering-4395021/airflow/dags/one_task_dag.py
[2025-04-04T16:10:34.018+0000] {logging_mixin.py:150} INFO - [2025-04-04T16:10:34.018+0000] {dag.py:2742} INFO - Sync 1 DAGs
[2025-04-04T16:10:34.032+0000] {logging_mixin.py:150} INFO - [2025-04-04T16:10:34.032+0000] {dag.py:3504} INFO - Setting next_dagrun for one_task_dag to None, run_after=None
[2025-04-04T16:10:34.046+0000] {processor.py:179} INFO - Processing /workspaces/hands-on-introduction-data-engineering-4395021/airflow/dags/one_task_dag.py took 0.058 seconds
[2025-04-04T16:11:04.175+0000] {processor.py:157} INFO - Started process (PID=55150) to work on /workspaces/hands-on-introduction-data-engineering-4395021/airflow/dags/one_task_dag.py
[2025-04-04T16:11:04.175+0000] {processor.py:826} INFO - Processing file /workspaces/hands-on-introduction-data-engineering-4395021/airflow/dags/one_task_dag.py for tasks to queue
[2025-04-04T16:11:04.176+0000] {logging_mixin.py:150} INFO - [2025-04-04T16:11:04.176+0000] {dagbag.py:541} INFO - Filling up the DagBag from /workspaces/hands-on-introduction-data-engineering-4395021/airflow/dags/one_task_dag.py
[2025-04-04T16:11:04.183+0000] {processor.py:836} INFO - DAG(s) dict_keys(['one_task_dag']) retrieved from /workspaces/hands-on-introduction-data-engineering-4395021/airflow/dags/one_task_dag.py
[2025-04-04T16:11:04.201+0000] {logging_mixin.py:150} INFO - [2025-04-04T16:11:04.201+0000] {dag.py:2742} INFO - Sync 1 DAGs
[2025-04-04T16:11:04.214+0000] {logging_mixin.py:150} INFO - [2025-04-04T16:11:04.214+0000] {dag.py:3504} INFO - Setting next_dagrun for one_task_dag to None, run_after=None
[2025-04-04T16:11:04.231+0000] {processor.py:179} INFO - Processing /workspaces/hands-on-introduction-data-engineering-4395021/airflow/dags/one_task_dag.py took 0.059 seconds
[2025-04-04T16:11:34.362+0000] {processor.py:157} INFO - Started process (PID=55320) to work on /workspaces/hands-on-introduction-data-engineering-4395021/airflow/dags/one_task_dag.py
[2025-04-04T16:11:34.363+0000] {processor.py:826} INFO - Processing file /workspaces/hands-on-introduction-data-engineering-4395021/airflow/dags/one_task_dag.py for tasks to queue
[2025-04-04T16:11:34.364+0000] {logging_mixin.py:150} INFO - [2025-04-04T16:11:34.363+0000] {dagbag.py:541} INFO - Filling up the DagBag from /workspaces/hands-on-introduction-data-engineering-4395021/airflow/dags/one_task_dag.py
[2025-04-04T16:11:34.371+0000] {processor.py:836} INFO - DAG(s) dict_keys(['one_task_dag']) retrieved from /workspaces/hands-on-introduction-data-engineering-4395021/airflow/dags/one_task_dag.py
[2025-04-04T16:11:34.388+0000] {logging_mixin.py:150} INFO - [2025-04-04T16:11:34.388+0000] {dag.py:2742} INFO - Sync 1 DAGs
[2025-04-04T16:11:34.402+0000] {logging_mixin.py:150} INFO - [2025-04-04T16:11:34.402+0000] {dag.py:3504} INFO - Setting next_dagrun for one_task_dag to None, run_after=None
[2025-04-04T16:11:34.416+0000] {processor.py:179} INFO - Processing /workspaces/hands-on-introduction-data-engineering-4395021/airflow/dags/one_task_dag.py took 0.056 seconds
[2025-04-04T16:12:04.569+0000] {processor.py:157} INFO - Started process (PID=55497) to work on /workspaces/hands-on-introduction-data-engineering-4395021/airflow/dags/one_task_dag.py
[2025-04-04T16:12:04.570+0000] {processor.py:826} INFO - Processing file /workspaces/hands-on-introduction-data-engineering-4395021/airflow/dags/one_task_dag.py for tasks to queue
[2025-04-04T16:12:04.571+0000] {logging_mixin.py:150} INFO - [2025-04-04T16:12:04.570+0000] {dagbag.py:541} INFO - Filling up the DagBag from /workspaces/hands-on-introduction-data-engineering-4395021/airflow/dags/one_task_dag.py
[2025-04-04T16:12:04.578+0000] {processor.py:836} INFO - DAG(s) dict_keys(['one_task_dag']) retrieved from /workspaces/hands-on-introduction-data-engineering-4395021/airflow/dags/one_task_dag.py
[2025-04-04T16:12:04.597+0000] {logging_mixin.py:150} INFO - [2025-04-04T16:12:04.597+0000] {dag.py:2742} INFO - Sync 1 DAGs
[2025-04-04T16:12:04.611+0000] {logging_mixin.py:150} INFO - [2025-04-04T16:12:04.611+0000] {dag.py:3504} INFO - Setting next_dagrun for one_task_dag to None, run_after=None
[2025-04-04T16:12:04.625+0000] {processor.py:179} INFO - Processing /workspaces/hands-on-introduction-data-engineering-4395021/airflow/dags/one_task_dag.py took 0.060 seconds
[2025-04-04T16:12:34.763+0000] {processor.py:157} INFO - Started process (PID=55667) to work on /workspaces/hands-on-introduction-data-engineering-4395021/airflow/dags/one_task_dag.py
[2025-04-04T16:12:34.764+0000] {processor.py:826} INFO - Processing file /workspaces/hands-on-introduction-data-engineering-4395021/airflow/dags/one_task_dag.py for tasks to queue
[2025-04-04T16:12:34.764+0000] {logging_mixin.py:150} INFO - [2025-04-04T16:12:34.764+0000] {dagbag.py:541} INFO - Filling up the DagBag from /workspaces/hands-on-introduction-data-engineering-4395021/airflow/dags/one_task_dag.py
[2025-04-04T16:12:34.772+0000] {processor.py:836} INFO - DAG(s) dict_keys(['one_task_dag']) retrieved from /workspaces/hands-on-introduction-data-engineering-4395021/airflow/dags/one_task_dag.py
[2025-04-04T16:12:34.790+0000] {logging_mixin.py:150} INFO - [2025-04-04T16:12:34.789+0000] {dag.py:2742} INFO - Sync 1 DAGs
[2025-04-04T16:12:34.805+0000] {logging_mixin.py:150} INFO - [2025-04-04T16:12:34.805+0000] {dag.py:3504} INFO - Setting next_dagrun for one_task_dag to None, run_after=None
[2025-04-04T16:12:34.821+0000] {processor.py:179} INFO - Processing /workspaces/hands-on-introduction-data-engineering-4395021/airflow/dags/one_task_dag.py took 0.060 seconds
[2025-04-04T16:13:04.962+0000] {processor.py:157} INFO - Started process (PID=55836) to work on /workspaces/hands-on-introduction-data-engineering-4395021/airflow/dags/one_task_dag.py
[2025-04-04T16:13:04.963+0000] {processor.py:826} INFO - Processing file /workspaces/hands-on-introduction-data-engineering-4395021/airflow/dags/one_task_dag.py for tasks to queue
[2025-04-04T16:13:04.964+0000] {logging_mixin.py:150} INFO - [2025-04-04T16:13:04.964+0000] {dagbag.py:541} INFO - Filling up the DagBag from /workspaces/hands-on-introduction-data-engineering-4395021/airflow/dags/one_task_dag.py
[2025-04-04T16:13:04.971+0000] {processor.py:836} INFO - DAG(s) dict_keys(['one_task_dag']) retrieved from /workspaces/hands-on-introduction-data-engineering-4395021/airflow/dags/one_task_dag.py
[2025-04-04T16:13:04.989+0000] {logging_mixin.py:150} INFO - [2025-04-04T16:13:04.989+0000] {dag.py:2742} INFO - Sync 1 DAGs
[2025-04-04T16:13:05.003+0000] {logging_mixin.py:150} INFO - [2025-04-04T16:13:05.003+0000] {dag.py:3504} INFO - Setting next_dagrun for one_task_dag to None, run_after=None
[2025-04-04T16:13:05.017+0000] {processor.py:179} INFO - Processing /workspaces/hands-on-introduction-data-engineering-4395021/airflow/dags/one_task_dag.py took 0.057 seconds
[2025-04-04T16:13:35.151+0000] {processor.py:157} INFO - Started process (PID=56006) to work on /workspaces/hands-on-introduction-data-engineering-4395021/airflow/dags/one_task_dag.py
[2025-04-04T16:13:35.151+0000] {processor.py:826} INFO - Processing file /workspaces/hands-on-introduction-data-engineering-4395021/airflow/dags/one_task_dag.py for tasks to queue
[2025-04-04T16:13:35.152+0000] {logging_mixin.py:150} INFO - [2025-04-04T16:13:35.152+0000] {dagbag.py:541} INFO - Filling up the DagBag from /workspaces/hands-on-introduction-data-engineering-4395021/airflow/dags/one_task_dag.py
[2025-04-04T16:13:35.159+0000] {processor.py:836} INFO - DAG(s) dict_keys(['one_task_dag']) retrieved from /workspaces/hands-on-introduction-data-engineering-4395021/airflow/dags/one_task_dag.py
[2025-04-04T16:13:35.177+0000] {logging_mixin.py:150} INFO - [2025-04-04T16:13:35.177+0000] {dag.py:2742} INFO - Sync 1 DAGs
[2025-04-04T16:13:35.190+0000] {logging_mixin.py:150} INFO - [2025-04-04T16:13:35.190+0000] {dag.py:3504} INFO - Setting next_dagrun for one_task_dag to None, run_after=None
[2025-04-04T16:13:35.204+0000] {processor.py:179} INFO - Processing /workspaces/hands-on-introduction-data-engineering-4395021/airflow/dags/one_task_dag.py took 0.056 seconds
[2025-04-04T16:14:05.347+0000] {processor.py:157} INFO - Started process (PID=56182) to work on /workspaces/hands-on-introduction-data-engineering-4395021/airflow/dags/one_task_dag.py
[2025-04-04T16:14:05.348+0000] {processor.py:826} INFO - Processing file /workspaces/hands-on-introduction-data-engineering-4395021/airflow/dags/one_task_dag.py for tasks to queue
[2025-04-04T16:14:05.348+0000] {logging_mixin.py:150} INFO - [2025-04-04T16:14:05.348+0000] {dagbag.py:541} INFO - Filling up the DagBag from /workspaces/hands-on-introduction-data-engineering-4395021/airflow/dags/one_task_dag.py
[2025-04-04T16:14:05.356+0000] {processor.py:836} INFO - DAG(s) dict_keys(['one_task_dag']) retrieved from /workspaces/hands-on-introduction-data-engineering-4395021/airflow/dags/one_task_dag.py
[2025-04-04T16:14:05.374+0000] {logging_mixin.py:150} INFO - [2025-04-04T16:14:05.373+0000] {dag.py:2742} INFO - Sync 1 DAGs
[2025-04-04T16:14:05.387+0000] {logging_mixin.py:150} INFO - [2025-04-04T16:14:05.387+0000] {dag.py:3504} INFO - Setting next_dagrun for one_task_dag to None, run_after=None
[2025-04-04T16:14:05.401+0000] {processor.py:179} INFO - Processing /workspaces/hands-on-introduction-data-engineering-4395021/airflow/dags/one_task_dag.py took 0.056 seconds
[2025-04-04T16:14:35.538+0000] {processor.py:157} INFO - Started process (PID=56358) to work on /workspaces/hands-on-introduction-data-engineering-4395021/airflow/dags/one_task_dag.py
[2025-04-04T16:14:35.539+0000] {processor.py:826} INFO - Processing file /workspaces/hands-on-introduction-data-engineering-4395021/airflow/dags/one_task_dag.py for tasks to queue
[2025-04-04T16:14:35.539+0000] {logging_mixin.py:150} INFO - [2025-04-04T16:14:35.539+0000] {dagbag.py:541} INFO - Filling up the DagBag from /workspaces/hands-on-introduction-data-engineering-4395021/airflow/dags/one_task_dag.py
[2025-04-04T16:14:35.547+0000] {processor.py:836} INFO - DAG(s) dict_keys(['one_task_dag']) retrieved from /workspaces/hands-on-introduction-data-engineering-4395021/airflow/dags/one_task_dag.py
[2025-04-04T16:14:35.564+0000] {logging_mixin.py:150} INFO - [2025-04-04T16:14:35.564+0000] {dag.py:2742} INFO - Sync 1 DAGs
[2025-04-04T16:14:35.577+0000] {logging_mixin.py:150} INFO - [2025-04-04T16:14:35.577+0000] {dag.py:3504} INFO - Setting next_dagrun for one_task_dag to None, run_after=None
[2025-04-04T16:14:35.591+0000] {processor.py:179} INFO - Processing /workspaces/hands-on-introduction-data-engineering-4395021/airflow/dags/one_task_dag.py took 0.056 seconds
[2025-04-04T16:15:05.723+0000] {processor.py:157} INFO - Started process (PID=56528) to work on /workspaces/hands-on-introduction-data-engineering-4395021/airflow/dags/one_task_dag.py
[2025-04-04T16:15:05.723+0000] {processor.py:826} INFO - Processing file /workspaces/hands-on-introduction-data-engineering-4395021/airflow/dags/one_task_dag.py for tasks to queue
[2025-04-04T16:15:05.724+0000] {logging_mixin.py:150} INFO - [2025-04-04T16:15:05.724+0000] {dagbag.py:541} INFO - Filling up the DagBag from /workspaces/hands-on-introduction-data-engineering-4395021/airflow/dags/one_task_dag.py
[2025-04-04T16:15:05.731+0000] {processor.py:836} INFO - DAG(s) dict_keys(['one_task_dag']) retrieved from /workspaces/hands-on-introduction-data-engineering-4395021/airflow/dags/one_task_dag.py
[2025-04-04T16:15:05.749+0000] {logging_mixin.py:150} INFO - [2025-04-04T16:15:05.749+0000] {dag.py:2742} INFO - Sync 1 DAGs
[2025-04-04T16:15:05.762+0000] {logging_mixin.py:150} INFO - [2025-04-04T16:15:05.762+0000] {dag.py:3504} INFO - Setting next_dagrun for one_task_dag to None, run_after=None
[2025-04-04T16:15:05.776+0000] {processor.py:179} INFO - Processing /workspaces/hands-on-introduction-data-engineering-4395021/airflow/dags/one_task_dag.py took 0.056 seconds
[2025-04-04T16:15:35.914+0000] {processor.py:157} INFO - Started process (PID=56700) to work on /workspaces/hands-on-introduction-data-engineering-4395021/airflow/dags/one_task_dag.py
[2025-04-04T16:15:35.915+0000] {processor.py:826} INFO - Processing file /workspaces/hands-on-introduction-data-engineering-4395021/airflow/dags/one_task_dag.py for tasks to queue
[2025-04-04T16:15:35.916+0000] {logging_mixin.py:150} INFO - [2025-04-04T16:15:35.915+0000] {dagbag.py:541} INFO - Filling up the DagBag from /workspaces/hands-on-introduction-data-engineering-4395021/airflow/dags/one_task_dag.py
[2025-04-04T16:15:35.926+0000] {processor.py:836} INFO - DAG(s) dict_keys(['one_task_dag']) retrieved from /workspaces/hands-on-introduction-data-engineering-4395021/airflow/dags/one_task_dag.py
[2025-04-04T16:15:35.949+0000] {logging_mixin.py:150} INFO - [2025-04-04T16:15:35.948+0000] {dag.py:2742} INFO - Sync 1 DAGs
[2025-04-04T16:15:35.963+0000] {logging_mixin.py:150} INFO - [2025-04-04T16:15:35.963+0000] {dag.py:3504} INFO - Setting next_dagrun for one_task_dag to None, run_after=None
[2025-04-04T16:15:35.977+0000] {processor.py:179} INFO - Processing /workspaces/hands-on-introduction-data-engineering-4395021/airflow/dags/one_task_dag.py took 0.066 seconds
[2025-04-04T16:16:06.093+0000] {processor.py:157} INFO - Started process (PID=56867) to work on /workspaces/hands-on-introduction-data-engineering-4395021/airflow/dags/one_task_dag.py
[2025-04-04T16:16:06.093+0000] {processor.py:826} INFO - Processing file /workspaces/hands-on-introduction-data-engineering-4395021/airflow/dags/one_task_dag.py for tasks to queue
[2025-04-04T16:16:06.094+0000] {logging_mixin.py:150} INFO - [2025-04-04T16:16:06.094+0000] {dagbag.py:541} INFO - Filling up the DagBag from /workspaces/hands-on-introduction-data-engineering-4395021/airflow/dags/one_task_dag.py
[2025-04-04T16:16:06.102+0000] {processor.py:836} INFO - DAG(s) dict_keys(['one_task_dag']) retrieved from /workspaces/hands-on-introduction-data-engineering-4395021/airflow/dags/one_task_dag.py
[2025-04-04T16:16:06.120+0000] {logging_mixin.py:150} INFO - [2025-04-04T16:16:06.120+0000] {dag.py:2742} INFO - Sync 1 DAGs
[2025-04-04T16:16:06.134+0000] {logging_mixin.py:150} INFO - [2025-04-04T16:16:06.134+0000] {dag.py:3504} INFO - Setting next_dagrun for one_task_dag to None, run_after=None
[2025-04-04T16:16:06.149+0000] {processor.py:179} INFO - Processing /workspaces/hands-on-introduction-data-engineering-4395021/airflow/dags/one_task_dag.py took 0.059 seconds
[2025-04-04T16:16:36.292+0000] {processor.py:157} INFO - Started process (PID=57042) to work on /workspaces/hands-on-introduction-data-engineering-4395021/airflow/dags/one_task_dag.py
[2025-04-04T16:16:36.293+0000] {processor.py:826} INFO - Processing file /workspaces/hands-on-introduction-data-engineering-4395021/airflow/dags/one_task_dag.py for tasks to queue
[2025-04-04T16:16:36.294+0000] {logging_mixin.py:150} INFO - [2025-04-04T16:16:36.294+0000] {dagbag.py:541} INFO - Filling up the DagBag from /workspaces/hands-on-introduction-data-engineering-4395021/airflow/dags/one_task_dag.py
[2025-04-04T16:16:36.301+0000] {processor.py:836} INFO - DAG(s) dict_keys(['one_task_dag']) retrieved from /workspaces/hands-on-introduction-data-engineering-4395021/airflow/dags/one_task_dag.py
[2025-04-04T16:16:36.319+0000] {logging_mixin.py:150} INFO - [2025-04-04T16:16:36.318+0000] {dag.py:2742} INFO - Sync 1 DAGs
[2025-04-04T16:16:36.332+0000] {logging_mixin.py:150} INFO - [2025-04-04T16:16:36.332+0000] {dag.py:3504} INFO - Setting next_dagrun for one_task_dag to None, run_after=None
[2025-04-04T16:16:36.346+0000] {processor.py:179} INFO - Processing /workspaces/hands-on-introduction-data-engineering-4395021/airflow/dags/one_task_dag.py took 0.056 seconds
[2025-04-04T16:17:06.474+0000] {processor.py:157} INFO - Started process (PID=57218) to work on /workspaces/hands-on-introduction-data-engineering-4395021/airflow/dags/one_task_dag.py
[2025-04-04T16:17:06.475+0000] {processor.py:826} INFO - Processing file /workspaces/hands-on-introduction-data-engineering-4395021/airflow/dags/one_task_dag.py for tasks to queue
[2025-04-04T16:17:06.476+0000] {logging_mixin.py:150} INFO - [2025-04-04T16:17:06.476+0000] {dagbag.py:541} INFO - Filling up the DagBag from /workspaces/hands-on-introduction-data-engineering-4395021/airflow/dags/one_task_dag.py
[2025-04-04T16:17:06.483+0000] {processor.py:836} INFO - DAG(s) dict_keys(['one_task_dag']) retrieved from /workspaces/hands-on-introduction-data-engineering-4395021/airflow/dags/one_task_dag.py
[2025-04-04T16:17:06.501+0000] {logging_mixin.py:150} INFO - [2025-04-04T16:17:06.501+0000] {dag.py:2742} INFO - Sync 1 DAGs
[2025-04-04T16:17:06.516+0000] {logging_mixin.py:150} INFO - [2025-04-04T16:17:06.516+0000] {dag.py:3504} INFO - Setting next_dagrun for one_task_dag to None, run_after=None
[2025-04-04T16:17:06.530+0000] {processor.py:179} INFO - Processing /workspaces/hands-on-introduction-data-engineering-4395021/airflow/dags/one_task_dag.py took 0.058 seconds
[2025-04-04T16:17:36.659+0000] {processor.py:157} INFO - Started process (PID=57387) to work on /workspaces/hands-on-introduction-data-engineering-4395021/airflow/dags/one_task_dag.py
[2025-04-04T16:17:36.660+0000] {processor.py:826} INFO - Processing file /workspaces/hands-on-introduction-data-engineering-4395021/airflow/dags/one_task_dag.py for tasks to queue
[2025-04-04T16:17:36.661+0000] {logging_mixin.py:150} INFO - [2025-04-04T16:17:36.660+0000] {dagbag.py:541} INFO - Filling up the DagBag from /workspaces/hands-on-introduction-data-engineering-4395021/airflow/dags/one_task_dag.py
[2025-04-04T16:17:36.668+0000] {processor.py:836} INFO - DAG(s) dict_keys(['one_task_dag']) retrieved from /workspaces/hands-on-introduction-data-engineering-4395021/airflow/dags/one_task_dag.py
[2025-04-04T16:17:36.686+0000] {logging_mixin.py:150} INFO - [2025-04-04T16:17:36.686+0000] {dag.py:2742} INFO - Sync 1 DAGs
[2025-04-04T16:17:36.699+0000] {logging_mixin.py:150} INFO - [2025-04-04T16:17:36.699+0000] {dag.py:3504} INFO - Setting next_dagrun for one_task_dag to None, run_after=None
[2025-04-04T16:17:36.713+0000] {processor.py:179} INFO - Processing /workspaces/hands-on-introduction-data-engineering-4395021/airflow/dags/one_task_dag.py took 0.056 seconds
[2025-04-04T16:18:06.847+0000] {processor.py:157} INFO - Started process (PID=57560) to work on /workspaces/hands-on-introduction-data-engineering-4395021/airflow/dags/one_task_dag.py
[2025-04-04T16:18:06.848+0000] {processor.py:826} INFO - Processing file /workspaces/hands-on-introduction-data-engineering-4395021/airflow/dags/one_task_dag.py for tasks to queue
[2025-04-04T16:18:06.849+0000] {logging_mixin.py:150} INFO - [2025-04-04T16:18:06.849+0000] {dagbag.py:541} INFO - Filling up the DagBag from /workspaces/hands-on-introduction-data-engineering-4395021/airflow/dags/one_task_dag.py
[2025-04-04T16:18:06.856+0000] {processor.py:836} INFO - DAG(s) dict_keys(['one_task_dag']) retrieved from /workspaces/hands-on-introduction-data-engineering-4395021/airflow/dags/one_task_dag.py
[2025-04-04T16:18:06.875+0000] {logging_mixin.py:150} INFO - [2025-04-04T16:18:06.875+0000] {dag.py:2742} INFO - Sync 1 DAGs
[2025-04-04T16:18:06.888+0000] {logging_mixin.py:150} INFO - [2025-04-04T16:18:06.888+0000] {dag.py:3504} INFO - Setting next_dagrun for one_task_dag to None, run_after=None
[2025-04-04T16:18:06.902+0000] {processor.py:179} INFO - Processing /workspaces/hands-on-introduction-data-engineering-4395021/airflow/dags/one_task_dag.py took 0.059 seconds
[2025-04-04T16:18:37.035+0000] {processor.py:157} INFO - Started process (PID=57728) to work on /workspaces/hands-on-introduction-data-engineering-4395021/airflow/dags/one_task_dag.py
[2025-04-04T16:18:37.036+0000] {processor.py:826} INFO - Processing file /workspaces/hands-on-introduction-data-engineering-4395021/airflow/dags/one_task_dag.py for tasks to queue
[2025-04-04T16:18:37.037+0000] {logging_mixin.py:150} INFO - [2025-04-04T16:18:37.036+0000] {dagbag.py:541} INFO - Filling up the DagBag from /workspaces/hands-on-introduction-data-engineering-4395021/airflow/dags/one_task_dag.py
[2025-04-04T16:18:37.044+0000] {processor.py:836} INFO - DAG(s) dict_keys(['one_task_dag']) retrieved from /workspaces/hands-on-introduction-data-engineering-4395021/airflow/dags/one_task_dag.py
[2025-04-04T16:18:37.062+0000] {logging_mixin.py:150} INFO - [2025-04-04T16:18:37.062+0000] {dag.py:2742} INFO - Sync 1 DAGs
[2025-04-04T16:18:37.076+0000] {logging_mixin.py:150} INFO - [2025-04-04T16:18:37.075+0000] {dag.py:3504} INFO - Setting next_dagrun for one_task_dag to None, run_after=None
[2025-04-04T16:18:37.090+0000] {processor.py:179} INFO - Processing /workspaces/hands-on-introduction-data-engineering-4395021/airflow/dags/one_task_dag.py took 0.057 seconds
[2025-04-04T16:19:07.219+0000] {processor.py:157} INFO - Started process (PID=57904) to work on /workspaces/hands-on-introduction-data-engineering-4395021/airflow/dags/one_task_dag.py
[2025-04-04T16:19:07.220+0000] {processor.py:826} INFO - Processing file /workspaces/hands-on-introduction-data-engineering-4395021/airflow/dags/one_task_dag.py for tasks to queue
[2025-04-04T16:19:07.221+0000] {logging_mixin.py:150} INFO - [2025-04-04T16:19:07.220+0000] {dagbag.py:541} INFO - Filling up the DagBag from /workspaces/hands-on-introduction-data-engineering-4395021/airflow/dags/one_task_dag.py
[2025-04-04T16:19:07.229+0000] {processor.py:836} INFO - DAG(s) dict_keys(['one_task_dag']) retrieved from /workspaces/hands-on-introduction-data-engineering-4395021/airflow/dags/one_task_dag.py
[2025-04-04T16:19:07.247+0000] {logging_mixin.py:150} INFO - [2025-04-04T16:19:07.247+0000] {dag.py:2742} INFO - Sync 1 DAGs
[2025-04-04T16:19:07.261+0000] {logging_mixin.py:150} INFO - [2025-04-04T16:19:07.261+0000] {dag.py:3504} INFO - Setting next_dagrun for one_task_dag to None, run_after=None
[2025-04-04T16:19:07.275+0000] {processor.py:179} INFO - Processing /workspaces/hands-on-introduction-data-engineering-4395021/airflow/dags/one_task_dag.py took 0.059 seconds
[2025-04-04T16:19:37.409+0000] {processor.py:157} INFO - Started process (PID=58074) to work on /workspaces/hands-on-introduction-data-engineering-4395021/airflow/dags/one_task_dag.py
[2025-04-04T16:19:37.409+0000] {processor.py:826} INFO - Processing file /workspaces/hands-on-introduction-data-engineering-4395021/airflow/dags/one_task_dag.py for tasks to queue
[2025-04-04T16:19:37.410+0000] {logging_mixin.py:150} INFO - [2025-04-04T16:19:37.410+0000] {dagbag.py:541} INFO - Filling up the DagBag from /workspaces/hands-on-introduction-data-engineering-4395021/airflow/dags/one_task_dag.py
[2025-04-04T16:19:37.417+0000] {processor.py:836} INFO - DAG(s) dict_keys(['one_task_dag']) retrieved from /workspaces/hands-on-introduction-data-engineering-4395021/airflow/dags/one_task_dag.py
[2025-04-04T16:19:37.435+0000] {logging_mixin.py:150} INFO - [2025-04-04T16:19:37.435+0000] {dag.py:2742} INFO - Sync 1 DAGs
[2025-04-04T16:19:37.448+0000] {logging_mixin.py:150} INFO - [2025-04-04T16:19:37.448+0000] {dag.py:3504} INFO - Setting next_dagrun for one_task_dag to None, run_after=None
[2025-04-04T16:19:37.463+0000] {processor.py:179} INFO - Processing /workspaces/hands-on-introduction-data-engineering-4395021/airflow/dags/one_task_dag.py took 0.056 seconds
[2025-04-04T16:20:07.593+0000] {processor.py:157} INFO - Started process (PID=58250) to work on /workspaces/hands-on-introduction-data-engineering-4395021/airflow/dags/one_task_dag.py
[2025-04-04T16:20:07.594+0000] {processor.py:826} INFO - Processing file /workspaces/hands-on-introduction-data-engineering-4395021/airflow/dags/one_task_dag.py for tasks to queue
[2025-04-04T16:20:07.594+0000] {logging_mixin.py:150} INFO - [2025-04-04T16:20:07.594+0000] {dagbag.py:541} INFO - Filling up the DagBag from /workspaces/hands-on-introduction-data-engineering-4395021/airflow/dags/one_task_dag.py
[2025-04-04T16:20:07.602+0000] {processor.py:836} INFO - DAG(s) dict_keys(['one_task_dag']) retrieved from /workspaces/hands-on-introduction-data-engineering-4395021/airflow/dags/one_task_dag.py
[2025-04-04T16:20:07.620+0000] {logging_mixin.py:150} INFO - [2025-04-04T16:20:07.620+0000] {dag.py:2742} INFO - Sync 1 DAGs
[2025-04-04T16:20:07.633+0000] {logging_mixin.py:150} INFO - [2025-04-04T16:20:07.633+0000] {dag.py:3504} INFO - Setting next_dagrun for one_task_dag to None, run_after=None
[2025-04-04T16:20:07.648+0000] {processor.py:179} INFO - Processing /workspaces/hands-on-introduction-data-engineering-4395021/airflow/dags/one_task_dag.py took 0.057 seconds
[2025-04-04T16:20:37.777+0000] {processor.py:157} INFO - Started process (PID=58426) to work on /workspaces/hands-on-introduction-data-engineering-4395021/airflow/dags/one_task_dag.py
[2025-04-04T16:20:37.778+0000] {processor.py:826} INFO - Processing file /workspaces/hands-on-introduction-data-engineering-4395021/airflow/dags/one_task_dag.py for tasks to queue
[2025-04-04T16:20:37.779+0000] {logging_mixin.py:150} INFO - [2025-04-04T16:20:37.779+0000] {dagbag.py:541} INFO - Filling up the DagBag from /workspaces/hands-on-introduction-data-engineering-4395021/airflow/dags/one_task_dag.py
[2025-04-04T16:20:37.786+0000] {processor.py:836} INFO - DAG(s) dict_keys(['one_task_dag']) retrieved from /workspaces/hands-on-introduction-data-engineering-4395021/airflow/dags/one_task_dag.py
[2025-04-04T16:20:37.804+0000] {logging_mixin.py:150} INFO - [2025-04-04T16:20:37.804+0000] {dag.py:2742} INFO - Sync 1 DAGs
[2025-04-04T16:20:37.817+0000] {logging_mixin.py:150} INFO - [2025-04-04T16:20:37.817+0000] {dag.py:3504} INFO - Setting next_dagrun for one_task_dag to None, run_after=None
[2025-04-04T16:20:37.831+0000] {processor.py:179} INFO - Processing /workspaces/hands-on-introduction-data-engineering-4395021/airflow/dags/one_task_dag.py took 0.057 seconds
[2025-04-04T16:21:07.961+0000] {processor.py:157} INFO - Started process (PID=58590) to work on /workspaces/hands-on-introduction-data-engineering-4395021/airflow/dags/one_task_dag.py
[2025-04-04T16:21:07.962+0000] {processor.py:826} INFO - Processing file /workspaces/hands-on-introduction-data-engineering-4395021/airflow/dags/one_task_dag.py for tasks to queue
[2025-04-04T16:21:07.963+0000] {logging_mixin.py:150} INFO - [2025-04-04T16:21:07.962+0000] {dagbag.py:541} INFO - Filling up the DagBag from /workspaces/hands-on-introduction-data-engineering-4395021/airflow/dags/one_task_dag.py
[2025-04-04T16:21:07.970+0000] {processor.py:836} INFO - DAG(s) dict_keys(['one_task_dag']) retrieved from /workspaces/hands-on-introduction-data-engineering-4395021/airflow/dags/one_task_dag.py
[2025-04-04T16:21:07.988+0000] {logging_mixin.py:150} INFO - [2025-04-04T16:21:07.988+0000] {dag.py:2742} INFO - Sync 1 DAGs
[2025-04-04T16:21:08.002+0000] {logging_mixin.py:150} INFO - [2025-04-04T16:21:08.001+0000] {dag.py:3504} INFO - Setting next_dagrun for one_task_dag to None, run_after=None
[2025-04-04T16:21:08.015+0000] {processor.py:179} INFO - Processing /workspaces/hands-on-introduction-data-engineering-4395021/airflow/dags/one_task_dag.py took 0.057 seconds
