[2025-04-04T15:46:20.118+0000] {processor.py:157} INFO - Started process (PID=46027) to work on /workspaces/hands-on-introduction-data-engineering-4395021/airflow/dags/two_task_dag.py
[2025-04-04T15:46:20.119+0000] {processor.py:826} INFO - Processing file /workspaces/hands-on-introduction-data-engineering-4395021/airflow/dags/two_task_dag.py for tasks to queue
[2025-04-04T15:46:20.119+0000] {logging_mixin.py:150} INFO - [2025-04-04T15:46:20.119+0000] {dagbag.py:541} INFO - Filling up the DagBag from /workspaces/hands-on-introduction-data-engineering-4395021/airflow/dags/two_task_dag.py
[2025-04-04T15:46:20.122+0000] {logging_mixin.py:150} INFO - [2025-04-04T15:46:20.121+0000] {dagbag.py:350} ERROR - Failed to import: /workspaces/hands-on-introduction-data-engineering-4395021/airflow/dags/two_task_dag.py
Traceback (most recent call last):
  File "/home/vscode/.local/lib/python3.10/site-packages/airflow/models/dagbag.py", line 346, in parse
    loader.exec_module(new_module)
  File "<frozen importlib._bootstrap_external>", line 879, in exec_module
  File "<frozen importlib._bootstrap_external>", line 1017, in get_code
  File "<frozen importlib._bootstrap_external>", line 947, in source_to_code
  File "<frozen importlib._bootstrap>", line 241, in _call_with_frames_removed
  File "/workspaces/hands-on-introduction-data-engineering-4395021/airflow/dags/two_task_dag.py", line 19
    description='A two task airflow DAG'
                ^^^^^
SyntaxError: invalid syntax. Perhaps you forgot a comma?
[2025-04-04T15:46:20.122+0000] {processor.py:838} WARNING - No viable dags retrieved from /workspaces/hands-on-introduction-data-engineering-4395021/airflow/dags/two_task_dag.py
[2025-04-04T15:46:20.135+0000] {processor.py:179} INFO - Processing /workspaces/hands-on-introduction-data-engineering-4395021/airflow/dags/two_task_dag.py took 0.019 seconds
[2025-04-04T15:46:45.131+0000] {processor.py:157} INFO - Started process (PID=46190) to work on /workspaces/hands-on-introduction-data-engineering-4395021/airflow/dags/two_task_dag.py
[2025-04-04T15:46:45.132+0000] {processor.py:826} INFO - Processing file /workspaces/hands-on-introduction-data-engineering-4395021/airflow/dags/two_task_dag.py for tasks to queue
[2025-04-04T15:46:45.133+0000] {logging_mixin.py:150} INFO - [2025-04-04T15:46:45.133+0000] {dagbag.py:541} INFO - Filling up the DagBag from /workspaces/hands-on-introduction-data-engineering-4395021/airflow/dags/two_task_dag.py
[2025-04-04T15:46:45.135+0000] {logging_mixin.py:150} INFO - [2025-04-04T15:46:45.135+0000] {dagbag.py:350} ERROR - Failed to import: /workspaces/hands-on-introduction-data-engineering-4395021/airflow/dags/two_task_dag.py
Traceback (most recent call last):
  File "/home/vscode/.local/lib/python3.10/site-packages/airflow/models/dagbag.py", line 346, in parse
    loader.exec_module(new_module)
  File "<frozen importlib._bootstrap_external>", line 879, in exec_module
  File "<frozen importlib._bootstrap_external>", line 1017, in get_code
  File "<frozen importlib._bootstrap_external>", line 947, in source_to_code
  File "<frozen importlib._bootstrap>", line 241, in _call_with_frames_removed
  File "/workspaces/hands-on-introduction-data-engineering-4395021/airflow/dags/two_task_dag.py", line 19
    description='A two task airflow DAG'
                ^^^^^
SyntaxError: invalid syntax. Perhaps you forgot a comma?
[2025-04-04T15:46:45.136+0000] {processor.py:838} WARNING - No viable dags retrieved from /workspaces/hands-on-introduction-data-engineering-4395021/airflow/dags/two_task_dag.py
[2025-04-04T15:46:45.150+0000] {processor.py:179} INFO - Processing /workspaces/hands-on-introduction-data-engineering-4395021/airflow/dags/two_task_dag.py took 0.021 seconds
[2025-04-04T15:47:04.585+0000] {processor.py:157} INFO - Started process (PID=46332) to work on /workspaces/hands-on-introduction-data-engineering-4395021/airflow/dags/two_task_dag.py
[2025-04-04T15:47:04.586+0000] {processor.py:826} INFO - Processing file /workspaces/hands-on-introduction-data-engineering-4395021/airflow/dags/two_task_dag.py for tasks to queue
[2025-04-04T15:47:04.588+0000] {logging_mixin.py:150} INFO - [2025-04-04T15:47:04.587+0000] {dagbag.py:541} INFO - Filling up the DagBag from /workspaces/hands-on-introduction-data-engineering-4395021/airflow/dags/two_task_dag.py
[2025-04-04T15:47:04.591+0000] {logging_mixin.py:150} INFO - [2025-04-04T15:47:04.590+0000] {dagbag.py:350} ERROR - Failed to import: /workspaces/hands-on-introduction-data-engineering-4395021/airflow/dags/two_task_dag.py
Traceback (most recent call last):
  File "/home/vscode/.local/lib/python3.10/site-packages/airflow/models/dagbag.py", line 346, in parse
    loader.exec_module(new_module)
  File "<frozen importlib._bootstrap_external>", line 879, in exec_module
  File "<frozen importlib._bootstrap_external>", line 1017, in get_code
  File "<frozen importlib._bootstrap_external>", line 947, in source_to_code
  File "<frozen importlib._bootstrap>", line 241, in _call_with_frames_removed
  File "/workspaces/hands-on-introduction-data-engineering-4395021/airflow/dags/two_task_dag.py", line 27
    }
    ^
SyntaxError: unmatched '}'
[2025-04-04T15:47:04.591+0000] {processor.py:838} WARNING - No viable dags retrieved from /workspaces/hands-on-introduction-data-engineering-4395021/airflow/dags/two_task_dag.py
[2025-04-04T15:47:04.611+0000] {processor.py:179} INFO - Processing /workspaces/hands-on-introduction-data-engineering-4395021/airflow/dags/two_task_dag.py took 0.034 seconds
[2025-04-04T15:47:05.402+0000] {processor.py:157} INFO - Started process (PID=46338) to work on /workspaces/hands-on-introduction-data-engineering-4395021/airflow/dags/two_task_dag.py
[2025-04-04T15:47:05.402+0000] {processor.py:826} INFO - Processing file /workspaces/hands-on-introduction-data-engineering-4395021/airflow/dags/two_task_dag.py for tasks to queue
[2025-04-04T15:47:05.403+0000] {logging_mixin.py:150} INFO - [2025-04-04T15:47:05.403+0000] {dagbag.py:541} INFO - Filling up the DagBag from /workspaces/hands-on-introduction-data-engineering-4395021/airflow/dags/two_task_dag.py
[2025-04-04T15:47:05.406+0000] {logging_mixin.py:150} INFO - [2025-04-04T15:47:05.405+0000] {dagbag.py:350} ERROR - Failed to import: /workspaces/hands-on-introduction-data-engineering-4395021/airflow/dags/two_task_dag.py
Traceback (most recent call last):
  File "/home/vscode/.local/lib/python3.10/site-packages/airflow/models/dagbag.py", line 346, in parse
    loader.exec_module(new_module)
  File "<frozen importlib._bootstrap_external>", line 879, in exec_module
  File "<frozen importlib._bootstrap_external>", line 1017, in get_code
  File "<frozen importlib._bootstrap_external>", line 947, in source_to_code
  File "<frozen importlib._bootstrap>", line 241, in _call_with_frames_removed
  File "/workspaces/hands-on-introduction-data-engineering-4395021/airflow/dags/two_task_dag.py", line 27
    }
    ^
SyntaxError: closing parenthesis '}' does not match opening parenthesis '(' on line 24
[2025-04-04T15:47:05.406+0000] {processor.py:838} WARNING - No viable dags retrieved from /workspaces/hands-on-introduction-data-engineering-4395021/airflow/dags/two_task_dag.py
[2025-04-04T15:47:05.419+0000] {processor.py:179} INFO - Processing /workspaces/hands-on-introduction-data-engineering-4395021/airflow/dags/two_task_dag.py took 0.020 seconds
[2025-04-04T15:47:08.596+0000] {processor.py:157} INFO - Started process (PID=46354) to work on /workspaces/hands-on-introduction-data-engineering-4395021/airflow/dags/two_task_dag.py
[2025-04-04T15:47:08.596+0000] {processor.py:826} INFO - Processing file /workspaces/hands-on-introduction-data-engineering-4395021/airflow/dags/two_task_dag.py for tasks to queue
[2025-04-04T15:47:08.597+0000] {logging_mixin.py:150} INFO - [2025-04-04T15:47:08.597+0000] {dagbag.py:541} INFO - Filling up the DagBag from /workspaces/hands-on-introduction-data-engineering-4395021/airflow/dags/two_task_dag.py
[2025-04-04T15:47:08.599+0000] {logging_mixin.py:150} INFO - [2025-04-04T15:47:08.599+0000] {dagbag.py:350} ERROR - Failed to import: /workspaces/hands-on-introduction-data-engineering-4395021/airflow/dags/two_task_dag.py
Traceback (most recent call last):
  File "/home/vscode/.local/lib/python3.10/site-packages/airflow/models/dagbag.py", line 346, in parse
    loader.exec_module(new_module)
  File "<frozen importlib._bootstrap_external>", line 879, in exec_module
  File "<frozen importlib._bootstrap_external>", line 1017, in get_code
  File "<frozen importlib._bootstrap_external>", line 947, in source_to_code
  File "<frozen importlib._bootstrap>", line 241, in _call_with_frames_removed
  File "/workspaces/hands-on-introduction-data-engineering-4395021/airflow/dags/two_task_dag.py", line 19
    description='A two task airflow DAG'
                ^^^^^
SyntaxError: invalid syntax. Perhaps you forgot a comma?
[2025-04-04T15:47:08.600+0000] {processor.py:838} WARNING - No viable dags retrieved from /workspaces/hands-on-introduction-data-engineering-4395021/airflow/dags/two_task_dag.py
[2025-04-04T15:47:08.612+0000] {processor.py:179} INFO - Processing /workspaces/hands-on-introduction-data-engineering-4395021/airflow/dags/two_task_dag.py took 0.019 seconds
[2025-04-04T15:47:11.567+0000] {processor.py:157} INFO - Started process (PID=46379) to work on /workspaces/hands-on-introduction-data-engineering-4395021/airflow/dags/two_task_dag.py
[2025-04-04T15:47:11.568+0000] {processor.py:826} INFO - Processing file /workspaces/hands-on-introduction-data-engineering-4395021/airflow/dags/two_task_dag.py for tasks to queue
[2025-04-04T15:47:11.568+0000] {logging_mixin.py:150} INFO - [2025-04-04T15:47:11.568+0000] {dagbag.py:541} INFO - Filling up the DagBag from /workspaces/hands-on-introduction-data-engineering-4395021/airflow/dags/two_task_dag.py
[2025-04-04T15:47:11.571+0000] {logging_mixin.py:150} INFO - [2025-04-04T15:47:11.570+0000] {dagbag.py:350} ERROR - Failed to import: /workspaces/hands-on-introduction-data-engineering-4395021/airflow/dags/two_task_dag.py
Traceback (most recent call last):
  File "/home/vscode/.local/lib/python3.10/site-packages/airflow/models/dagbag.py", line 346, in parse
    loader.exec_module(new_module)
  File "<frozen importlib._bootstrap_external>", line 879, in exec_module
  File "<frozen importlib._bootstrap_external>", line 1017, in get_code
  File "<frozen importlib._bootstrap_external>", line 947, in source_to_code
  File "<frozen importlib._bootstrap>", line 241, in _call_with_frames_removed
  File "/workspaces/hands-on-introduction-data-engineering-4395021/airflow/dags/two_task_dag.py", line 32
    }
    ^
SyntaxError: unmatched '}'
[2025-04-04T15:47:11.571+0000] {processor.py:838} WARNING - No viable dags retrieved from /workspaces/hands-on-introduction-data-engineering-4395021/airflow/dags/two_task_dag.py
[2025-04-04T15:47:11.584+0000] {processor.py:179} INFO - Processing /workspaces/hands-on-introduction-data-engineering-4395021/airflow/dags/two_task_dag.py took 0.019 seconds
[2025-04-04T15:47:14.862+0000] {processor.py:157} INFO - Started process (PID=46395) to work on /workspaces/hands-on-introduction-data-engineering-4395021/airflow/dags/two_task_dag.py
[2025-04-04T15:47:14.863+0000] {processor.py:826} INFO - Processing file /workspaces/hands-on-introduction-data-engineering-4395021/airflow/dags/two_task_dag.py for tasks to queue
[2025-04-04T15:47:14.864+0000] {logging_mixin.py:150} INFO - [2025-04-04T15:47:14.863+0000] {dagbag.py:541} INFO - Filling up the DagBag from /workspaces/hands-on-introduction-data-engineering-4395021/airflow/dags/two_task_dag.py
[2025-04-04T15:47:14.867+0000] {logging_mixin.py:150} INFO - [2025-04-04T15:47:14.866+0000] {dagbag.py:350} ERROR - Failed to import: /workspaces/hands-on-introduction-data-engineering-4395021/airflow/dags/two_task_dag.py
Traceback (most recent call last):
  File "/home/vscode/.local/lib/python3.10/site-packages/airflow/models/dagbag.py", line 346, in parse
    loader.exec_module(new_module)
  File "<frozen importlib._bootstrap_external>", line 879, in exec_module
  File "<frozen importlib._bootstrap_external>", line 1017, in get_code
  File "<frozen importlib._bootstrap_external>", line 947, in source_to_code
  File "<frozen importlib._bootstrap>", line 241, in _call_with_frames_removed
  File "/workspaces/hands-on-introduction-data-engineering-4395021/airflow/dags/two_task_dag.py", line 32
    }
    ^
SyntaxError: closing parenthesis '}' does not match opening parenthesis '(' on line 29
[2025-04-04T15:47:14.867+0000] {processor.py:838} WARNING - No viable dags retrieved from /workspaces/hands-on-introduction-data-engineering-4395021/airflow/dags/two_task_dag.py
[2025-04-04T15:47:14.883+0000] {processor.py:179} INFO - Processing /workspaces/hands-on-introduction-data-engineering-4395021/airflow/dags/two_task_dag.py took 0.026 seconds
[2025-04-04T15:47:17.643+0000] {processor.py:157} INFO - Started process (PID=46415) to work on /workspaces/hands-on-introduction-data-engineering-4395021/airflow/dags/two_task_dag.py
[2025-04-04T15:47:17.644+0000] {processor.py:826} INFO - Processing file /workspaces/hands-on-introduction-data-engineering-4395021/airflow/dags/two_task_dag.py for tasks to queue
[2025-04-04T15:47:17.644+0000] {logging_mixin.py:150} INFO - [2025-04-04T15:47:17.644+0000] {dagbag.py:541} INFO - Filling up the DagBag from /workspaces/hands-on-introduction-data-engineering-4395021/airflow/dags/two_task_dag.py
[2025-04-04T15:47:17.647+0000] {logging_mixin.py:150} INFO - [2025-04-04T15:47:17.646+0000] {dagbag.py:350} ERROR - Failed to import: /workspaces/hands-on-introduction-data-engineering-4395021/airflow/dags/two_task_dag.py
Traceback (most recent call last):
  File "/home/vscode/.local/lib/python3.10/site-packages/airflow/models/dagbag.py", line 346, in parse
    loader.exec_module(new_module)
  File "<frozen importlib._bootstrap_external>", line 879, in exec_module
  File "<frozen importlib._bootstrap_external>", line 1017, in get_code
  File "<frozen importlib._bootstrap_external>", line 947, in source_to_code
  File "<frozen importlib._bootstrap>", line 241, in _call_with_frames_removed
  File "/workspaces/hands-on-introduction-data-engineering-4395021/airflow/dags/two_task_dag.py", line 19
    description='A two task airflow DAG'
                ^^^^^
SyntaxError: invalid syntax. Perhaps you forgot a comma?
[2025-04-04T15:47:17.647+0000] {processor.py:838} WARNING - No viable dags retrieved from /workspaces/hands-on-introduction-data-engineering-4395021/airflow/dags/two_task_dag.py
[2025-04-04T15:47:17.661+0000] {processor.py:179} INFO - Processing /workspaces/hands-on-introduction-data-engineering-4395021/airflow/dags/two_task_dag.py took 0.020 seconds
[2025-04-04T15:47:33.744+0000] {processor.py:157} INFO - Started process (PID=46523) to work on /workspaces/hands-on-introduction-data-engineering-4395021/airflow/dags/two_task_dag.py
[2025-04-04T15:47:33.744+0000] {processor.py:826} INFO - Processing file /workspaces/hands-on-introduction-data-engineering-4395021/airflow/dags/two_task_dag.py for tasks to queue
[2025-04-04T15:47:33.745+0000] {logging_mixin.py:150} INFO - [2025-04-04T15:47:33.745+0000] {dagbag.py:541} INFO - Filling up the DagBag from /workspaces/hands-on-introduction-data-engineering-4395021/airflow/dags/two_task_dag.py
[2025-04-04T15:47:33.747+0000] {logging_mixin.py:150} INFO - [2025-04-04T15:47:33.747+0000] {dagbag.py:350} ERROR - Failed to import: /workspaces/hands-on-introduction-data-engineering-4395021/airflow/dags/two_task_dag.py
Traceback (most recent call last):
  File "/home/vscode/.local/lib/python3.10/site-packages/airflow/models/dagbag.py", line 346, in parse
    loader.exec_module(new_module)
  File "<frozen importlib._bootstrap_external>", line 879, in exec_module
  File "<frozen importlib._bootstrap_external>", line 1017, in get_code
  File "<frozen importlib._bootstrap_external>", line 947, in source_to_code
  File "<frozen importlib._bootstrap>", line 241, in _call_with_frames_removed
  File "/workspaces/hands-on-introduction-data-engineering-4395021/airflow/dags/two_task_dag.py", line 17
    description='A two task airflow DAG'
                ^^^^^
SyntaxError: invalid syntax. Perhaps you forgot a comma?
[2025-04-04T15:47:33.747+0000] {processor.py:838} WARNING - No viable dags retrieved from /workspaces/hands-on-introduction-data-engineering-4395021/airflow/dags/two_task_dag.py
[2025-04-04T15:47:33.760+0000] {processor.py:179} INFO - Processing /workspaces/hands-on-introduction-data-engineering-4395021/airflow/dags/two_task_dag.py took 0.020 seconds
[2025-04-04T15:47:38.782+0000] {processor.py:157} INFO - Started process (PID=46551) to work on /workspaces/hands-on-introduction-data-engineering-4395021/airflow/dags/two_task_dag.py
[2025-04-04T15:47:38.783+0000] {processor.py:826} INFO - Processing file /workspaces/hands-on-introduction-data-engineering-4395021/airflow/dags/two_task_dag.py for tasks to queue
[2025-04-04T15:47:38.783+0000] {logging_mixin.py:150} INFO - [2025-04-04T15:47:38.783+0000] {dagbag.py:541} INFO - Filling up the DagBag from /workspaces/hands-on-introduction-data-engineering-4395021/airflow/dags/two_task_dag.py
[2025-04-04T15:47:38.786+0000] {logging_mixin.py:150} INFO - [2025-04-04T15:47:38.785+0000] {dagbag.py:350} ERROR - Failed to import: /workspaces/hands-on-introduction-data-engineering-4395021/airflow/dags/two_task_dag.py
Traceback (most recent call last):
  File "/home/vscode/.local/lib/python3.10/site-packages/airflow/models/dagbag.py", line 346, in parse
    loader.exec_module(new_module)
  File "<frozen importlib._bootstrap_external>", line 879, in exec_module
  File "<frozen importlib._bootstrap_external>", line 1017, in get_code
  File "<frozen importlib._bootstrap_external>", line 947, in source_to_code
  File "<frozen importlib._bootstrap>", line 241, in _call_with_frames_removed
  File "/workspaces/hands-on-introduction-data-engineering-4395021/airflow/dags/two_task_dag.py", line 18
    description='A two task airflow DAG'
                ^^^^^
SyntaxError: invalid syntax. Perhaps you forgot a comma?
[2025-04-04T15:47:38.786+0000] {processor.py:838} WARNING - No viable dags retrieved from /workspaces/hands-on-introduction-data-engineering-4395021/airflow/dags/two_task_dag.py
[2025-04-04T15:47:38.799+0000] {processor.py:179} INFO - Processing /workspaces/hands-on-introduction-data-engineering-4395021/airflow/dags/two_task_dag.py took 0.020 seconds
[2025-04-04T15:47:43.883+0000] {processor.py:157} INFO - Started process (PID=46591) to work on /workspaces/hands-on-introduction-data-engineering-4395021/airflow/dags/two_task_dag.py
[2025-04-04T15:47:43.884+0000] {processor.py:826} INFO - Processing file /workspaces/hands-on-introduction-data-engineering-4395021/airflow/dags/two_task_dag.py for tasks to queue
[2025-04-04T15:47:43.885+0000] {logging_mixin.py:150} INFO - [2025-04-04T15:47:43.884+0000] {dagbag.py:541} INFO - Filling up the DagBag from /workspaces/hands-on-introduction-data-engineering-4395021/airflow/dags/two_task_dag.py
[2025-04-04T15:47:43.887+0000] {logging_mixin.py:150} INFO - [2025-04-04T15:47:43.886+0000] {dagbag.py:350} ERROR - Failed to import: /workspaces/hands-on-introduction-data-engineering-4395021/airflow/dags/two_task_dag.py
Traceback (most recent call last):
  File "/home/vscode/.local/lib/python3.10/site-packages/airflow/models/dagbag.py", line 346, in parse
    loader.exec_module(new_module)
  File "<frozen importlib._bootstrap_external>", line 879, in exec_module
  File "<frozen importlib._bootstrap_external>", line 1017, in get_code
  File "<frozen importlib._bootstrap_external>", line 947, in source_to_code
  File "<frozen importlib._bootstrap>", line 241, in _call_with_frames_removed
  File "/workspaces/hands-on-introduction-data-engineering-4395021/airflow/dags/two_task_dag.py", line 4
    from airf
             ^
SyntaxError: invalid syntax
[2025-04-04T15:47:43.887+0000] {processor.py:838} WARNING - No viable dags retrieved from /workspaces/hands-on-introduction-data-engineering-4395021/airflow/dags/two_task_dag.py
[2025-04-04T15:47:43.901+0000] {processor.py:179} INFO - Processing /workspaces/hands-on-introduction-data-engineering-4395021/airflow/dags/two_task_dag.py took 0.020 seconds
[2025-04-04T15:47:50.440+0000] {processor.py:157} INFO - Started process (PID=46633) to work on /workspaces/hands-on-introduction-data-engineering-4395021/airflow/dags/two_task_dag.py
[2025-04-04T15:47:50.441+0000] {processor.py:826} INFO - Processing file /workspaces/hands-on-introduction-data-engineering-4395021/airflow/dags/two_task_dag.py for tasks to queue
[2025-04-04T15:47:50.441+0000] {logging_mixin.py:150} INFO - [2025-04-04T15:47:50.441+0000] {dagbag.py:541} INFO - Filling up the DagBag from /workspaces/hands-on-introduction-data-engineering-4395021/airflow/dags/two_task_dag.py
[2025-04-04T15:47:50.444+0000] {logging_mixin.py:150} INFO - [2025-04-04T15:47:50.443+0000] {dagbag.py:350} ERROR - Failed to import: /workspaces/hands-on-introduction-data-engineering-4395021/airflow/dags/two_task_dag.py
Traceback (most recent call last):
  File "/home/vscode/.local/lib/python3.10/site-packages/airflow/models/dagbag.py", line 346, in parse
    loader.exec_module(new_module)
  File "<frozen importlib._bootstrap_external>", line 879, in exec_module
  File "<frozen importlib._bootstrap_external>", line 1017, in get_code
  File "<frozen importlib._bootstrap_external>", line 947, in source_to_code
  File "<frozen importlib._bootstrap>", line 241, in _call_with_frames_removed
  File "/workspaces/hands-on-introduction-data-engineering-4395021/airflow/dags/two_task_dag.py", line 18
    description='A two task airflow DAG'
                ^^^^^
SyntaxError: invalid syntax. Perhaps you forgot a comma?
[2025-04-04T15:47:50.444+0000] {processor.py:838} WARNING - No viable dags retrieved from /workspaces/hands-on-introduction-data-engineering-4395021/airflow/dags/two_task_dag.py
[2025-04-04T15:47:50.457+0000] {processor.py:179} INFO - Processing /workspaces/hands-on-introduction-data-engineering-4395021/airflow/dags/two_task_dag.py took 0.020 seconds
[2025-04-04T15:47:52.952+0000] {processor.py:157} INFO - Started process (PID=46654) to work on /workspaces/hands-on-introduction-data-engineering-4395021/airflow/dags/two_task_dag.py
[2025-04-04T15:47:52.953+0000] {processor.py:826} INFO - Processing file /workspaces/hands-on-introduction-data-engineering-4395021/airflow/dags/two_task_dag.py for tasks to queue
[2025-04-04T15:47:52.954+0000] {logging_mixin.py:150} INFO - [2025-04-04T15:47:52.953+0000] {dagbag.py:541} INFO - Filling up the DagBag from /workspaces/hands-on-introduction-data-engineering-4395021/airflow/dags/two_task_dag.py
[2025-04-04T15:47:52.957+0000] {logging_mixin.py:150} INFO - [2025-04-04T15:47:52.956+0000] {dagbag.py:350} ERROR - Failed to import: /workspaces/hands-on-introduction-data-engineering-4395021/airflow/dags/two_task_dag.py
Traceback (most recent call last):
  File "/home/vscode/.local/lib/python3.10/site-packages/airflow/models/dagbag.py", line 346, in parse
    loader.exec_module(new_module)
  File "<frozen importlib._bootstrap_external>", line 879, in exec_module
  File "<frozen importlib._bootstrap_external>", line 1017, in get_code
  File "<frozen importlib._bootstrap_external>", line 947, in source_to_code
  File "<frozen importlib._bootstrap>", line 241, in _call_with_frames_removed
  File "/workspaces/hands-on-introduction-data-engineering-4395021/airflow/dags/two_task_dag.py", line 18
    description='A two task airflow DAG'
                ^^^^^
SyntaxError: invalid syntax. Perhaps you forgot a comma?
[2025-04-04T15:47:52.957+0000] {processor.py:838} WARNING - No viable dags retrieved from /workspaces/hands-on-introduction-data-engineering-4395021/airflow/dags/two_task_dag.py
[2025-04-04T15:47:52.975+0000] {processor.py:179} INFO - Processing /workspaces/hands-on-introduction-data-engineering-4395021/airflow/dags/two_task_dag.py took 0.027 seconds
[2025-04-04T15:48:17.081+0000] {processor.py:157} INFO - Started process (PID=46837) to work on /workspaces/hands-on-introduction-data-engineering-4395021/airflow/dags/two_task_dag.py
[2025-04-04T15:48:17.081+0000] {processor.py:826} INFO - Processing file /workspaces/hands-on-introduction-data-engineering-4395021/airflow/dags/two_task_dag.py for tasks to queue
[2025-04-04T15:48:17.082+0000] {logging_mixin.py:150} INFO - [2025-04-04T15:48:17.082+0000] {dagbag.py:541} INFO - Filling up the DagBag from /workspaces/hands-on-introduction-data-engineering-4395021/airflow/dags/two_task_dag.py
[2025-04-04T15:48:17.085+0000] {logging_mixin.py:150} INFO - [2025-04-04T15:48:17.084+0000] {dagbag.py:350} ERROR - Failed to import: /workspaces/hands-on-introduction-data-engineering-4395021/airflow/dags/two_task_dag.py
Traceback (most recent call last):
  File "/home/vscode/.local/lib/python3.10/site-packages/airflow/models/dagbag.py", line 346, in parse
    loader.exec_module(new_module)
  File "<frozen importlib._bootstrap_external>", line 879, in exec_module
  File "<frozen importlib._bootstrap_external>", line 1017, in get_code
  File "<frozen importlib._bootstrap_external>", line 947, in source_to_code
  File "<frozen importlib._bootstrap>", line 241, in _call_with_frames_removed
  File "/workspaces/hands-on-introduction-data-engineering-4395021/airflow/dags/two_task_dag.py", line 21
    ) as dag:
    ^
SyntaxError: unmatched ')'
[2025-04-04T15:48:17.085+0000] {processor.py:838} WARNING - No viable dags retrieved from /workspaces/hands-on-introduction-data-engineering-4395021/airflow/dags/two_task_dag.py
[2025-04-04T15:48:17.098+0000] {processor.py:179} INFO - Processing /workspaces/hands-on-introduction-data-engineering-4395021/airflow/dags/two_task_dag.py took 0.020 seconds
[2025-04-04T15:48:18.213+0000] {processor.py:157} INFO - Started process (PID=46845) to work on /workspaces/hands-on-introduction-data-engineering-4395021/airflow/dags/two_task_dag.py
[2025-04-04T15:48:18.214+0000] {processor.py:826} INFO - Processing file /workspaces/hands-on-introduction-data-engineering-4395021/airflow/dags/two_task_dag.py for tasks to queue
[2025-04-04T15:48:18.215+0000] {logging_mixin.py:150} INFO - [2025-04-04T15:48:18.215+0000] {dagbag.py:541} INFO - Filling up the DagBag from /workspaces/hands-on-introduction-data-engineering-4395021/airflow/dags/two_task_dag.py
[2025-04-04T15:48:18.217+0000] {logging_mixin.py:150} INFO - [2025-04-04T15:48:18.217+0000] {dagbag.py:350} ERROR - Failed to import: /workspaces/hands-on-introduction-data-engineering-4395021/airflow/dags/two_task_dag.py
Traceback (most recent call last):
  File "/home/vscode/.local/lib/python3.10/site-packages/airflow/models/dagbag.py", line 346, in parse
    loader.exec_module(new_module)
  File "<frozen importlib._bootstrap_external>", line 879, in exec_module
  File "<frozen importlib._bootstrap_external>", line 1017, in get_code
  File "<frozen importlib._bootstrap_external>", line 947, in source_to_code
  File "<frozen importlib._bootstrap>", line 241, in _call_with_frames_removed
  File "/workspaces/hands-on-introduction-data-engineering-4395021/airflow/dags/two_task_dag.py", line 21
    ) as dag:
    ^
SyntaxError: unmatched ')'
[2025-04-04T15:48:18.218+0000] {processor.py:838} WARNING - No viable dags retrieved from /workspaces/hands-on-introduction-data-engineering-4395021/airflow/dags/two_task_dag.py
[2025-04-04T15:48:18.231+0000] {processor.py:179} INFO - Processing /workspaces/hands-on-introduction-data-engineering-4395021/airflow/dags/two_task_dag.py took 0.020 seconds
[2025-04-04T15:48:19.753+0000] {processor.py:157} INFO - Started process (PID=46848) to work on /workspaces/hands-on-introduction-data-engineering-4395021/airflow/dags/two_task_dag.py
[2025-04-04T15:48:19.753+0000] {processor.py:826} INFO - Processing file /workspaces/hands-on-introduction-data-engineering-4395021/airflow/dags/two_task_dag.py for tasks to queue
[2025-04-04T15:48:19.754+0000] {logging_mixin.py:150} INFO - [2025-04-04T15:48:19.754+0000] {dagbag.py:541} INFO - Filling up the DagBag from /workspaces/hands-on-introduction-data-engineering-4395021/airflow/dags/two_task_dag.py
[2025-04-04T15:48:19.756+0000] {logging_mixin.py:150} INFO - [2025-04-04T15:48:19.756+0000] {dagbag.py:350} ERROR - Failed to import: /workspaces/hands-on-introduction-data-engineering-4395021/airflow/dags/two_task_dag.py
Traceback (most recent call last):
  File "/home/vscode/.local/lib/python3.10/site-packages/airflow/models/dagbag.py", line 346, in parse
    loader.exec_module(new_module)
  File "<frozen importlib._bootstrap_external>", line 879, in exec_module
  File "<frozen importlib._bootstrap_external>", line 1017, in get_code
  File "<frozen importlib._bootstrap_external>", line 947, in source_to_code
  File "<frozen importlib._bootstrap>", line 241, in _call_with_frames_removed
  File "/workspaces/hands-on-introduction-data-engineering-4395021/airflow/dags/two_task_dag.py", line 21
    ) as dag:
    ^
SyntaxError: closing parenthesis ')' does not match opening parenthesis '{' on line 16
[2025-04-04T15:48:19.757+0000] {processor.py:838} WARNING - No viable dags retrieved from /workspaces/hands-on-introduction-data-engineering-4395021/airflow/dags/two_task_dag.py
[2025-04-04T15:48:19.770+0000] {processor.py:179} INFO - Processing /workspaces/hands-on-introduction-data-engineering-4395021/airflow/dags/two_task_dag.py took 0.020 seconds
[2025-04-04T15:48:25.292+0000] {processor.py:157} INFO - Started process (PID=46889) to work on /workspaces/hands-on-introduction-data-engineering-4395021/airflow/dags/two_task_dag.py
[2025-04-04T15:48:25.292+0000] {processor.py:826} INFO - Processing file /workspaces/hands-on-introduction-data-engineering-4395021/airflow/dags/two_task_dag.py for tasks to queue
[2025-04-04T15:48:25.293+0000] {logging_mixin.py:150} INFO - [2025-04-04T15:48:25.293+0000] {dagbag.py:541} INFO - Filling up the DagBag from /workspaces/hands-on-introduction-data-engineering-4395021/airflow/dags/two_task_dag.py
[2025-04-04T15:48:25.295+0000] {logging_mixin.py:150} INFO - [2025-04-04T15:48:25.295+0000] {dagbag.py:350} ERROR - Failed to import: /workspaces/hands-on-introduction-data-engineering-4395021/airflow/dags/two_task_dag.py
Traceback (most recent call last):
  File "/home/vscode/.local/lib/python3.10/site-packages/airflow/models/dagbag.py", line 346, in parse
    loader.exec_module(new_module)
  File "<frozen importlib._bootstrap_external>", line 879, in exec_module
  File "<frozen importlib._bootstrap_external>", line 1017, in get_code
  File "<frozen importlib._bootstrap_external>", line 947, in source_to_code
  File "<frozen importlib._bootstrap>", line 241, in _call_with_frames_removed
  File "/workspaces/hands-on-introduction-data-engineering-4395021/airflow/dags/two_task_dag.py", line 16
    with DAG{
            ^
SyntaxError: '{' was never closed
[2025-04-04T15:48:25.296+0000] {processor.py:838} WARNING - No viable dags retrieved from /workspaces/hands-on-introduction-data-engineering-4395021/airflow/dags/two_task_dag.py
[2025-04-04T15:48:25.309+0000] {processor.py:179} INFO - Processing /workspaces/hands-on-introduction-data-engineering-4395021/airflow/dags/two_task_dag.py took 0.020 seconds
[2025-04-04T15:48:27.248+0000] {processor.py:157} INFO - Started process (PID=46908) to work on /workspaces/hands-on-introduction-data-engineering-4395021/airflow/dags/two_task_dag.py
[2025-04-04T15:48:27.249+0000] {processor.py:826} INFO - Processing file /workspaces/hands-on-introduction-data-engineering-4395021/airflow/dags/two_task_dag.py for tasks to queue
[2025-04-04T15:48:27.249+0000] {logging_mixin.py:150} INFO - [2025-04-04T15:48:27.249+0000] {dagbag.py:541} INFO - Filling up the DagBag from /workspaces/hands-on-introduction-data-engineering-4395021/airflow/dags/two_task_dag.py
[2025-04-04T15:48:27.252+0000] {logging_mixin.py:150} INFO - [2025-04-04T15:48:27.251+0000] {dagbag.py:350} ERROR - Failed to import: /workspaces/hands-on-introduction-data-engineering-4395021/airflow/dags/two_task_dag.py
Traceback (most recent call last):
  File "/home/vscode/.local/lib/python3.10/site-packages/airflow/models/dagbag.py", line 346, in parse
    loader.exec_module(new_module)
  File "<frozen importlib._bootstrap_external>", line 879, in exec_module
  File "<frozen importlib._bootstrap_external>", line 1017, in get_code
  File "<frozen importlib._bootstrap_external>", line 947, in source_to_code
  File "<frozen importlib._bootstrap>", line 241, in _call_with_frames_removed
  File "/workspaces/hands-on-introduction-data-engineering-4395021/airflow/dags/two_task_dag.py", line 17
    dag_id='one_task_dag', 
    ^^^^^^^^^^^^^^^^^^^^^
SyntaxError: invalid syntax. Maybe you meant '==' or ':=' instead of '='?
[2025-04-04T15:48:27.252+0000] {processor.py:838} WARNING - No viable dags retrieved from /workspaces/hands-on-introduction-data-engineering-4395021/airflow/dags/two_task_dag.py
[2025-04-04T15:48:27.265+0000] {processor.py:179} INFO - Processing /workspaces/hands-on-introduction-data-engineering-4395021/airflow/dags/two_task_dag.py took 0.020 seconds
[2025-04-04T15:48:33.354+0000] {processor.py:157} INFO - Started process (PID=46949) to work on /workspaces/hands-on-introduction-data-engineering-4395021/airflow/dags/two_task_dag.py
[2025-04-04T15:48:33.355+0000] {processor.py:826} INFO - Processing file /workspaces/hands-on-introduction-data-engineering-4395021/airflow/dags/two_task_dag.py for tasks to queue
[2025-04-04T15:48:33.356+0000] {logging_mixin.py:150} INFO - [2025-04-04T15:48:33.355+0000] {dagbag.py:541} INFO - Filling up the DagBag from /workspaces/hands-on-introduction-data-engineering-4395021/airflow/dags/two_task_dag.py
[2025-04-04T15:48:33.358+0000] {logging_mixin.py:150} INFO - [2025-04-04T15:48:33.357+0000] {dagbag.py:350} ERROR - Failed to import: /workspaces/hands-on-introduction-data-engineering-4395021/airflow/dags/two_task_dag.py
Traceback (most recent call last):
  File "/home/vscode/.local/lib/python3.10/site-packages/airflow/models/dagbag.py", line 346, in parse
    loader.exec_module(new_module)
  File "<frozen importlib._bootstrap_external>", line 879, in exec_module
  File "<frozen importlib._bootstrap_external>", line 1017, in get_code
  File "<frozen importlib._bootstrap_external>", line 947, in source_to_code
  File "<frozen importlib._bootstrap>", line 241, in _call_with_frames_removed
  File "/workspaces/hands-on-introduction-data-engineering-4395021/airflow/dags/two_task_dag.py", line 18
    description='A two task airflow DAG'
                ^^^^^
SyntaxError: invalid syntax. Perhaps you forgot a comma?
[2025-04-04T15:48:33.358+0000] {processor.py:838} WARNING - No viable dags retrieved from /workspaces/hands-on-introduction-data-engineering-4395021/airflow/dags/two_task_dag.py
[2025-04-04T15:48:33.372+0000] {processor.py:179} INFO - Processing /workspaces/hands-on-introduction-data-engineering-4395021/airflow/dags/two_task_dag.py took 0.021 seconds
[2025-04-04T15:49:03.606+0000] {processor.py:157} INFO - Started process (PID=47161) to work on /workspaces/hands-on-introduction-data-engineering-4395021/airflow/dags/two_task_dag.py
[2025-04-04T15:49:03.607+0000] {processor.py:826} INFO - Processing file /workspaces/hands-on-introduction-data-engineering-4395021/airflow/dags/two_task_dag.py for tasks to queue
[2025-04-04T15:49:03.607+0000] {logging_mixin.py:150} INFO - [2025-04-04T15:49:03.607+0000] {dagbag.py:541} INFO - Filling up the DagBag from /workspaces/hands-on-introduction-data-engineering-4395021/airflow/dags/two_task_dag.py
[2025-04-04T15:49:03.610+0000] {logging_mixin.py:150} INFO - [2025-04-04T15:49:03.609+0000] {dagbag.py:350} ERROR - Failed to import: /workspaces/hands-on-introduction-data-engineering-4395021/airflow/dags/two_task_dag.py
Traceback (most recent call last):
  File "/home/vscode/.local/lib/python3.10/site-packages/airflow/models/dagbag.py", line 346, in parse
    loader.exec_module(new_module)
  File "<frozen importlib._bootstrap_external>", line 879, in exec_module
  File "<frozen importlib._bootstrap_external>", line 1017, in get_code
  File "<frozen importlib._bootstrap_external>", line 947, in source_to_code
  File "<frozen importlib._bootstrap>", line 241, in _call_with_frames_removed
  File "/workspaces/hands-on-introduction-data-engineering-4395021/airflow/dags/two_task_dag.py", line 18
    description='A two task airflow DAG'
                ^^^^^
SyntaxError: invalid syntax. Perhaps you forgot a comma?
[2025-04-04T15:49:03.610+0000] {processor.py:838} WARNING - No viable dags retrieved from /workspaces/hands-on-introduction-data-engineering-4395021/airflow/dags/two_task_dag.py
[2025-04-04T15:49:03.623+0000] {processor.py:179} INFO - Processing /workspaces/hands-on-introduction-data-engineering-4395021/airflow/dags/two_task_dag.py took 0.020 seconds
[2025-04-04T15:49:25.895+0000] {processor.py:157} INFO - Started process (PID=47291) to work on /workspaces/hands-on-introduction-data-engineering-4395021/airflow/dags/two_task_dag.py
[2025-04-04T15:49:25.896+0000] {processor.py:826} INFO - Processing file /workspaces/hands-on-introduction-data-engineering-4395021/airflow/dags/two_task_dag.py for tasks to queue
[2025-04-04T15:49:25.897+0000] {logging_mixin.py:150} INFO - [2025-04-04T15:49:25.896+0000] {dagbag.py:541} INFO - Filling up the DagBag from /workspaces/hands-on-introduction-data-engineering-4395021/airflow/dags/two_task_dag.py
[2025-04-04T15:49:25.907+0000] {processor.py:836} INFO - DAG(s) dict_keys(['two_task_dag']) retrieved from /workspaces/hands-on-introduction-data-engineering-4395021/airflow/dags/two_task_dag.py
[2025-04-04T15:49:25.979+0000] {logging_mixin.py:150} INFO - [2025-04-04T15:49:25.978+0000] {manager.py:504} INFO - Created Permission View: can edit on DAG:two_task_dag
[2025-04-04T15:49:25.986+0000] {logging_mixin.py:150} INFO - [2025-04-04T15:49:25.986+0000] {manager.py:504} INFO - Created Permission View: can read on DAG:two_task_dag
[2025-04-04T15:49:25.991+0000] {logging_mixin.py:150} INFO - [2025-04-04T15:49:25.991+0000] {manager.py:504} INFO - Created Permission View: can delete on DAG:two_task_dag
[2025-04-04T15:49:25.998+0000] {logging_mixin.py:150} INFO - [2025-04-04T15:49:25.998+0000] {dag.py:2742} INFO - Sync 1 DAGs
[2025-04-04T15:49:26.008+0000] {logging_mixin.py:150} INFO - [2025-04-04T15:49:26.007+0000] {dag.py:2763} INFO - Creating ORM DAG for two_task_dag
[2025-04-04T15:49:26.013+0000] {logging_mixin.py:150} INFO - [2025-04-04T15:49:26.013+0000] {dag.py:3504} INFO - Setting next_dagrun for two_task_dag to None, run_after=None
[2025-04-04T15:49:26.028+0000] {processor.py:179} INFO - Processing /workspaces/hands-on-introduction-data-engineering-4395021/airflow/dags/two_task_dag.py took 0.136 seconds
[2025-04-04T15:49:36.880+0000] {processor.py:157} INFO - Started process (PID=47359) to work on /workspaces/hands-on-introduction-data-engineering-4395021/airflow/dags/two_task_dag.py
[2025-04-04T15:49:36.880+0000] {processor.py:826} INFO - Processing file /workspaces/hands-on-introduction-data-engineering-4395021/airflow/dags/two_task_dag.py for tasks to queue
[2025-04-04T15:49:36.881+0000] {logging_mixin.py:150} INFO - [2025-04-04T15:49:36.881+0000] {dagbag.py:541} INFO - Filling up the DagBag from /workspaces/hands-on-introduction-data-engineering-4395021/airflow/dags/two_task_dag.py
[2025-04-04T15:49:36.891+0000] {processor.py:836} INFO - DAG(s) dict_keys(['two_task_dag']) retrieved from /workspaces/hands-on-introduction-data-engineering-4395021/airflow/dags/two_task_dag.py
[2025-04-04T15:49:36.897+0000] {logging_mixin.py:150} INFO - [2025-04-04T15:49:36.897+0000] {dag.py:2742} INFO - Sync 1 DAGs
[2025-04-04T15:49:36.912+0000] {logging_mixin.py:150} INFO - [2025-04-04T15:49:36.912+0000] {dag.py:3504} INFO - Setting next_dagrun for two_task_dag to None, run_after=None
[2025-04-04T15:49:36.928+0000] {processor.py:179} INFO - Processing /workspaces/hands-on-introduction-data-engineering-4395021/airflow/dags/two_task_dag.py took 0.050 seconds
[2025-04-04T15:49:39.042+0000] {processor.py:157} INFO - Started process (PID=47372) to work on /workspaces/hands-on-introduction-data-engineering-4395021/airflow/dags/two_task_dag.py
[2025-04-04T15:49:39.042+0000] {processor.py:826} INFO - Processing file /workspaces/hands-on-introduction-data-engineering-4395021/airflow/dags/two_task_dag.py for tasks to queue
[2025-04-04T15:49:39.043+0000] {logging_mixin.py:150} INFO - [2025-04-04T15:49:39.043+0000] {dagbag.py:541} INFO - Filling up the DagBag from /workspaces/hands-on-introduction-data-engineering-4395021/airflow/dags/two_task_dag.py
[2025-04-04T15:49:39.052+0000] {processor.py:836} INFO - DAG(s) dict_keys(['two_task_dag']) retrieved from /workspaces/hands-on-introduction-data-engineering-4395021/airflow/dags/two_task_dag.py
[2025-04-04T15:49:39.059+0000] {logging_mixin.py:150} INFO - [2025-04-04T15:49:39.059+0000] {dag.py:2742} INFO - Sync 1 DAGs
[2025-04-04T15:49:39.074+0000] {logging_mixin.py:150} INFO - [2025-04-04T15:49:39.074+0000] {dag.py:3504} INFO - Setting next_dagrun for two_task_dag to None, run_after=None
[2025-04-04T15:49:39.089+0000] {processor.py:179} INFO - Processing /workspaces/hands-on-introduction-data-engineering-4395021/airflow/dags/two_task_dag.py took 0.050 seconds
[2025-04-04T15:50:09.219+0000] {processor.py:157} INFO - Started process (PID=47614) to work on /workspaces/hands-on-introduction-data-engineering-4395021/airflow/dags/two_task_dag.py
[2025-04-04T15:50:09.219+0000] {processor.py:826} INFO - Processing file /workspaces/hands-on-introduction-data-engineering-4395021/airflow/dags/two_task_dag.py for tasks to queue
[2025-04-04T15:50:09.220+0000] {logging_mixin.py:150} INFO - [2025-04-04T15:50:09.220+0000] {dagbag.py:541} INFO - Filling up the DagBag from /workspaces/hands-on-introduction-data-engineering-4395021/airflow/dags/two_task_dag.py
[2025-04-04T15:50:09.229+0000] {processor.py:836} INFO - DAG(s) dict_keys(['two_task_dag']) retrieved from /workspaces/hands-on-introduction-data-engineering-4395021/airflow/dags/two_task_dag.py
[2025-04-04T15:50:09.246+0000] {logging_mixin.py:150} INFO - [2025-04-04T15:50:09.245+0000] {dag.py:2742} INFO - Sync 1 DAGs
[2025-04-04T15:50:09.259+0000] {logging_mixin.py:150} INFO - [2025-04-04T15:50:09.259+0000] {dag.py:3504} INFO - Setting next_dagrun for two_task_dag to None, run_after=None
[2025-04-04T15:50:09.273+0000] {processor.py:179} INFO - Processing /workspaces/hands-on-introduction-data-engineering-4395021/airflow/dags/two_task_dag.py took 0.057 seconds
[2025-04-04T15:50:39.511+0000] {processor.py:157} INFO - Started process (PID=47957) to work on /workspaces/hands-on-introduction-data-engineering-4395021/airflow/dags/two_task_dag.py
[2025-04-04T15:50:39.511+0000] {processor.py:826} INFO - Processing file /workspaces/hands-on-introduction-data-engineering-4395021/airflow/dags/two_task_dag.py for tasks to queue
[2025-04-04T15:50:39.512+0000] {logging_mixin.py:150} INFO - [2025-04-04T15:50:39.512+0000] {dagbag.py:541} INFO - Filling up the DagBag from /workspaces/hands-on-introduction-data-engineering-4395021/airflow/dags/two_task_dag.py
[2025-04-04T15:50:39.521+0000] {processor.py:836} INFO - DAG(s) dict_keys(['two_task_dag']) retrieved from /workspaces/hands-on-introduction-data-engineering-4395021/airflow/dags/two_task_dag.py
[2025-04-04T15:50:39.538+0000] {logging_mixin.py:150} INFO - [2025-04-04T15:50:39.538+0000] {dag.py:2742} INFO - Sync 1 DAGs
[2025-04-04T15:50:39.552+0000] {logging_mixin.py:150} INFO - [2025-04-04T15:50:39.551+0000] {dag.py:3504} INFO - Setting next_dagrun for two_task_dag to None, run_after=None
[2025-04-04T15:50:39.565+0000] {processor.py:179} INFO - Processing /workspaces/hands-on-introduction-data-engineering-4395021/airflow/dags/two_task_dag.py took 0.057 seconds
[2025-04-04T15:51:09.815+0000] {processor.py:157} INFO - Started process (PID=48206) to work on /workspaces/hands-on-introduction-data-engineering-4395021/airflow/dags/two_task_dag.py
[2025-04-04T15:51:09.816+0000] {processor.py:826} INFO - Processing file /workspaces/hands-on-introduction-data-engineering-4395021/airflow/dags/two_task_dag.py for tasks to queue
[2025-04-04T15:51:09.817+0000] {logging_mixin.py:150} INFO - [2025-04-04T15:51:09.816+0000] {dagbag.py:541} INFO - Filling up the DagBag from /workspaces/hands-on-introduction-data-engineering-4395021/airflow/dags/two_task_dag.py
[2025-04-04T15:51:09.826+0000] {processor.py:836} INFO - DAG(s) dict_keys(['two_task_dag']) retrieved from /workspaces/hands-on-introduction-data-engineering-4395021/airflow/dags/two_task_dag.py
[2025-04-04T15:51:09.843+0000] {logging_mixin.py:150} INFO - [2025-04-04T15:51:09.843+0000] {dag.py:2742} INFO - Sync 1 DAGs
[2025-04-04T15:51:09.856+0000] {logging_mixin.py:150} INFO - [2025-04-04T15:51:09.856+0000] {dag.py:3504} INFO - Setting next_dagrun for two_task_dag to None, run_after=None
[2025-04-04T15:51:09.869+0000] {processor.py:179} INFO - Processing /workspaces/hands-on-introduction-data-engineering-4395021/airflow/dags/two_task_dag.py took 0.056 seconds
[2025-04-04T15:51:40.118+0000] {processor.py:157} INFO - Started process (PID=48473) to work on /workspaces/hands-on-introduction-data-engineering-4395021/airflow/dags/two_task_dag.py
[2025-04-04T15:51:40.119+0000] {processor.py:826} INFO - Processing file /workspaces/hands-on-introduction-data-engineering-4395021/airflow/dags/two_task_dag.py for tasks to queue
[2025-04-04T15:51:40.120+0000] {logging_mixin.py:150} INFO - [2025-04-04T15:51:40.119+0000] {dagbag.py:541} INFO - Filling up the DagBag from /workspaces/hands-on-introduction-data-engineering-4395021/airflow/dags/two_task_dag.py
[2025-04-04T15:51:40.128+0000] {processor.py:836} INFO - DAG(s) dict_keys(['two_task_dag']) retrieved from /workspaces/hands-on-introduction-data-engineering-4395021/airflow/dags/two_task_dag.py
[2025-04-04T15:51:40.144+0000] {logging_mixin.py:150} INFO - [2025-04-04T15:51:40.144+0000] {dag.py:2742} INFO - Sync 1 DAGs
[2025-04-04T15:51:40.157+0000] {logging_mixin.py:150} INFO - [2025-04-04T15:51:40.157+0000] {dag.py:3504} INFO - Setting next_dagrun for two_task_dag to None, run_after=None
[2025-04-04T15:51:40.171+0000] {processor.py:179} INFO - Processing /workspaces/hands-on-introduction-data-engineering-4395021/airflow/dags/two_task_dag.py took 0.056 seconds
[2025-04-04T15:52:10.954+0000] {processor.py:157} INFO - Started process (PID=48658) to work on /workspaces/hands-on-introduction-data-engineering-4395021/airflow/dags/two_task_dag.py
[2025-04-04T15:52:10.955+0000] {processor.py:826} INFO - Processing file /workspaces/hands-on-introduction-data-engineering-4395021/airflow/dags/two_task_dag.py for tasks to queue
[2025-04-04T15:52:10.955+0000] {logging_mixin.py:150} INFO - [2025-04-04T15:52:10.955+0000] {dagbag.py:541} INFO - Filling up the DagBag from /workspaces/hands-on-introduction-data-engineering-4395021/airflow/dags/two_task_dag.py
[2025-04-04T15:52:10.964+0000] {processor.py:836} INFO - DAG(s) dict_keys(['two_task_dag']) retrieved from /workspaces/hands-on-introduction-data-engineering-4395021/airflow/dags/two_task_dag.py
[2025-04-04T15:52:10.981+0000] {logging_mixin.py:150} INFO - [2025-04-04T15:52:10.981+0000] {dag.py:2742} INFO - Sync 1 DAGs
[2025-04-04T15:52:11.000+0000] {logging_mixin.py:150} INFO - [2025-04-04T15:52:11.000+0000] {dag.py:3504} INFO - Setting next_dagrun for two_task_dag to None, run_after=None
[2025-04-04T15:52:11.020+0000] {processor.py:179} INFO - Processing /workspaces/hands-on-introduction-data-engineering-4395021/airflow/dags/two_task_dag.py took 0.068 seconds
[2025-04-04T15:52:41.243+0000] {processor.py:157} INFO - Started process (PID=48834) to work on /workspaces/hands-on-introduction-data-engineering-4395021/airflow/dags/two_task_dag.py
[2025-04-04T15:52:41.244+0000] {processor.py:826} INFO - Processing file /workspaces/hands-on-introduction-data-engineering-4395021/airflow/dags/two_task_dag.py for tasks to queue
[2025-04-04T15:52:41.245+0000] {logging_mixin.py:150} INFO - [2025-04-04T15:52:41.244+0000] {dagbag.py:541} INFO - Filling up the DagBag from /workspaces/hands-on-introduction-data-engineering-4395021/airflow/dags/two_task_dag.py
[2025-04-04T15:52:41.253+0000] {processor.py:836} INFO - DAG(s) dict_keys(['two_task_dag']) retrieved from /workspaces/hands-on-introduction-data-engineering-4395021/airflow/dags/two_task_dag.py
[2025-04-04T15:52:41.269+0000] {logging_mixin.py:150} INFO - [2025-04-04T15:52:41.269+0000] {dag.py:2742} INFO - Sync 1 DAGs
[2025-04-04T15:52:41.283+0000] {logging_mixin.py:150} INFO - [2025-04-04T15:52:41.283+0000] {dag.py:3504} INFO - Setting next_dagrun for two_task_dag to None, run_after=None
[2025-04-04T15:52:41.296+0000] {processor.py:179} INFO - Processing /workspaces/hands-on-introduction-data-engineering-4395021/airflow/dags/two_task_dag.py took 0.057 seconds
[2025-04-04T15:53:11.503+0000] {processor.py:157} INFO - Started process (PID=49019) to work on /workspaces/hands-on-introduction-data-engineering-4395021/airflow/dags/two_task_dag.py
[2025-04-04T15:53:11.504+0000] {processor.py:826} INFO - Processing file /workspaces/hands-on-introduction-data-engineering-4395021/airflow/dags/two_task_dag.py for tasks to queue
[2025-04-04T15:53:11.505+0000] {logging_mixin.py:150} INFO - [2025-04-04T15:53:11.504+0000] {dagbag.py:541} INFO - Filling up the DagBag from /workspaces/hands-on-introduction-data-engineering-4395021/airflow/dags/two_task_dag.py
[2025-04-04T15:53:11.514+0000] {processor.py:836} INFO - DAG(s) dict_keys(['two_task_dag']) retrieved from /workspaces/hands-on-introduction-data-engineering-4395021/airflow/dags/two_task_dag.py
[2025-04-04T15:53:11.532+0000] {logging_mixin.py:150} INFO - [2025-04-04T15:53:11.532+0000] {dag.py:2742} INFO - Sync 1 DAGs
[2025-04-04T15:53:11.546+0000] {logging_mixin.py:150} INFO - [2025-04-04T15:53:11.546+0000] {dag.py:3504} INFO - Setting next_dagrun for two_task_dag to None, run_after=None
[2025-04-04T15:53:11.559+0000] {processor.py:179} INFO - Processing /workspaces/hands-on-introduction-data-engineering-4395021/airflow/dags/two_task_dag.py took 0.058 seconds
[2025-04-04T15:53:41.705+0000] {processor.py:157} INFO - Started process (PID=49195) to work on /workspaces/hands-on-introduction-data-engineering-4395021/airflow/dags/two_task_dag.py
[2025-04-04T15:53:41.706+0000] {processor.py:826} INFO - Processing file /workspaces/hands-on-introduction-data-engineering-4395021/airflow/dags/two_task_dag.py for tasks to queue
[2025-04-04T15:53:41.707+0000] {logging_mixin.py:150} INFO - [2025-04-04T15:53:41.706+0000] {dagbag.py:541} INFO - Filling up the DagBag from /workspaces/hands-on-introduction-data-engineering-4395021/airflow/dags/two_task_dag.py
[2025-04-04T15:53:41.715+0000] {processor.py:836} INFO - DAG(s) dict_keys(['two_task_dag']) retrieved from /workspaces/hands-on-introduction-data-engineering-4395021/airflow/dags/two_task_dag.py
[2025-04-04T15:53:41.732+0000] {logging_mixin.py:150} INFO - [2025-04-04T15:53:41.732+0000] {dag.py:2742} INFO - Sync 1 DAGs
[2025-04-04T15:53:41.746+0000] {logging_mixin.py:150} INFO - [2025-04-04T15:53:41.746+0000] {dag.py:3504} INFO - Setting next_dagrun for two_task_dag to None, run_after=None
[2025-04-04T15:53:41.759+0000] {processor.py:179} INFO - Processing /workspaces/hands-on-introduction-data-engineering-4395021/airflow/dags/two_task_dag.py took 0.057 seconds
[2025-04-04T15:54:11.880+0000] {processor.py:157} INFO - Started process (PID=49365) to work on /workspaces/hands-on-introduction-data-engineering-4395021/airflow/dags/two_task_dag.py
[2025-04-04T15:54:11.880+0000] {processor.py:826} INFO - Processing file /workspaces/hands-on-introduction-data-engineering-4395021/airflow/dags/two_task_dag.py for tasks to queue
[2025-04-04T15:54:11.881+0000] {logging_mixin.py:150} INFO - [2025-04-04T15:54:11.881+0000] {dagbag.py:541} INFO - Filling up the DagBag from /workspaces/hands-on-introduction-data-engineering-4395021/airflow/dags/two_task_dag.py
[2025-04-04T15:54:11.889+0000] {processor.py:836} INFO - DAG(s) dict_keys(['two_task_dag']) retrieved from /workspaces/hands-on-introduction-data-engineering-4395021/airflow/dags/two_task_dag.py
[2025-04-04T15:54:11.907+0000] {logging_mixin.py:150} INFO - [2025-04-04T15:54:11.906+0000] {dag.py:2742} INFO - Sync 1 DAGs
[2025-04-04T15:54:11.920+0000] {logging_mixin.py:150} INFO - [2025-04-04T15:54:11.920+0000] {dag.py:3504} INFO - Setting next_dagrun for two_task_dag to None, run_after=None
[2025-04-04T15:54:11.934+0000] {processor.py:179} INFO - Processing /workspaces/hands-on-introduction-data-engineering-4395021/airflow/dags/two_task_dag.py took 0.057 seconds
[2025-04-04T15:54:42.066+0000] {processor.py:157} INFO - Started process (PID=49542) to work on /workspaces/hands-on-introduction-data-engineering-4395021/airflow/dags/two_task_dag.py
[2025-04-04T15:54:42.066+0000] {processor.py:826} INFO - Processing file /workspaces/hands-on-introduction-data-engineering-4395021/airflow/dags/two_task_dag.py for tasks to queue
[2025-04-04T15:54:42.067+0000] {logging_mixin.py:150} INFO - [2025-04-04T15:54:42.067+0000] {dagbag.py:541} INFO - Filling up the DagBag from /workspaces/hands-on-introduction-data-engineering-4395021/airflow/dags/two_task_dag.py
[2025-04-04T15:54:42.075+0000] {processor.py:836} INFO - DAG(s) dict_keys(['two_task_dag']) retrieved from /workspaces/hands-on-introduction-data-engineering-4395021/airflow/dags/two_task_dag.py
[2025-04-04T15:54:42.092+0000] {logging_mixin.py:150} INFO - [2025-04-04T15:54:42.092+0000] {dag.py:2742} INFO - Sync 1 DAGs
[2025-04-04T15:54:42.105+0000] {logging_mixin.py:150} INFO - [2025-04-04T15:54:42.105+0000] {dag.py:3504} INFO - Setting next_dagrun for two_task_dag to None, run_after=None
[2025-04-04T15:54:42.119+0000] {processor.py:179} INFO - Processing /workspaces/hands-on-introduction-data-engineering-4395021/airflow/dags/two_task_dag.py took 0.056 seconds
[2025-04-04T15:55:12.254+0000] {processor.py:157} INFO - Started process (PID=49712) to work on /workspaces/hands-on-introduction-data-engineering-4395021/airflow/dags/two_task_dag.py
[2025-04-04T15:55:12.254+0000] {processor.py:826} INFO - Processing file /workspaces/hands-on-introduction-data-engineering-4395021/airflow/dags/two_task_dag.py for tasks to queue
[2025-04-04T15:55:12.255+0000] {logging_mixin.py:150} INFO - [2025-04-04T15:55:12.255+0000] {dagbag.py:541} INFO - Filling up the DagBag from /workspaces/hands-on-introduction-data-engineering-4395021/airflow/dags/two_task_dag.py
[2025-04-04T15:55:12.264+0000] {processor.py:836} INFO - DAG(s) dict_keys(['two_task_dag']) retrieved from /workspaces/hands-on-introduction-data-engineering-4395021/airflow/dags/two_task_dag.py
[2025-04-04T15:55:12.280+0000] {logging_mixin.py:150} INFO - [2025-04-04T15:55:12.280+0000] {dag.py:2742} INFO - Sync 1 DAGs
[2025-04-04T15:55:12.294+0000] {logging_mixin.py:150} INFO - [2025-04-04T15:55:12.294+0000] {dag.py:3504} INFO - Setting next_dagrun for two_task_dag to None, run_after=None
[2025-04-04T15:55:12.308+0000] {processor.py:179} INFO - Processing /workspaces/hands-on-introduction-data-engineering-4395021/airflow/dags/two_task_dag.py took 0.057 seconds
[2025-04-04T15:55:42.443+0000] {processor.py:157} INFO - Started process (PID=49882) to work on /workspaces/hands-on-introduction-data-engineering-4395021/airflow/dags/two_task_dag.py
[2025-04-04T15:55:42.443+0000] {processor.py:826} INFO - Processing file /workspaces/hands-on-introduction-data-engineering-4395021/airflow/dags/two_task_dag.py for tasks to queue
[2025-04-04T15:55:42.444+0000] {logging_mixin.py:150} INFO - [2025-04-04T15:55:42.444+0000] {dagbag.py:541} INFO - Filling up the DagBag from /workspaces/hands-on-introduction-data-engineering-4395021/airflow/dags/two_task_dag.py
[2025-04-04T15:55:42.452+0000] {processor.py:836} INFO - DAG(s) dict_keys(['two_task_dag']) retrieved from /workspaces/hands-on-introduction-data-engineering-4395021/airflow/dags/two_task_dag.py
[2025-04-04T15:55:42.469+0000] {logging_mixin.py:150} INFO - [2025-04-04T15:55:42.469+0000] {dag.py:2742} INFO - Sync 1 DAGs
[2025-04-04T15:55:42.482+0000] {logging_mixin.py:150} INFO - [2025-04-04T15:55:42.482+0000] {dag.py:3504} INFO - Setting next_dagrun for two_task_dag to None, run_after=None
[2025-04-04T15:55:42.496+0000] {processor.py:179} INFO - Processing /workspaces/hands-on-introduction-data-engineering-4395021/airflow/dags/two_task_dag.py took 0.056 seconds
[2025-04-04T15:56:12.648+0000] {processor.py:157} INFO - Started process (PID=50058) to work on /workspaces/hands-on-introduction-data-engineering-4395021/airflow/dags/two_task_dag.py
[2025-04-04T15:56:12.648+0000] {processor.py:826} INFO - Processing file /workspaces/hands-on-introduction-data-engineering-4395021/airflow/dags/two_task_dag.py for tasks to queue
[2025-04-04T15:56:12.649+0000] {logging_mixin.py:150} INFO - [2025-04-04T15:56:12.649+0000] {dagbag.py:541} INFO - Filling up the DagBag from /workspaces/hands-on-introduction-data-engineering-4395021/airflow/dags/two_task_dag.py
[2025-04-04T15:56:12.658+0000] {processor.py:836} INFO - DAG(s) dict_keys(['two_task_dag']) retrieved from /workspaces/hands-on-introduction-data-engineering-4395021/airflow/dags/two_task_dag.py
[2025-04-04T15:56:12.676+0000] {logging_mixin.py:150} INFO - [2025-04-04T15:56:12.676+0000] {dag.py:2742} INFO - Sync 1 DAGs
[2025-04-04T15:56:12.697+0000] {logging_mixin.py:150} INFO - [2025-04-04T15:56:12.697+0000] {dag.py:3504} INFO - Setting next_dagrun for two_task_dag to None, run_after=None
[2025-04-04T15:56:12.718+0000] {processor.py:179} INFO - Processing /workspaces/hands-on-introduction-data-engineering-4395021/airflow/dags/two_task_dag.py took 0.072 seconds
[2025-04-04T15:56:42.818+0000] {processor.py:157} INFO - Started process (PID=50228) to work on /workspaces/hands-on-introduction-data-engineering-4395021/airflow/dags/two_task_dag.py
[2025-04-04T15:56:42.819+0000] {processor.py:826} INFO - Processing file /workspaces/hands-on-introduction-data-engineering-4395021/airflow/dags/two_task_dag.py for tasks to queue
[2025-04-04T15:56:42.819+0000] {logging_mixin.py:150} INFO - [2025-04-04T15:56:42.819+0000] {dagbag.py:541} INFO - Filling up the DagBag from /workspaces/hands-on-introduction-data-engineering-4395021/airflow/dags/two_task_dag.py
[2025-04-04T15:56:42.828+0000] {processor.py:836} INFO - DAG(s) dict_keys(['two_task_dag']) retrieved from /workspaces/hands-on-introduction-data-engineering-4395021/airflow/dags/two_task_dag.py
[2025-04-04T15:56:42.845+0000] {logging_mixin.py:150} INFO - [2025-04-04T15:56:42.845+0000] {dag.py:2742} INFO - Sync 1 DAGs
[2025-04-04T15:56:42.864+0000] {logging_mixin.py:150} INFO - [2025-04-04T15:56:42.863+0000] {dag.py:3504} INFO - Setting next_dagrun for two_task_dag to None, run_after=None
[2025-04-04T15:56:42.883+0000] {processor.py:179} INFO - Processing /workspaces/hands-on-introduction-data-engineering-4395021/airflow/dags/two_task_dag.py took 0.067 seconds
[2025-04-04T15:57:13.004+0000] {processor.py:157} INFO - Started process (PID=50404) to work on /workspaces/hands-on-introduction-data-engineering-4395021/airflow/dags/two_task_dag.py
[2025-04-04T15:57:13.005+0000] {processor.py:826} INFO - Processing file /workspaces/hands-on-introduction-data-engineering-4395021/airflow/dags/two_task_dag.py for tasks to queue
[2025-04-04T15:57:13.005+0000] {logging_mixin.py:150} INFO - [2025-04-04T15:57:13.005+0000] {dagbag.py:541} INFO - Filling up the DagBag from /workspaces/hands-on-introduction-data-engineering-4395021/airflow/dags/two_task_dag.py
[2025-04-04T15:57:13.014+0000] {processor.py:836} INFO - DAG(s) dict_keys(['two_task_dag']) retrieved from /workspaces/hands-on-introduction-data-engineering-4395021/airflow/dags/two_task_dag.py
[2025-04-04T15:57:13.030+0000] {logging_mixin.py:150} INFO - [2025-04-04T15:57:13.030+0000] {dag.py:2742} INFO - Sync 1 DAGs
[2025-04-04T15:57:13.049+0000] {logging_mixin.py:150} INFO - [2025-04-04T15:57:13.048+0000] {dag.py:3504} INFO - Setting next_dagrun for two_task_dag to None, run_after=None
[2025-04-04T15:57:13.069+0000] {processor.py:179} INFO - Processing /workspaces/hands-on-introduction-data-engineering-4395021/airflow/dags/two_task_dag.py took 0.067 seconds
[2025-04-04T15:57:43.196+0000] {processor.py:157} INFO - Started process (PID=50568) to work on /workspaces/hands-on-introduction-data-engineering-4395021/airflow/dags/two_task_dag.py
[2025-04-04T15:57:43.197+0000] {processor.py:826} INFO - Processing file /workspaces/hands-on-introduction-data-engineering-4395021/airflow/dags/two_task_dag.py for tasks to queue
[2025-04-04T15:57:43.198+0000] {logging_mixin.py:150} INFO - [2025-04-04T15:57:43.197+0000] {dagbag.py:541} INFO - Filling up the DagBag from /workspaces/hands-on-introduction-data-engineering-4395021/airflow/dags/two_task_dag.py
[2025-04-04T15:57:43.210+0000] {processor.py:836} INFO - DAG(s) dict_keys(['two_task_dag']) retrieved from /workspaces/hands-on-introduction-data-engineering-4395021/airflow/dags/two_task_dag.py
[2025-04-04T15:57:43.247+0000] {logging_mixin.py:150} INFO - [2025-04-04T15:57:43.247+0000] {dag.py:2742} INFO - Sync 1 DAGs
[2025-04-04T15:57:43.274+0000] {logging_mixin.py:150} INFO - [2025-04-04T15:57:43.274+0000] {dag.py:3504} INFO - Setting next_dagrun for two_task_dag to None, run_after=None
[2025-04-04T15:57:43.292+0000] {processor.py:179} INFO - Processing /workspaces/hands-on-introduction-data-engineering-4395021/airflow/dags/two_task_dag.py took 0.101 seconds
[2025-04-04T15:58:14.402+0000] {processor.py:157} INFO - Started process (PID=50758) to work on /workspaces/hands-on-introduction-data-engineering-4395021/airflow/dags/two_task_dag.py
[2025-04-04T15:58:14.403+0000] {processor.py:826} INFO - Processing file /workspaces/hands-on-introduction-data-engineering-4395021/airflow/dags/two_task_dag.py for tasks to queue
[2025-04-04T15:58:14.403+0000] {logging_mixin.py:150} INFO - [2025-04-04T15:58:14.403+0000] {dagbag.py:541} INFO - Filling up the DagBag from /workspaces/hands-on-introduction-data-engineering-4395021/airflow/dags/two_task_dag.py
[2025-04-04T15:58:14.411+0000] {processor.py:836} INFO - DAG(s) dict_keys(['two_task_dag']) retrieved from /workspaces/hands-on-introduction-data-engineering-4395021/airflow/dags/two_task_dag.py
[2025-04-04T15:58:14.429+0000] {logging_mixin.py:150} INFO - [2025-04-04T15:58:14.429+0000] {dag.py:2742} INFO - Sync 1 DAGs
[2025-04-04T15:58:14.442+0000] {logging_mixin.py:150} INFO - [2025-04-04T15:58:14.442+0000] {dag.py:3504} INFO - Setting next_dagrun for two_task_dag to None, run_after=None
[2025-04-04T15:58:14.456+0000] {processor.py:179} INFO - Processing /workspaces/hands-on-introduction-data-engineering-4395021/airflow/dags/two_task_dag.py took 0.057 seconds
[2025-04-04T15:58:44.588+0000] {processor.py:157} INFO - Started process (PID=50927) to work on /workspaces/hands-on-introduction-data-engineering-4395021/airflow/dags/two_task_dag.py
[2025-04-04T15:58:44.589+0000] {processor.py:826} INFO - Processing file /workspaces/hands-on-introduction-data-engineering-4395021/airflow/dags/two_task_dag.py for tasks to queue
[2025-04-04T15:58:44.590+0000] {logging_mixin.py:150} INFO - [2025-04-04T15:58:44.589+0000] {dagbag.py:541} INFO - Filling up the DagBag from /workspaces/hands-on-introduction-data-engineering-4395021/airflow/dags/two_task_dag.py
[2025-04-04T15:58:44.598+0000] {processor.py:836} INFO - DAG(s) dict_keys(['two_task_dag']) retrieved from /workspaces/hands-on-introduction-data-engineering-4395021/airflow/dags/two_task_dag.py
[2025-04-04T15:58:44.621+0000] {logging_mixin.py:150} INFO - [2025-04-04T15:58:44.621+0000] {dag.py:2742} INFO - Sync 1 DAGs
[2025-04-04T15:58:44.641+0000] {logging_mixin.py:150} INFO - [2025-04-04T15:58:44.641+0000] {dag.py:3504} INFO - Setting next_dagrun for two_task_dag to None, run_after=None
[2025-04-04T15:58:44.656+0000] {processor.py:179} INFO - Processing /workspaces/hands-on-introduction-data-engineering-4395021/airflow/dags/two_task_dag.py took 0.070 seconds
[2025-04-04T15:59:14.776+0000] {processor.py:157} INFO - Started process (PID=51097) to work on /workspaces/hands-on-introduction-data-engineering-4395021/airflow/dags/two_task_dag.py
[2025-04-04T15:59:14.777+0000] {processor.py:826} INFO - Processing file /workspaces/hands-on-introduction-data-engineering-4395021/airflow/dags/two_task_dag.py for tasks to queue
[2025-04-04T15:59:14.777+0000] {logging_mixin.py:150} INFO - [2025-04-04T15:59:14.777+0000] {dagbag.py:541} INFO - Filling up the DagBag from /workspaces/hands-on-introduction-data-engineering-4395021/airflow/dags/two_task_dag.py
[2025-04-04T15:59:14.786+0000] {processor.py:836} INFO - DAG(s) dict_keys(['two_task_dag']) retrieved from /workspaces/hands-on-introduction-data-engineering-4395021/airflow/dags/two_task_dag.py
[2025-04-04T15:59:14.803+0000] {logging_mixin.py:150} INFO - [2025-04-04T15:59:14.803+0000] {dag.py:2742} INFO - Sync 1 DAGs
[2025-04-04T15:59:14.816+0000] {logging_mixin.py:150} INFO - [2025-04-04T15:59:14.816+0000] {dag.py:3504} INFO - Setting next_dagrun for two_task_dag to None, run_after=None
[2025-04-04T15:59:14.830+0000] {processor.py:179} INFO - Processing /workspaces/hands-on-introduction-data-engineering-4395021/airflow/dags/two_task_dag.py took 0.058 seconds
[2025-04-04T15:59:44.965+0000] {processor.py:157} INFO - Started process (PID=51273) to work on /workspaces/hands-on-introduction-data-engineering-4395021/airflow/dags/two_task_dag.py
[2025-04-04T15:59:44.965+0000] {processor.py:826} INFO - Processing file /workspaces/hands-on-introduction-data-engineering-4395021/airflow/dags/two_task_dag.py for tasks to queue
[2025-04-04T15:59:44.966+0000] {logging_mixin.py:150} INFO - [2025-04-04T15:59:44.966+0000] {dagbag.py:541} INFO - Filling up the DagBag from /workspaces/hands-on-introduction-data-engineering-4395021/airflow/dags/two_task_dag.py
[2025-04-04T15:59:44.975+0000] {processor.py:836} INFO - DAG(s) dict_keys(['two_task_dag']) retrieved from /workspaces/hands-on-introduction-data-engineering-4395021/airflow/dags/two_task_dag.py
[2025-04-04T15:59:44.992+0000] {logging_mixin.py:150} INFO - [2025-04-04T15:59:44.992+0000] {dag.py:2742} INFO - Sync 1 DAGs
[2025-04-04T15:59:45.006+0000] {logging_mixin.py:150} INFO - [2025-04-04T15:59:45.006+0000] {dag.py:3504} INFO - Setting next_dagrun for two_task_dag to None, run_after=None
[2025-04-04T15:59:45.020+0000] {processor.py:179} INFO - Processing /workspaces/hands-on-introduction-data-engineering-4395021/airflow/dags/two_task_dag.py took 0.058 seconds
[2025-04-04T16:00:15.153+0000] {processor.py:157} INFO - Started process (PID=51449) to work on /workspaces/hands-on-introduction-data-engineering-4395021/airflow/dags/two_task_dag.py
[2025-04-04T16:00:15.153+0000] {processor.py:826} INFO - Processing file /workspaces/hands-on-introduction-data-engineering-4395021/airflow/dags/two_task_dag.py for tasks to queue
[2025-04-04T16:00:15.154+0000] {logging_mixin.py:150} INFO - [2025-04-04T16:00:15.154+0000] {dagbag.py:541} INFO - Filling up the DagBag from /workspaces/hands-on-introduction-data-engineering-4395021/airflow/dags/two_task_dag.py
[2025-04-04T16:00:15.162+0000] {processor.py:836} INFO - DAG(s) dict_keys(['two_task_dag']) retrieved from /workspaces/hands-on-introduction-data-engineering-4395021/airflow/dags/two_task_dag.py
[2025-04-04T16:00:15.180+0000] {logging_mixin.py:150} INFO - [2025-04-04T16:00:15.179+0000] {dag.py:2742} INFO - Sync 1 DAGs
[2025-04-04T16:00:15.194+0000] {logging_mixin.py:150} INFO - [2025-04-04T16:00:15.194+0000] {dag.py:3504} INFO - Setting next_dagrun for two_task_dag to None, run_after=None
[2025-04-04T16:00:15.208+0000] {processor.py:179} INFO - Processing /workspaces/hands-on-introduction-data-engineering-4395021/airflow/dags/two_task_dag.py took 0.058 seconds
[2025-04-04T16:00:45.342+0000] {processor.py:157} INFO - Started process (PID=51619) to work on /workspaces/hands-on-introduction-data-engineering-4395021/airflow/dags/two_task_dag.py
[2025-04-04T16:00:45.343+0000] {processor.py:826} INFO - Processing file /workspaces/hands-on-introduction-data-engineering-4395021/airflow/dags/two_task_dag.py for tasks to queue
[2025-04-04T16:00:45.344+0000] {logging_mixin.py:150} INFO - [2025-04-04T16:00:45.344+0000] {dagbag.py:541} INFO - Filling up the DagBag from /workspaces/hands-on-introduction-data-engineering-4395021/airflow/dags/two_task_dag.py
[2025-04-04T16:00:45.352+0000] {processor.py:836} INFO - DAG(s) dict_keys(['two_task_dag']) retrieved from /workspaces/hands-on-introduction-data-engineering-4395021/airflow/dags/two_task_dag.py
[2025-04-04T16:00:45.369+0000] {logging_mixin.py:150} INFO - [2025-04-04T16:00:45.369+0000] {dag.py:2742} INFO - Sync 1 DAGs
[2025-04-04T16:00:45.383+0000] {logging_mixin.py:150} INFO - [2025-04-04T16:00:45.383+0000] {dag.py:3504} INFO - Setting next_dagrun for two_task_dag to None, run_after=None
[2025-04-04T16:00:45.396+0000] {processor.py:179} INFO - Processing /workspaces/hands-on-introduction-data-engineering-4395021/airflow/dags/two_task_dag.py took 0.057 seconds
[2025-04-04T16:01:15.548+0000] {processor.py:157} INFO - Started process (PID=51796) to work on /workspaces/hands-on-introduction-data-engineering-4395021/airflow/dags/two_task_dag.py
[2025-04-04T16:01:15.549+0000] {processor.py:826} INFO - Processing file /workspaces/hands-on-introduction-data-engineering-4395021/airflow/dags/two_task_dag.py for tasks to queue
[2025-04-04T16:01:15.550+0000] {logging_mixin.py:150} INFO - [2025-04-04T16:01:15.549+0000] {dagbag.py:541} INFO - Filling up the DagBag from /workspaces/hands-on-introduction-data-engineering-4395021/airflow/dags/two_task_dag.py
[2025-04-04T16:01:15.559+0000] {processor.py:836} INFO - DAG(s) dict_keys(['two_task_dag']) retrieved from /workspaces/hands-on-introduction-data-engineering-4395021/airflow/dags/two_task_dag.py
[2025-04-04T16:01:15.576+0000] {logging_mixin.py:150} INFO - [2025-04-04T16:01:15.576+0000] {dag.py:2742} INFO - Sync 1 DAGs
[2025-04-04T16:01:15.590+0000] {logging_mixin.py:150} INFO - [2025-04-04T16:01:15.589+0000] {dag.py:3504} INFO - Setting next_dagrun for two_task_dag to None, run_after=None
[2025-04-04T16:01:15.603+0000] {processor.py:179} INFO - Processing /workspaces/hands-on-introduction-data-engineering-4395021/airflow/dags/two_task_dag.py took 0.057 seconds
[2025-04-04T16:01:45.717+0000] {processor.py:157} INFO - Started process (PID=51960) to work on /workspaces/hands-on-introduction-data-engineering-4395021/airflow/dags/two_task_dag.py
[2025-04-04T16:01:45.718+0000] {processor.py:826} INFO - Processing file /workspaces/hands-on-introduction-data-engineering-4395021/airflow/dags/two_task_dag.py for tasks to queue
[2025-04-04T16:01:45.718+0000] {logging_mixin.py:150} INFO - [2025-04-04T16:01:45.718+0000] {dagbag.py:541} INFO - Filling up the DagBag from /workspaces/hands-on-introduction-data-engineering-4395021/airflow/dags/two_task_dag.py
[2025-04-04T16:01:45.727+0000] {processor.py:836} INFO - DAG(s) dict_keys(['two_task_dag']) retrieved from /workspaces/hands-on-introduction-data-engineering-4395021/airflow/dags/two_task_dag.py
[2025-04-04T16:01:45.745+0000] {logging_mixin.py:150} INFO - [2025-04-04T16:01:45.745+0000] {dag.py:2742} INFO - Sync 1 DAGs
[2025-04-04T16:01:45.759+0000] {logging_mixin.py:150} INFO - [2025-04-04T16:01:45.759+0000] {dag.py:3504} INFO - Setting next_dagrun for two_task_dag to None, run_after=None
[2025-04-04T16:01:45.772+0000] {processor.py:179} INFO - Processing /workspaces/hands-on-introduction-data-engineering-4395021/airflow/dags/two_task_dag.py took 0.058 seconds
[2025-04-04T16:02:15.937+0000] {processor.py:157} INFO - Started process (PID=52136) to work on /workspaces/hands-on-introduction-data-engineering-4395021/airflow/dags/two_task_dag.py
[2025-04-04T16:02:15.937+0000] {processor.py:826} INFO - Processing file /workspaces/hands-on-introduction-data-engineering-4395021/airflow/dags/two_task_dag.py for tasks to queue
[2025-04-04T16:02:15.938+0000] {logging_mixin.py:150} INFO - [2025-04-04T16:02:15.938+0000] {dagbag.py:541} INFO - Filling up the DagBag from /workspaces/hands-on-introduction-data-engineering-4395021/airflow/dags/two_task_dag.py
[2025-04-04T16:02:15.947+0000] {processor.py:836} INFO - DAG(s) dict_keys(['two_task_dag']) retrieved from /workspaces/hands-on-introduction-data-engineering-4395021/airflow/dags/two_task_dag.py
[2025-04-04T16:02:15.964+0000] {logging_mixin.py:150} INFO - [2025-04-04T16:02:15.964+0000] {dag.py:2742} INFO - Sync 1 DAGs
[2025-04-04T16:02:15.978+0000] {logging_mixin.py:150} INFO - [2025-04-04T16:02:15.978+0000] {dag.py:3504} INFO - Setting next_dagrun for two_task_dag to None, run_after=None
[2025-04-04T16:02:15.991+0000] {processor.py:179} INFO - Processing /workspaces/hands-on-introduction-data-engineering-4395021/airflow/dags/two_task_dag.py took 0.057 seconds
[2025-04-04T16:02:46.104+0000] {processor.py:157} INFO - Started process (PID=52306) to work on /workspaces/hands-on-introduction-data-engineering-4395021/airflow/dags/two_task_dag.py
[2025-04-04T16:02:46.105+0000] {processor.py:826} INFO - Processing file /workspaces/hands-on-introduction-data-engineering-4395021/airflow/dags/two_task_dag.py for tasks to queue
[2025-04-04T16:02:46.106+0000] {logging_mixin.py:150} INFO - [2025-04-04T16:02:46.106+0000] {dagbag.py:541} INFO - Filling up the DagBag from /workspaces/hands-on-introduction-data-engineering-4395021/airflow/dags/two_task_dag.py
[2025-04-04T16:02:46.114+0000] {processor.py:836} INFO - DAG(s) dict_keys(['two_task_dag']) retrieved from /workspaces/hands-on-introduction-data-engineering-4395021/airflow/dags/two_task_dag.py
[2025-04-04T16:02:46.131+0000] {logging_mixin.py:150} INFO - [2025-04-04T16:02:46.131+0000] {dag.py:2742} INFO - Sync 1 DAGs
[2025-04-04T16:02:46.145+0000] {logging_mixin.py:150} INFO - [2025-04-04T16:02:46.145+0000] {dag.py:3504} INFO - Setting next_dagrun for two_task_dag to None, run_after=None
[2025-04-04T16:02:46.161+0000] {processor.py:179} INFO - Processing /workspaces/hands-on-introduction-data-engineering-4395021/airflow/dags/two_task_dag.py took 0.059 seconds
[2025-04-04T16:03:16.297+0000] {processor.py:157} INFO - Started process (PID=52482) to work on /workspaces/hands-on-introduction-data-engineering-4395021/airflow/dags/two_task_dag.py
[2025-04-04T16:03:16.298+0000] {processor.py:826} INFO - Processing file /workspaces/hands-on-introduction-data-engineering-4395021/airflow/dags/two_task_dag.py for tasks to queue
[2025-04-04T16:03:16.299+0000] {logging_mixin.py:150} INFO - [2025-04-04T16:03:16.298+0000] {dagbag.py:541} INFO - Filling up the DagBag from /workspaces/hands-on-introduction-data-engineering-4395021/airflow/dags/two_task_dag.py
[2025-04-04T16:03:16.307+0000] {processor.py:836} INFO - DAG(s) dict_keys(['two_task_dag']) retrieved from /workspaces/hands-on-introduction-data-engineering-4395021/airflow/dags/two_task_dag.py
[2025-04-04T16:03:16.325+0000] {logging_mixin.py:150} INFO - [2025-04-04T16:03:16.324+0000] {dag.py:2742} INFO - Sync 1 DAGs
[2025-04-04T16:03:16.338+0000] {logging_mixin.py:150} INFO - [2025-04-04T16:03:16.338+0000] {dag.py:3504} INFO - Setting next_dagrun for two_task_dag to None, run_after=None
[2025-04-04T16:03:16.352+0000] {processor.py:179} INFO - Processing /workspaces/hands-on-introduction-data-engineering-4395021/airflow/dags/two_task_dag.py took 0.058 seconds
[2025-04-04T16:03:46.483+0000] {processor.py:157} INFO - Started process (PID=52658) to work on /workspaces/hands-on-introduction-data-engineering-4395021/airflow/dags/two_task_dag.py
[2025-04-04T16:03:46.483+0000] {processor.py:826} INFO - Processing file /workspaces/hands-on-introduction-data-engineering-4395021/airflow/dags/two_task_dag.py for tasks to queue
[2025-04-04T16:03:46.484+0000] {logging_mixin.py:150} INFO - [2025-04-04T16:03:46.484+0000] {dagbag.py:541} INFO - Filling up the DagBag from /workspaces/hands-on-introduction-data-engineering-4395021/airflow/dags/two_task_dag.py
[2025-04-04T16:03:46.493+0000] {processor.py:836} INFO - DAG(s) dict_keys(['two_task_dag']) retrieved from /workspaces/hands-on-introduction-data-engineering-4395021/airflow/dags/two_task_dag.py
[2025-04-04T16:03:46.510+0000] {logging_mixin.py:150} INFO - [2025-04-04T16:03:46.510+0000] {dag.py:2742} INFO - Sync 1 DAGs
[2025-04-04T16:03:46.524+0000] {logging_mixin.py:150} INFO - [2025-04-04T16:03:46.524+0000] {dag.py:3504} INFO - Setting next_dagrun for two_task_dag to None, run_after=None
[2025-04-04T16:03:46.538+0000] {processor.py:179} INFO - Processing /workspaces/hands-on-introduction-data-engineering-4395021/airflow/dags/two_task_dag.py took 0.058 seconds
[2025-04-04T16:04:16.684+0000] {processor.py:157} INFO - Started process (PID=52822) to work on /workspaces/hands-on-introduction-data-engineering-4395021/airflow/dags/two_task_dag.py
[2025-04-04T16:04:16.685+0000] {processor.py:826} INFO - Processing file /workspaces/hands-on-introduction-data-engineering-4395021/airflow/dags/two_task_dag.py for tasks to queue
[2025-04-04T16:04:16.685+0000] {logging_mixin.py:150} INFO - [2025-04-04T16:04:16.685+0000] {dagbag.py:541} INFO - Filling up the DagBag from /workspaces/hands-on-introduction-data-engineering-4395021/airflow/dags/two_task_dag.py
[2025-04-04T16:04:16.694+0000] {processor.py:836} INFO - DAG(s) dict_keys(['two_task_dag']) retrieved from /workspaces/hands-on-introduction-data-engineering-4395021/airflow/dags/two_task_dag.py
[2025-04-04T16:04:16.711+0000] {logging_mixin.py:150} INFO - [2025-04-04T16:04:16.711+0000] {dag.py:2742} INFO - Sync 1 DAGs
[2025-04-04T16:04:16.726+0000] {logging_mixin.py:150} INFO - [2025-04-04T16:04:16.726+0000] {dag.py:3504} INFO - Setting next_dagrun for two_task_dag to None, run_after=None
[2025-04-04T16:04:16.740+0000] {processor.py:179} INFO - Processing /workspaces/hands-on-introduction-data-engineering-4395021/airflow/dags/two_task_dag.py took 0.058 seconds
[2025-04-04T16:04:46.846+0000] {processor.py:157} INFO - Started process (PID=52999) to work on /workspaces/hands-on-introduction-data-engineering-4395021/airflow/dags/two_task_dag.py
[2025-04-04T16:04:46.846+0000] {processor.py:826} INFO - Processing file /workspaces/hands-on-introduction-data-engineering-4395021/airflow/dags/two_task_dag.py for tasks to queue
[2025-04-04T16:04:46.847+0000] {logging_mixin.py:150} INFO - [2025-04-04T16:04:46.847+0000] {dagbag.py:541} INFO - Filling up the DagBag from /workspaces/hands-on-introduction-data-engineering-4395021/airflow/dags/two_task_dag.py
[2025-04-04T16:04:46.856+0000] {processor.py:836} INFO - DAG(s) dict_keys(['two_task_dag']) retrieved from /workspaces/hands-on-introduction-data-engineering-4395021/airflow/dags/two_task_dag.py
[2025-04-04T16:04:46.872+0000] {logging_mixin.py:150} INFO - [2025-04-04T16:04:46.872+0000] {dag.py:2742} INFO - Sync 1 DAGs
[2025-04-04T16:04:46.886+0000] {logging_mixin.py:150} INFO - [2025-04-04T16:04:46.886+0000] {dag.py:3504} INFO - Setting next_dagrun for two_task_dag to None, run_after=None
[2025-04-04T16:04:46.899+0000] {processor.py:179} INFO - Processing /workspaces/hands-on-introduction-data-engineering-4395021/airflow/dags/two_task_dag.py took 0.056 seconds
[2025-04-04T16:05:17.024+0000] {processor.py:157} INFO - Started process (PID=53169) to work on /workspaces/hands-on-introduction-data-engineering-4395021/airflow/dags/two_task_dag.py
[2025-04-04T16:05:17.025+0000] {processor.py:826} INFO - Processing file /workspaces/hands-on-introduction-data-engineering-4395021/airflow/dags/two_task_dag.py for tasks to queue
[2025-04-04T16:05:17.025+0000] {logging_mixin.py:150} INFO - [2025-04-04T16:05:17.025+0000] {dagbag.py:541} INFO - Filling up the DagBag from /workspaces/hands-on-introduction-data-engineering-4395021/airflow/dags/two_task_dag.py
[2025-04-04T16:05:17.034+0000] {processor.py:836} INFO - DAG(s) dict_keys(['two_task_dag']) retrieved from /workspaces/hands-on-introduction-data-engineering-4395021/airflow/dags/two_task_dag.py
[2025-04-04T16:05:17.051+0000] {logging_mixin.py:150} INFO - [2025-04-04T16:05:17.051+0000] {dag.py:2742} INFO - Sync 1 DAGs
[2025-04-04T16:05:17.065+0000] {logging_mixin.py:150} INFO - [2025-04-04T16:05:17.065+0000] {dag.py:3504} INFO - Setting next_dagrun for two_task_dag to None, run_after=None
[2025-04-04T16:05:17.078+0000] {processor.py:179} INFO - Processing /workspaces/hands-on-introduction-data-engineering-4395021/airflow/dags/two_task_dag.py took 0.057 seconds
[2025-04-04T16:05:47.185+0000] {processor.py:157} INFO - Started process (PID=53345) to work on /workspaces/hands-on-introduction-data-engineering-4395021/airflow/dags/two_task_dag.py
[2025-04-04T16:05:47.186+0000] {processor.py:826} INFO - Processing file /workspaces/hands-on-introduction-data-engineering-4395021/airflow/dags/two_task_dag.py for tasks to queue
[2025-04-04T16:05:47.187+0000] {logging_mixin.py:150} INFO - [2025-04-04T16:05:47.186+0000] {dagbag.py:541} INFO - Filling up the DagBag from /workspaces/hands-on-introduction-data-engineering-4395021/airflow/dags/two_task_dag.py
[2025-04-04T16:05:47.195+0000] {processor.py:836} INFO - DAG(s) dict_keys(['two_task_dag']) retrieved from /workspaces/hands-on-introduction-data-engineering-4395021/airflow/dags/two_task_dag.py
[2025-04-04T16:05:47.212+0000] {logging_mixin.py:150} INFO - [2025-04-04T16:05:47.212+0000] {dag.py:2742} INFO - Sync 1 DAGs
[2025-04-04T16:05:47.225+0000] {logging_mixin.py:150} INFO - [2025-04-04T16:05:47.225+0000] {dag.py:3504} INFO - Setting next_dagrun for two_task_dag to None, run_after=None
[2025-04-04T16:05:47.240+0000] {processor.py:179} INFO - Processing /workspaces/hands-on-introduction-data-engineering-4395021/airflow/dags/two_task_dag.py took 0.057 seconds
[2025-04-04T16:06:17.371+0000] {processor.py:157} INFO - Started process (PID=53521) to work on /workspaces/hands-on-introduction-data-engineering-4395021/airflow/dags/two_task_dag.py
[2025-04-04T16:06:17.371+0000] {processor.py:826} INFO - Processing file /workspaces/hands-on-introduction-data-engineering-4395021/airflow/dags/two_task_dag.py for tasks to queue
[2025-04-04T16:06:17.372+0000] {logging_mixin.py:150} INFO - [2025-04-04T16:06:17.372+0000] {dagbag.py:541} INFO - Filling up the DagBag from /workspaces/hands-on-introduction-data-engineering-4395021/airflow/dags/two_task_dag.py
[2025-04-04T16:06:17.381+0000] {processor.py:836} INFO - DAG(s) dict_keys(['two_task_dag']) retrieved from /workspaces/hands-on-introduction-data-engineering-4395021/airflow/dags/two_task_dag.py
[2025-04-04T16:06:17.397+0000] {logging_mixin.py:150} INFO - [2025-04-04T16:06:17.397+0000] {dag.py:2742} INFO - Sync 1 DAGs
[2025-04-04T16:06:17.411+0000] {logging_mixin.py:150} INFO - [2025-04-04T16:06:17.410+0000] {dag.py:3504} INFO - Setting next_dagrun for two_task_dag to None, run_after=None
[2025-04-04T16:06:17.423+0000] {processor.py:179} INFO - Processing /workspaces/hands-on-introduction-data-engineering-4395021/airflow/dags/two_task_dag.py took 0.055 seconds
[2025-04-04T16:06:47.561+0000] {processor.py:157} INFO - Started process (PID=53685) to work on /workspaces/hands-on-introduction-data-engineering-4395021/airflow/dags/two_task_dag.py
[2025-04-04T16:06:47.562+0000] {processor.py:826} INFO - Processing file /workspaces/hands-on-introduction-data-engineering-4395021/airflow/dags/two_task_dag.py for tasks to queue
[2025-04-04T16:06:47.562+0000] {logging_mixin.py:150} INFO - [2025-04-04T16:06:47.562+0000] {dagbag.py:541} INFO - Filling up the DagBag from /workspaces/hands-on-introduction-data-engineering-4395021/airflow/dags/two_task_dag.py
[2025-04-04T16:06:47.571+0000] {processor.py:836} INFO - DAG(s) dict_keys(['two_task_dag']) retrieved from /workspaces/hands-on-introduction-data-engineering-4395021/airflow/dags/two_task_dag.py
[2025-04-04T16:06:47.589+0000] {logging_mixin.py:150} INFO - [2025-04-04T16:06:47.589+0000] {dag.py:2742} INFO - Sync 1 DAGs
[2025-04-04T16:06:47.603+0000] {logging_mixin.py:150} INFO - [2025-04-04T16:06:47.603+0000] {dag.py:3504} INFO - Setting next_dagrun for two_task_dag to None, run_after=None
[2025-04-04T16:06:47.616+0000] {processor.py:179} INFO - Processing /workspaces/hands-on-introduction-data-engineering-4395021/airflow/dags/two_task_dag.py took 0.058 seconds
[2025-04-04T16:07:17.746+0000] {processor.py:157} INFO - Started process (PID=53861) to work on /workspaces/hands-on-introduction-data-engineering-4395021/airflow/dags/two_task_dag.py
[2025-04-04T16:07:17.747+0000] {processor.py:826} INFO - Processing file /workspaces/hands-on-introduction-data-engineering-4395021/airflow/dags/two_task_dag.py for tasks to queue
[2025-04-04T16:07:17.748+0000] {logging_mixin.py:150} INFO - [2025-04-04T16:07:17.747+0000] {dagbag.py:541} INFO - Filling up the DagBag from /workspaces/hands-on-introduction-data-engineering-4395021/airflow/dags/two_task_dag.py
[2025-04-04T16:07:17.757+0000] {processor.py:836} INFO - DAG(s) dict_keys(['two_task_dag']) retrieved from /workspaces/hands-on-introduction-data-engineering-4395021/airflow/dags/two_task_dag.py
[2025-04-04T16:07:17.775+0000] {logging_mixin.py:150} INFO - [2025-04-04T16:07:17.775+0000] {dag.py:2742} INFO - Sync 1 DAGs
[2025-04-04T16:07:17.788+0000] {logging_mixin.py:150} INFO - [2025-04-04T16:07:17.788+0000] {dag.py:3504} INFO - Setting next_dagrun for two_task_dag to None, run_after=None
[2025-04-04T16:07:17.802+0000] {processor.py:179} INFO - Processing /workspaces/hands-on-introduction-data-engineering-4395021/airflow/dags/two_task_dag.py took 0.058 seconds
[2025-04-04T16:07:47.930+0000] {processor.py:157} INFO - Started process (PID=54030) to work on /workspaces/hands-on-introduction-data-engineering-4395021/airflow/dags/two_task_dag.py
[2025-04-04T16:07:47.931+0000] {processor.py:826} INFO - Processing file /workspaces/hands-on-introduction-data-engineering-4395021/airflow/dags/two_task_dag.py for tasks to queue
[2025-04-04T16:07:47.931+0000] {logging_mixin.py:150} INFO - [2025-04-04T16:07:47.931+0000] {dagbag.py:541} INFO - Filling up the DagBag from /workspaces/hands-on-introduction-data-engineering-4395021/airflow/dags/two_task_dag.py
[2025-04-04T16:07:47.940+0000] {processor.py:836} INFO - DAG(s) dict_keys(['two_task_dag']) retrieved from /workspaces/hands-on-introduction-data-engineering-4395021/airflow/dags/two_task_dag.py
[2025-04-04T16:07:47.957+0000] {logging_mixin.py:150} INFO - [2025-04-04T16:07:47.956+0000] {dag.py:2742} INFO - Sync 1 DAGs
[2025-04-04T16:07:47.970+0000] {logging_mixin.py:150} INFO - [2025-04-04T16:07:47.970+0000] {dag.py:3504} INFO - Setting next_dagrun for two_task_dag to None, run_after=None
[2025-04-04T16:07:47.984+0000] {processor.py:179} INFO - Processing /workspaces/hands-on-introduction-data-engineering-4395021/airflow/dags/two_task_dag.py took 0.057 seconds
[2025-04-04T16:08:18.114+0000] {processor.py:157} INFO - Started process (PID=54207) to work on /workspaces/hands-on-introduction-data-engineering-4395021/airflow/dags/two_task_dag.py
[2025-04-04T16:08:18.115+0000] {processor.py:826} INFO - Processing file /workspaces/hands-on-introduction-data-engineering-4395021/airflow/dags/two_task_dag.py for tasks to queue
[2025-04-04T16:08:18.116+0000] {logging_mixin.py:150} INFO - [2025-04-04T16:08:18.115+0000] {dagbag.py:541} INFO - Filling up the DagBag from /workspaces/hands-on-introduction-data-engineering-4395021/airflow/dags/two_task_dag.py
[2025-04-04T16:08:18.124+0000] {processor.py:836} INFO - DAG(s) dict_keys(['two_task_dag']) retrieved from /workspaces/hands-on-introduction-data-engineering-4395021/airflow/dags/two_task_dag.py
[2025-04-04T16:08:18.141+0000] {logging_mixin.py:150} INFO - [2025-04-04T16:08:18.141+0000] {dag.py:2742} INFO - Sync 1 DAGs
[2025-04-04T16:08:18.155+0000] {logging_mixin.py:150} INFO - [2025-04-04T16:08:18.155+0000] {dag.py:3504} INFO - Setting next_dagrun for two_task_dag to None, run_after=None
[2025-04-04T16:08:18.168+0000] {processor.py:179} INFO - Processing /workspaces/hands-on-introduction-data-engineering-4395021/airflow/dags/two_task_dag.py took 0.056 seconds
[2025-04-04T16:08:48.300+0000] {processor.py:157} INFO - Started process (PID=54377) to work on /workspaces/hands-on-introduction-data-engineering-4395021/airflow/dags/two_task_dag.py
[2025-04-04T16:08:48.300+0000] {processor.py:826} INFO - Processing file /workspaces/hands-on-introduction-data-engineering-4395021/airflow/dags/two_task_dag.py for tasks to queue
[2025-04-04T16:08:48.301+0000] {logging_mixin.py:150} INFO - [2025-04-04T16:08:48.301+0000] {dagbag.py:541} INFO - Filling up the DagBag from /workspaces/hands-on-introduction-data-engineering-4395021/airflow/dags/two_task_dag.py
[2025-04-04T16:08:48.310+0000] {processor.py:836} INFO - DAG(s) dict_keys(['two_task_dag']) retrieved from /workspaces/hands-on-introduction-data-engineering-4395021/airflow/dags/two_task_dag.py
[2025-04-04T16:08:48.327+0000] {logging_mixin.py:150} INFO - [2025-04-04T16:08:48.327+0000] {dag.py:2742} INFO - Sync 1 DAGs
[2025-04-04T16:08:48.341+0000] {logging_mixin.py:150} INFO - [2025-04-04T16:08:48.340+0000] {dag.py:3504} INFO - Setting next_dagrun for two_task_dag to None, run_after=None
[2025-04-04T16:08:48.354+0000] {processor.py:179} INFO - Processing /workspaces/hands-on-introduction-data-engineering-4395021/airflow/dags/two_task_dag.py took 0.057 seconds
[2025-04-04T16:09:18.485+0000] {processor.py:157} INFO - Started process (PID=54546) to work on /workspaces/hands-on-introduction-data-engineering-4395021/airflow/dags/two_task_dag.py
[2025-04-04T16:09:18.486+0000] {processor.py:826} INFO - Processing file /workspaces/hands-on-introduction-data-engineering-4395021/airflow/dags/two_task_dag.py for tasks to queue
[2025-04-04T16:09:18.486+0000] {logging_mixin.py:150} INFO - [2025-04-04T16:09:18.486+0000] {dagbag.py:541} INFO - Filling up the DagBag from /workspaces/hands-on-introduction-data-engineering-4395021/airflow/dags/two_task_dag.py
[2025-04-04T16:09:18.495+0000] {processor.py:836} INFO - DAG(s) dict_keys(['two_task_dag']) retrieved from /workspaces/hands-on-introduction-data-engineering-4395021/airflow/dags/two_task_dag.py
[2025-04-04T16:09:18.512+0000] {logging_mixin.py:150} INFO - [2025-04-04T16:09:18.512+0000] {dag.py:2742} INFO - Sync 1 DAGs
[2025-04-04T16:09:18.525+0000] {logging_mixin.py:150} INFO - [2025-04-04T16:09:18.525+0000] {dag.py:3504} INFO - Setting next_dagrun for two_task_dag to None, run_after=None
[2025-04-04T16:09:18.539+0000] {processor.py:179} INFO - Processing /workspaces/hands-on-introduction-data-engineering-4395021/airflow/dags/two_task_dag.py took 0.056 seconds
[2025-04-04T16:09:48.670+0000] {processor.py:157} INFO - Started process (PID=54722) to work on /workspaces/hands-on-introduction-data-engineering-4395021/airflow/dags/two_task_dag.py
[2025-04-04T16:09:48.670+0000] {processor.py:826} INFO - Processing file /workspaces/hands-on-introduction-data-engineering-4395021/airflow/dags/two_task_dag.py for tasks to queue
[2025-04-04T16:09:48.671+0000] {logging_mixin.py:150} INFO - [2025-04-04T16:09:48.671+0000] {dagbag.py:541} INFO - Filling up the DagBag from /workspaces/hands-on-introduction-data-engineering-4395021/airflow/dags/two_task_dag.py
[2025-04-04T16:09:48.680+0000] {processor.py:836} INFO - DAG(s) dict_keys(['two_task_dag']) retrieved from /workspaces/hands-on-introduction-data-engineering-4395021/airflow/dags/two_task_dag.py
[2025-04-04T16:09:48.697+0000] {logging_mixin.py:150} INFO - [2025-04-04T16:09:48.697+0000] {dag.py:2742} INFO - Sync 1 DAGs
[2025-04-04T16:09:48.710+0000] {logging_mixin.py:150} INFO - [2025-04-04T16:09:48.710+0000] {dag.py:3504} INFO - Setting next_dagrun for two_task_dag to None, run_after=None
[2025-04-04T16:09:48.723+0000] {processor.py:179} INFO - Processing /workspaces/hands-on-introduction-data-engineering-4395021/airflow/dags/two_task_dag.py took 0.056 seconds
[2025-04-04T16:10:18.856+0000] {processor.py:157} INFO - Started process (PID=54892) to work on /workspaces/hands-on-introduction-data-engineering-4395021/airflow/dags/two_task_dag.py
[2025-04-04T16:10:18.857+0000] {processor.py:826} INFO - Processing file /workspaces/hands-on-introduction-data-engineering-4395021/airflow/dags/two_task_dag.py for tasks to queue
[2025-04-04T16:10:18.858+0000] {logging_mixin.py:150} INFO - [2025-04-04T16:10:18.857+0000] {dagbag.py:541} INFO - Filling up the DagBag from /workspaces/hands-on-introduction-data-engineering-4395021/airflow/dags/two_task_dag.py
[2025-04-04T16:10:18.866+0000] {processor.py:836} INFO - DAG(s) dict_keys(['two_task_dag']) retrieved from /workspaces/hands-on-introduction-data-engineering-4395021/airflow/dags/two_task_dag.py
[2025-04-04T16:10:18.883+0000] {logging_mixin.py:150} INFO - [2025-04-04T16:10:18.883+0000] {dag.py:2742} INFO - Sync 1 DAGs
[2025-04-04T16:10:18.897+0000] {logging_mixin.py:150} INFO - [2025-04-04T16:10:18.897+0000] {dag.py:3504} INFO - Setting next_dagrun for two_task_dag to None, run_after=None
[2025-04-04T16:10:18.910+0000] {processor.py:179} INFO - Processing /workspaces/hands-on-introduction-data-engineering-4395021/airflow/dags/two_task_dag.py took 0.057 seconds
[2025-04-04T16:10:49.041+0000] {processor.py:157} INFO - Started process (PID=55068) to work on /workspaces/hands-on-introduction-data-engineering-4395021/airflow/dags/two_task_dag.py
[2025-04-04T16:10:49.042+0000] {processor.py:826} INFO - Processing file /workspaces/hands-on-introduction-data-engineering-4395021/airflow/dags/two_task_dag.py for tasks to queue
[2025-04-04T16:10:49.043+0000] {logging_mixin.py:150} INFO - [2025-04-04T16:10:49.042+0000] {dagbag.py:541} INFO - Filling up the DagBag from /workspaces/hands-on-introduction-data-engineering-4395021/airflow/dags/two_task_dag.py
[2025-04-04T16:10:49.051+0000] {processor.py:836} INFO - DAG(s) dict_keys(['two_task_dag']) retrieved from /workspaces/hands-on-introduction-data-engineering-4395021/airflow/dags/two_task_dag.py
[2025-04-04T16:10:49.069+0000] {logging_mixin.py:150} INFO - [2025-04-04T16:10:49.069+0000] {dag.py:2742} INFO - Sync 1 DAGs
[2025-04-04T16:10:49.083+0000] {logging_mixin.py:150} INFO - [2025-04-04T16:10:49.083+0000] {dag.py:3504} INFO - Setting next_dagrun for two_task_dag to None, run_after=None
[2025-04-04T16:10:49.097+0000] {processor.py:179} INFO - Processing /workspaces/hands-on-introduction-data-engineering-4395021/airflow/dags/two_task_dag.py took 0.059 seconds
[2025-04-04T16:11:19.229+0000] {processor.py:157} INFO - Started process (PID=55238) to work on /workspaces/hands-on-introduction-data-engineering-4395021/airflow/dags/two_task_dag.py
[2025-04-04T16:11:19.230+0000] {processor.py:826} INFO - Processing file /workspaces/hands-on-introduction-data-engineering-4395021/airflow/dags/two_task_dag.py for tasks to queue
[2025-04-04T16:11:19.231+0000] {logging_mixin.py:150} INFO - [2025-04-04T16:11:19.230+0000] {dagbag.py:541} INFO - Filling up the DagBag from /workspaces/hands-on-introduction-data-engineering-4395021/airflow/dags/two_task_dag.py
[2025-04-04T16:11:19.240+0000] {processor.py:836} INFO - DAG(s) dict_keys(['two_task_dag']) retrieved from /workspaces/hands-on-introduction-data-engineering-4395021/airflow/dags/two_task_dag.py
[2025-04-04T16:11:19.258+0000] {logging_mixin.py:150} INFO - [2025-04-04T16:11:19.258+0000] {dag.py:2742} INFO - Sync 1 DAGs
[2025-04-04T16:11:19.272+0000] {logging_mixin.py:150} INFO - [2025-04-04T16:11:19.272+0000] {dag.py:3504} INFO - Setting next_dagrun for two_task_dag to None, run_after=None
[2025-04-04T16:11:19.285+0000] {processor.py:179} INFO - Processing /workspaces/hands-on-introduction-data-engineering-4395021/airflow/dags/two_task_dag.py took 0.060 seconds
[2025-04-04T16:11:49.427+0000] {processor.py:157} INFO - Started process (PID=55409) to work on /workspaces/hands-on-introduction-data-engineering-4395021/airflow/dags/two_task_dag.py
[2025-04-04T16:11:49.428+0000] {processor.py:826} INFO - Processing file /workspaces/hands-on-introduction-data-engineering-4395021/airflow/dags/two_task_dag.py for tasks to queue
[2025-04-04T16:11:49.428+0000] {logging_mixin.py:150} INFO - [2025-04-04T16:11:49.428+0000] {dagbag.py:541} INFO - Filling up the DagBag from /workspaces/hands-on-introduction-data-engineering-4395021/airflow/dags/two_task_dag.py
[2025-04-04T16:11:49.437+0000] {processor.py:836} INFO - DAG(s) dict_keys(['two_task_dag']) retrieved from /workspaces/hands-on-introduction-data-engineering-4395021/airflow/dags/two_task_dag.py
[2025-04-04T16:11:49.457+0000] {logging_mixin.py:150} INFO - [2025-04-04T16:11:49.457+0000] {dag.py:2742} INFO - Sync 1 DAGs
[2025-04-04T16:11:49.471+0000] {logging_mixin.py:150} INFO - [2025-04-04T16:11:49.471+0000] {dag.py:3504} INFO - Setting next_dagrun for two_task_dag to None, run_after=None
[2025-04-04T16:11:49.484+0000] {processor.py:179} INFO - Processing /workspaces/hands-on-introduction-data-engineering-4395021/airflow/dags/two_task_dag.py took 0.062 seconds
[2025-04-04T16:12:19.621+0000] {processor.py:157} INFO - Started process (PID=55579) to work on /workspaces/hands-on-introduction-data-engineering-4395021/airflow/dags/two_task_dag.py
[2025-04-04T16:12:19.622+0000] {processor.py:826} INFO - Processing file /workspaces/hands-on-introduction-data-engineering-4395021/airflow/dags/two_task_dag.py for tasks to queue
[2025-04-04T16:12:19.623+0000] {logging_mixin.py:150} INFO - [2025-04-04T16:12:19.623+0000] {dagbag.py:541} INFO - Filling up the DagBag from /workspaces/hands-on-introduction-data-engineering-4395021/airflow/dags/two_task_dag.py
[2025-04-04T16:12:19.636+0000] {processor.py:836} INFO - DAG(s) dict_keys(['two_task_dag']) retrieved from /workspaces/hands-on-introduction-data-engineering-4395021/airflow/dags/two_task_dag.py
[2025-04-04T16:12:19.659+0000] {logging_mixin.py:150} INFO - [2025-04-04T16:12:19.659+0000] {dag.py:2742} INFO - Sync 1 DAGs
[2025-04-04T16:12:19.674+0000] {logging_mixin.py:150} INFO - [2025-04-04T16:12:19.673+0000] {dag.py:3504} INFO - Setting next_dagrun for two_task_dag to None, run_after=None
[2025-04-04T16:12:19.698+0000] {processor.py:179} INFO - Processing /workspaces/hands-on-introduction-data-engineering-4395021/airflow/dags/two_task_dag.py took 0.080 seconds
[2025-04-04T16:12:49.826+0000] {processor.py:157} INFO - Started process (PID=55754) to work on /workspaces/hands-on-introduction-data-engineering-4395021/airflow/dags/two_task_dag.py
[2025-04-04T16:12:49.826+0000] {processor.py:826} INFO - Processing file /workspaces/hands-on-introduction-data-engineering-4395021/airflow/dags/two_task_dag.py for tasks to queue
[2025-04-04T16:12:49.827+0000] {logging_mixin.py:150} INFO - [2025-04-04T16:12:49.827+0000] {dagbag.py:541} INFO - Filling up the DagBag from /workspaces/hands-on-introduction-data-engineering-4395021/airflow/dags/two_task_dag.py
[2025-04-04T16:12:49.835+0000] {processor.py:836} INFO - DAG(s) dict_keys(['two_task_dag']) retrieved from /workspaces/hands-on-introduction-data-engineering-4395021/airflow/dags/two_task_dag.py
[2025-04-04T16:12:49.853+0000] {logging_mixin.py:150} INFO - [2025-04-04T16:12:49.852+0000] {dag.py:2742} INFO - Sync 1 DAGs
[2025-04-04T16:12:49.866+0000] {logging_mixin.py:150} INFO - [2025-04-04T16:12:49.866+0000] {dag.py:3504} INFO - Setting next_dagrun for two_task_dag to None, run_after=None
[2025-04-04T16:12:49.880+0000] {processor.py:179} INFO - Processing /workspaces/hands-on-introduction-data-engineering-4395021/airflow/dags/two_task_dag.py took 0.057 seconds
[2025-04-04T16:13:20.014+0000] {processor.py:157} INFO - Started process (PID=55930) to work on /workspaces/hands-on-introduction-data-engineering-4395021/airflow/dags/two_task_dag.py
[2025-04-04T16:13:20.015+0000] {processor.py:826} INFO - Processing file /workspaces/hands-on-introduction-data-engineering-4395021/airflow/dags/two_task_dag.py for tasks to queue
[2025-04-04T16:13:20.016+0000] {logging_mixin.py:150} INFO - [2025-04-04T16:13:20.015+0000] {dagbag.py:541} INFO - Filling up the DagBag from /workspaces/hands-on-introduction-data-engineering-4395021/airflow/dags/two_task_dag.py
[2025-04-04T16:13:20.024+0000] {processor.py:836} INFO - DAG(s) dict_keys(['two_task_dag']) retrieved from /workspaces/hands-on-introduction-data-engineering-4395021/airflow/dags/two_task_dag.py
[2025-04-04T16:13:20.041+0000] {logging_mixin.py:150} INFO - [2025-04-04T16:13:20.040+0000] {dag.py:2742} INFO - Sync 1 DAGs
[2025-04-04T16:13:20.054+0000] {logging_mixin.py:150} INFO - [2025-04-04T16:13:20.054+0000] {dag.py:3504} INFO - Setting next_dagrun for two_task_dag to None, run_after=None
[2025-04-04T16:13:20.068+0000] {processor.py:179} INFO - Processing /workspaces/hands-on-introduction-data-engineering-4395021/airflow/dags/two_task_dag.py took 0.057 seconds
[2025-04-04T16:13:50.214+0000] {processor.py:157} INFO - Started process (PID=56100) to work on /workspaces/hands-on-introduction-data-engineering-4395021/airflow/dags/two_task_dag.py
[2025-04-04T16:13:50.215+0000] {processor.py:826} INFO - Processing file /workspaces/hands-on-introduction-data-engineering-4395021/airflow/dags/two_task_dag.py for tasks to queue
[2025-04-04T16:13:50.216+0000] {logging_mixin.py:150} INFO - [2025-04-04T16:13:50.215+0000] {dagbag.py:541} INFO - Filling up the DagBag from /workspaces/hands-on-introduction-data-engineering-4395021/airflow/dags/two_task_dag.py
[2025-04-04T16:13:50.224+0000] {processor.py:836} INFO - DAG(s) dict_keys(['two_task_dag']) retrieved from /workspaces/hands-on-introduction-data-engineering-4395021/airflow/dags/two_task_dag.py
[2025-04-04T16:13:50.242+0000] {logging_mixin.py:150} INFO - [2025-04-04T16:13:50.241+0000] {dag.py:2742} INFO - Sync 1 DAGs
[2025-04-04T16:13:50.256+0000] {logging_mixin.py:150} INFO - [2025-04-04T16:13:50.256+0000] {dag.py:3504} INFO - Setting next_dagrun for two_task_dag to None, run_after=None
[2025-04-04T16:13:50.269+0000] {processor.py:179} INFO - Processing /workspaces/hands-on-introduction-data-engineering-4395021/airflow/dags/two_task_dag.py took 0.059 seconds
[2025-04-04T16:14:20.399+0000] {processor.py:157} INFO - Started process (PID=56270) to work on /workspaces/hands-on-introduction-data-engineering-4395021/airflow/dags/two_task_dag.py
[2025-04-04T16:14:20.399+0000] {processor.py:826} INFO - Processing file /workspaces/hands-on-introduction-data-engineering-4395021/airflow/dags/two_task_dag.py for tasks to queue
[2025-04-04T16:14:20.400+0000] {logging_mixin.py:150} INFO - [2025-04-04T16:14:20.400+0000] {dagbag.py:541} INFO - Filling up the DagBag from /workspaces/hands-on-introduction-data-engineering-4395021/airflow/dags/two_task_dag.py
[2025-04-04T16:14:20.409+0000] {processor.py:836} INFO - DAG(s) dict_keys(['two_task_dag']) retrieved from /workspaces/hands-on-introduction-data-engineering-4395021/airflow/dags/two_task_dag.py
[2025-04-04T16:14:20.426+0000] {logging_mixin.py:150} INFO - [2025-04-04T16:14:20.426+0000] {dag.py:2742} INFO - Sync 1 DAGs
[2025-04-04T16:14:20.439+0000] {logging_mixin.py:150} INFO - [2025-04-04T16:14:20.439+0000] {dag.py:3504} INFO - Setting next_dagrun for two_task_dag to None, run_after=None
[2025-04-04T16:14:20.453+0000] {processor.py:179} INFO - Processing /workspaces/hands-on-introduction-data-engineering-4395021/airflow/dags/two_task_dag.py took 0.057 seconds
[2025-04-04T16:14:50.590+0000] {processor.py:157} INFO - Started process (PID=56440) to work on /workspaces/hands-on-introduction-data-engineering-4395021/airflow/dags/two_task_dag.py
[2025-04-04T16:14:50.591+0000] {processor.py:826} INFO - Processing file /workspaces/hands-on-introduction-data-engineering-4395021/airflow/dags/two_task_dag.py for tasks to queue
[2025-04-04T16:14:50.591+0000] {logging_mixin.py:150} INFO - [2025-04-04T16:14:50.591+0000] {dagbag.py:541} INFO - Filling up the DagBag from /workspaces/hands-on-introduction-data-engineering-4395021/airflow/dags/two_task_dag.py
[2025-04-04T16:14:50.600+0000] {processor.py:836} INFO - DAG(s) dict_keys(['two_task_dag']) retrieved from /workspaces/hands-on-introduction-data-engineering-4395021/airflow/dags/two_task_dag.py
[2025-04-04T16:14:50.617+0000] {logging_mixin.py:150} INFO - [2025-04-04T16:14:50.617+0000] {dag.py:2742} INFO - Sync 1 DAGs
[2025-04-04T16:14:50.632+0000] {logging_mixin.py:150} INFO - [2025-04-04T16:14:50.632+0000] {dag.py:3504} INFO - Setting next_dagrun for two_task_dag to None, run_after=None
[2025-04-04T16:14:50.646+0000] {processor.py:179} INFO - Processing /workspaces/hands-on-introduction-data-engineering-4395021/airflow/dags/two_task_dag.py took 0.058 seconds
[2025-04-04T16:15:20.775+0000] {processor.py:157} INFO - Started process (PID=56615) to work on /workspaces/hands-on-introduction-data-engineering-4395021/airflow/dags/two_task_dag.py
[2025-04-04T16:15:20.775+0000] {processor.py:826} INFO - Processing file /workspaces/hands-on-introduction-data-engineering-4395021/airflow/dags/two_task_dag.py for tasks to queue
[2025-04-04T16:15:20.776+0000] {logging_mixin.py:150} INFO - [2025-04-04T16:15:20.776+0000] {dagbag.py:541} INFO - Filling up the DagBag from /workspaces/hands-on-introduction-data-engineering-4395021/airflow/dags/two_task_dag.py
[2025-04-04T16:15:20.785+0000] {processor.py:836} INFO - DAG(s) dict_keys(['two_task_dag']) retrieved from /workspaces/hands-on-introduction-data-engineering-4395021/airflow/dags/two_task_dag.py
[2025-04-04T16:15:20.802+0000] {logging_mixin.py:150} INFO - [2025-04-04T16:15:20.802+0000] {dag.py:2742} INFO - Sync 1 DAGs
[2025-04-04T16:15:20.816+0000] {logging_mixin.py:150} INFO - [2025-04-04T16:15:20.816+0000] {dag.py:3504} INFO - Setting next_dagrun for two_task_dag to None, run_after=None
[2025-04-04T16:15:20.829+0000] {processor.py:179} INFO - Processing /workspaces/hands-on-introduction-data-engineering-4395021/airflow/dags/two_task_dag.py took 0.057 seconds
[2025-04-04T16:15:50.958+0000] {processor.py:157} INFO - Started process (PID=56791) to work on /workspaces/hands-on-introduction-data-engineering-4395021/airflow/dags/two_task_dag.py
[2025-04-04T16:15:50.959+0000] {processor.py:826} INFO - Processing file /workspaces/hands-on-introduction-data-engineering-4395021/airflow/dags/two_task_dag.py for tasks to queue
[2025-04-04T16:15:50.959+0000] {logging_mixin.py:150} INFO - [2025-04-04T16:15:50.959+0000] {dagbag.py:541} INFO - Filling up the DagBag from /workspaces/hands-on-introduction-data-engineering-4395021/airflow/dags/two_task_dag.py
[2025-04-04T16:15:50.968+0000] {processor.py:836} INFO - DAG(s) dict_keys(['two_task_dag']) retrieved from /workspaces/hands-on-introduction-data-engineering-4395021/airflow/dags/two_task_dag.py
[2025-04-04T16:15:50.985+0000] {logging_mixin.py:150} INFO - [2025-04-04T16:15:50.984+0000] {dag.py:2742} INFO - Sync 1 DAGs
[2025-04-04T16:15:50.998+0000] {logging_mixin.py:150} INFO - [2025-04-04T16:15:50.998+0000] {dag.py:3504} INFO - Setting next_dagrun for two_task_dag to None, run_after=None
[2025-04-04T16:15:51.013+0000] {processor.py:179} INFO - Processing /workspaces/hands-on-introduction-data-engineering-4395021/airflow/dags/two_task_dag.py took 0.057 seconds
[2025-04-04T16:16:21.155+0000] {processor.py:157} INFO - Started process (PID=56961) to work on /workspaces/hands-on-introduction-data-engineering-4395021/airflow/dags/two_task_dag.py
[2025-04-04T16:16:21.155+0000] {processor.py:826} INFO - Processing file /workspaces/hands-on-introduction-data-engineering-4395021/airflow/dags/two_task_dag.py for tasks to queue
[2025-04-04T16:16:21.156+0000] {logging_mixin.py:150} INFO - [2025-04-04T16:16:21.156+0000] {dagbag.py:541} INFO - Filling up the DagBag from /workspaces/hands-on-introduction-data-engineering-4395021/airflow/dags/two_task_dag.py
[2025-04-04T16:16:21.165+0000] {processor.py:836} INFO - DAG(s) dict_keys(['two_task_dag']) retrieved from /workspaces/hands-on-introduction-data-engineering-4395021/airflow/dags/two_task_dag.py
[2025-04-04T16:16:21.182+0000] {logging_mixin.py:150} INFO - [2025-04-04T16:16:21.182+0000] {dag.py:2742} INFO - Sync 1 DAGs
[2025-04-04T16:16:21.196+0000] {logging_mixin.py:150} INFO - [2025-04-04T16:16:21.196+0000] {dag.py:3504} INFO - Setting next_dagrun for two_task_dag to None, run_after=None
[2025-04-04T16:16:21.209+0000] {processor.py:179} INFO - Processing /workspaces/hands-on-introduction-data-engineering-4395021/airflow/dags/two_task_dag.py took 0.057 seconds
[2025-04-04T16:16:51.341+0000] {processor.py:157} INFO - Started process (PID=57130) to work on /workspaces/hands-on-introduction-data-engineering-4395021/airflow/dags/two_task_dag.py
[2025-04-04T16:16:51.342+0000] {processor.py:826} INFO - Processing file /workspaces/hands-on-introduction-data-engineering-4395021/airflow/dags/two_task_dag.py for tasks to queue
[2025-04-04T16:16:51.342+0000] {logging_mixin.py:150} INFO - [2025-04-04T16:16:51.342+0000] {dagbag.py:541} INFO - Filling up the DagBag from /workspaces/hands-on-introduction-data-engineering-4395021/airflow/dags/two_task_dag.py
[2025-04-04T16:16:51.351+0000] {processor.py:836} INFO - DAG(s) dict_keys(['two_task_dag']) retrieved from /workspaces/hands-on-introduction-data-engineering-4395021/airflow/dags/two_task_dag.py
[2025-04-04T16:16:51.368+0000] {logging_mixin.py:150} INFO - [2025-04-04T16:16:51.368+0000] {dag.py:2742} INFO - Sync 1 DAGs
[2025-04-04T16:16:51.384+0000] {logging_mixin.py:150} INFO - [2025-04-04T16:16:51.384+0000] {dag.py:3504} INFO - Setting next_dagrun for two_task_dag to None, run_after=None
[2025-04-04T16:16:51.404+0000] {processor.py:179} INFO - Processing /workspaces/hands-on-introduction-data-engineering-4395021/airflow/dags/two_task_dag.py took 0.065 seconds
[2025-04-04T16:17:21.525+0000] {processor.py:157} INFO - Started process (PID=57300) to work on /workspaces/hands-on-introduction-data-engineering-4395021/airflow/dags/two_task_dag.py
[2025-04-04T16:17:21.526+0000] {processor.py:826} INFO - Processing file /workspaces/hands-on-introduction-data-engineering-4395021/airflow/dags/two_task_dag.py for tasks to queue
[2025-04-04T16:17:21.526+0000] {logging_mixin.py:150} INFO - [2025-04-04T16:17:21.526+0000] {dagbag.py:541} INFO - Filling up the DagBag from /workspaces/hands-on-introduction-data-engineering-4395021/airflow/dags/two_task_dag.py
[2025-04-04T16:17:21.535+0000] {processor.py:836} INFO - DAG(s) dict_keys(['two_task_dag']) retrieved from /workspaces/hands-on-introduction-data-engineering-4395021/airflow/dags/two_task_dag.py
[2025-04-04T16:17:21.553+0000] {logging_mixin.py:150} INFO - [2025-04-04T16:17:21.553+0000] {dag.py:2742} INFO - Sync 1 DAGs
[2025-04-04T16:17:21.567+0000] {logging_mixin.py:150} INFO - [2025-04-04T16:17:21.567+0000] {dag.py:3504} INFO - Setting next_dagrun for two_task_dag to None, run_after=None
[2025-04-04T16:17:21.581+0000] {processor.py:179} INFO - Processing /workspaces/hands-on-introduction-data-engineering-4395021/airflow/dags/two_task_dag.py took 0.059 seconds
[2025-04-04T16:17:51.709+0000] {processor.py:157} INFO - Started process (PID=57475) to work on /workspaces/hands-on-introduction-data-engineering-4395021/airflow/dags/two_task_dag.py
[2025-04-04T16:17:51.710+0000] {processor.py:826} INFO - Processing file /workspaces/hands-on-introduction-data-engineering-4395021/airflow/dags/two_task_dag.py for tasks to queue
[2025-04-04T16:17:51.711+0000] {logging_mixin.py:150} INFO - [2025-04-04T16:17:51.710+0000] {dagbag.py:541} INFO - Filling up the DagBag from /workspaces/hands-on-introduction-data-engineering-4395021/airflow/dags/two_task_dag.py
[2025-04-04T16:17:51.719+0000] {processor.py:836} INFO - DAG(s) dict_keys(['two_task_dag']) retrieved from /workspaces/hands-on-introduction-data-engineering-4395021/airflow/dags/two_task_dag.py
[2025-04-04T16:17:51.736+0000] {logging_mixin.py:150} INFO - [2025-04-04T16:17:51.736+0000] {dag.py:2742} INFO - Sync 1 DAGs
[2025-04-04T16:17:51.750+0000] {logging_mixin.py:150} INFO - [2025-04-04T16:17:51.750+0000] {dag.py:3504} INFO - Setting next_dagrun for two_task_dag to None, run_after=None
[2025-04-04T16:17:51.763+0000] {processor.py:179} INFO - Processing /workspaces/hands-on-introduction-data-engineering-4395021/airflow/dags/two_task_dag.py took 0.056 seconds
[2025-04-04T16:18:21.895+0000] {processor.py:157} INFO - Started process (PID=57645) to work on /workspaces/hands-on-introduction-data-engineering-4395021/airflow/dags/two_task_dag.py
[2025-04-04T16:18:21.896+0000] {processor.py:826} INFO - Processing file /workspaces/hands-on-introduction-data-engineering-4395021/airflow/dags/two_task_dag.py for tasks to queue
[2025-04-04T16:18:21.896+0000] {logging_mixin.py:150} INFO - [2025-04-04T16:18:21.896+0000] {dagbag.py:541} INFO - Filling up the DagBag from /workspaces/hands-on-introduction-data-engineering-4395021/airflow/dags/two_task_dag.py
[2025-04-04T16:18:21.905+0000] {processor.py:836} INFO - DAG(s) dict_keys(['two_task_dag']) retrieved from /workspaces/hands-on-introduction-data-engineering-4395021/airflow/dags/two_task_dag.py
[2025-04-04T16:18:21.923+0000] {logging_mixin.py:150} INFO - [2025-04-04T16:18:21.922+0000] {dag.py:2742} INFO - Sync 1 DAGs
[2025-04-04T16:18:21.936+0000] {logging_mixin.py:150} INFO - [2025-04-04T16:18:21.936+0000] {dag.py:3504} INFO - Setting next_dagrun for two_task_dag to None, run_after=None
[2025-04-04T16:18:21.953+0000] {processor.py:179} INFO - Processing /workspaces/hands-on-introduction-data-engineering-4395021/airflow/dags/two_task_dag.py took 0.061 seconds
[2025-04-04T16:18:52.086+0000] {processor.py:157} INFO - Started process (PID=57822) to work on /workspaces/hands-on-introduction-data-engineering-4395021/airflow/dags/two_task_dag.py
[2025-04-04T16:18:52.086+0000] {processor.py:826} INFO - Processing file /workspaces/hands-on-introduction-data-engineering-4395021/airflow/dags/two_task_dag.py for tasks to queue
[2025-04-04T16:18:52.087+0000] {logging_mixin.py:150} INFO - [2025-04-04T16:18:52.087+0000] {dagbag.py:541} INFO - Filling up the DagBag from /workspaces/hands-on-introduction-data-engineering-4395021/airflow/dags/two_task_dag.py
[2025-04-04T16:18:52.096+0000] {processor.py:836} INFO - DAG(s) dict_keys(['two_task_dag']) retrieved from /workspaces/hands-on-introduction-data-engineering-4395021/airflow/dags/two_task_dag.py
[2025-04-04T16:18:52.112+0000] {logging_mixin.py:150} INFO - [2025-04-04T16:18:52.112+0000] {dag.py:2742} INFO - Sync 1 DAGs
[2025-04-04T16:18:52.126+0000] {logging_mixin.py:150} INFO - [2025-04-04T16:18:52.125+0000] {dag.py:3504} INFO - Setting next_dagrun for two_task_dag to None, run_after=None
[2025-04-04T16:18:52.139+0000] {processor.py:179} INFO - Processing /workspaces/hands-on-introduction-data-engineering-4395021/airflow/dags/two_task_dag.py took 0.056 seconds
[2025-04-04T16:19:22.275+0000] {processor.py:157} INFO - Started process (PID=57993) to work on /workspaces/hands-on-introduction-data-engineering-4395021/airflow/dags/two_task_dag.py
[2025-04-04T16:19:22.276+0000] {processor.py:826} INFO - Processing file /workspaces/hands-on-introduction-data-engineering-4395021/airflow/dags/two_task_dag.py for tasks to queue
[2025-04-04T16:19:22.277+0000] {logging_mixin.py:150} INFO - [2025-04-04T16:19:22.276+0000] {dagbag.py:541} INFO - Filling up the DagBag from /workspaces/hands-on-introduction-data-engineering-4395021/airflow/dags/two_task_dag.py
[2025-04-04T16:19:22.289+0000] {processor.py:836} INFO - DAG(s) dict_keys(['two_task_dag']) retrieved from /workspaces/hands-on-introduction-data-engineering-4395021/airflow/dags/two_task_dag.py
[2025-04-04T16:19:22.310+0000] {logging_mixin.py:150} INFO - [2025-04-04T16:19:22.310+0000] {dag.py:2742} INFO - Sync 1 DAGs
[2025-04-04T16:19:22.324+0000] {logging_mixin.py:150} INFO - [2025-04-04T16:19:22.324+0000] {dag.py:3504} INFO - Setting next_dagrun for two_task_dag to None, run_after=None
[2025-04-04T16:19:22.337+0000] {processor.py:179} INFO - Processing /workspaces/hands-on-introduction-data-engineering-4395021/airflow/dags/two_task_dag.py took 0.065 seconds
[2025-04-04T16:19:52.459+0000] {processor.py:157} INFO - Started process (PID=58162) to work on /workspaces/hands-on-introduction-data-engineering-4395021/airflow/dags/two_task_dag.py
[2025-04-04T16:19:52.460+0000] {processor.py:826} INFO - Processing file /workspaces/hands-on-introduction-data-engineering-4395021/airflow/dags/two_task_dag.py for tasks to queue
[2025-04-04T16:19:52.460+0000] {logging_mixin.py:150} INFO - [2025-04-04T16:19:52.460+0000] {dagbag.py:541} INFO - Filling up the DagBag from /workspaces/hands-on-introduction-data-engineering-4395021/airflow/dags/two_task_dag.py
[2025-04-04T16:19:52.469+0000] {processor.py:836} INFO - DAG(s) dict_keys(['two_task_dag']) retrieved from /workspaces/hands-on-introduction-data-engineering-4395021/airflow/dags/two_task_dag.py
[2025-04-04T16:19:52.486+0000] {logging_mixin.py:150} INFO - [2025-04-04T16:19:52.486+0000] {dag.py:2742} INFO - Sync 1 DAGs
[2025-04-04T16:19:52.499+0000] {logging_mixin.py:150} INFO - [2025-04-04T16:19:52.499+0000] {dag.py:3504} INFO - Setting next_dagrun for two_task_dag to None, run_after=None
[2025-04-04T16:19:52.512+0000] {processor.py:179} INFO - Processing /workspaces/hands-on-introduction-data-engineering-4395021/airflow/dags/two_task_dag.py took 0.056 seconds
[2025-04-04T16:20:22.643+0000] {processor.py:157} INFO - Started process (PID=58338) to work on /workspaces/hands-on-introduction-data-engineering-4395021/airflow/dags/two_task_dag.py
[2025-04-04T16:20:22.644+0000] {processor.py:826} INFO - Processing file /workspaces/hands-on-introduction-data-engineering-4395021/airflow/dags/two_task_dag.py for tasks to queue
[2025-04-04T16:20:22.645+0000] {logging_mixin.py:150} INFO - [2025-04-04T16:20:22.644+0000] {dagbag.py:541} INFO - Filling up the DagBag from /workspaces/hands-on-introduction-data-engineering-4395021/airflow/dags/two_task_dag.py
[2025-04-04T16:20:22.653+0000] {processor.py:836} INFO - DAG(s) dict_keys(['two_task_dag']) retrieved from /workspaces/hands-on-introduction-data-engineering-4395021/airflow/dags/two_task_dag.py
[2025-04-04T16:20:22.670+0000] {logging_mixin.py:150} INFO - [2025-04-04T16:20:22.670+0000] {dag.py:2742} INFO - Sync 1 DAGs
[2025-04-04T16:20:22.683+0000] {logging_mixin.py:150} INFO - [2025-04-04T16:20:22.683+0000] {dag.py:3504} INFO - Setting next_dagrun for two_task_dag to None, run_after=None
[2025-04-04T16:20:22.697+0000] {processor.py:179} INFO - Processing /workspaces/hands-on-introduction-data-engineering-4395021/airflow/dags/two_task_dag.py took 0.057 seconds
[2025-04-04T16:20:52.828+0000] {processor.py:157} INFO - Started process (PID=58508) to work on /workspaces/hands-on-introduction-data-engineering-4395021/airflow/dags/two_task_dag.py
[2025-04-04T16:20:52.829+0000] {processor.py:826} INFO - Processing file /workspaces/hands-on-introduction-data-engineering-4395021/airflow/dags/two_task_dag.py for tasks to queue
[2025-04-04T16:20:52.830+0000] {logging_mixin.py:150} INFO - [2025-04-04T16:20:52.829+0000] {dagbag.py:541} INFO - Filling up the DagBag from /workspaces/hands-on-introduction-data-engineering-4395021/airflow/dags/two_task_dag.py
[2025-04-04T16:20:52.838+0000] {processor.py:836} INFO - DAG(s) dict_keys(['two_task_dag']) retrieved from /workspaces/hands-on-introduction-data-engineering-4395021/airflow/dags/two_task_dag.py
[2025-04-04T16:20:52.855+0000] {logging_mixin.py:150} INFO - [2025-04-04T16:20:52.855+0000] {dag.py:2742} INFO - Sync 1 DAGs
[2025-04-04T16:20:52.869+0000] {logging_mixin.py:150} INFO - [2025-04-04T16:20:52.868+0000] {dag.py:3504} INFO - Setting next_dagrun for two_task_dag to None, run_after=None
[2025-04-04T16:20:52.882+0000] {processor.py:179} INFO - Processing /workspaces/hands-on-introduction-data-engineering-4395021/airflow/dags/two_task_dag.py took 0.057 seconds
[2025-04-04T16:21:23.012+0000] {processor.py:157} INFO - Started process (PID=58683) to work on /workspaces/hands-on-introduction-data-engineering-4395021/airflow/dags/two_task_dag.py
[2025-04-04T16:21:23.013+0000] {processor.py:826} INFO - Processing file /workspaces/hands-on-introduction-data-engineering-4395021/airflow/dags/two_task_dag.py for tasks to queue
[2025-04-04T16:21:23.014+0000] {logging_mixin.py:150} INFO - [2025-04-04T16:21:23.014+0000] {dagbag.py:541} INFO - Filling up the DagBag from /workspaces/hands-on-introduction-data-engineering-4395021/airflow/dags/two_task_dag.py
[2025-04-04T16:21:23.023+0000] {processor.py:836} INFO - DAG(s) dict_keys(['two_task_dag']) retrieved from /workspaces/hands-on-introduction-data-engineering-4395021/airflow/dags/two_task_dag.py
[2025-04-04T16:21:23.039+0000] {logging_mixin.py:150} INFO - [2025-04-04T16:21:23.039+0000] {dag.py:2742} INFO - Sync 1 DAGs
[2025-04-04T16:21:23.053+0000] {logging_mixin.py:150} INFO - [2025-04-04T16:21:23.053+0000] {dag.py:3504} INFO - Setting next_dagrun for two_task_dag to None, run_after=None
[2025-04-04T16:21:23.067+0000] {processor.py:179} INFO - Processing /workspaces/hands-on-introduction-data-engineering-4395021/airflow/dags/two_task_dag.py took 0.057 seconds
